FirstStructure__c;ClosedYear__c;ClosedDate__c;Closed_Reason__c;Rejected_URP__c;SendExternal__c;SendExternalName__c;ImmediateClosure__c
CHIAMAROMA 060606;2026;01/03/2026;Risolto da Ente Esterno;false;true;AMA;false
POLIZIA LOCALE DI ROMA CAPITALE;2026;01/03/2026;In carico a ente esterno;false;true;POLIZIA LOCALE DI ROMA CAPITALE;false
CHIAMAROMA 060606;2026;01/03/2026;Risolto da Ente Esterno;false;true;AMA;false
CHIAMAROMA 060606;2026;01/03/2026;Risolto da Ente Esterno;false;true;AMA;false
MUNICIPIO I;2026;01/03/2026;Risolto da Ente Esterno;false;true;AMA;false
CHIAMAROMA 060606;2026;01/03/2026;Risolto da Ente Esterno;false;true;AMA;false
CHIAMAROMA 060606;2026;01/03/2026;Risolto da Ente Esterno;false;true;AMA;false
CHIAMAROMA 060606;2026;01/03/2026;Risolto da Ente Esterno;false;true;AMA;false
AMA;2026;01/03/2026;Risolto da Ente Esterno;false;true;AMA;false
CHIAMAROMA 060606;2026;01/03/2026;Risolto da Ente Esterno;false;true;AMA;false
CHIAMAROMA 060606;2026;01/03/2026;Risolto da Ente Esterno;false;true;AMA;false
CHIAMAROMA 060606;2026;01/03/2026;Risolto da Ente Esterno;false;true;AMA;false
CHIAMAROMA 060606;2026;01/03/2026;Risolto da Ente Esterno;false;true;AMA;false
CHIAMAROMA 060606;2026;01/03/2026;Risolto da Ente Esterno;false;true;AMA;false
CHIAMAROMA 060606;2026;01/03/2026;Risolto da Ente Esterno;false;true;AMA;false
CHIAMAROMA 060606;2026;01/03/2026;Risolto da Ente Esterno;false;true;AMA;false
CHIAMAROMA 060606;2026;01/03/2026;Risolto da Ente Esterno;false;true;AMA;false
CHIAMAROMA 060606;2026;01/03/2026;Risolto da Ente Esterno;false;true;AMA;false
CHIAMAROMA 060606;2026;01/03/2026;Risolto da Ente Esterno;false;true;AMA;false
CHIAMAROMA 060606;2026;01/03/2026;Risolto da Ente Esterno;false;true;AMA;false
CHIAMAROMA 060606;2026;01/03/2026;Risolto da Ente Esterno;false;true;AMA;false
CHIAMAROMA 060606;2026;01/03/2026;Risolto da Ente Esterno;false;true;AMA;false
POLIZIA LOCALE DI ROMA CAPITALE;2026;01/03/2026;In carico a ente esterno;false;true;POLIZIA LOCALE DI ROMA CAPITALE;false
CHIAMAROMA 060606;2026;01/03/2026;Risolto da Ente Esterno;false;true;AMA;false
POLIZIA LOCALE DI ROMA CAPITALE;2026;01/03/2026;In carico a ente esterno;false;true;POLIZIA LOCALE DI ROMA CAPITALE;false
POLIZIA LOCALE DI ROMA CAPITALE;2026;01/03/2026;In carico a ente esterno;false;true;POLIZIA LOCALE DI ROMA CAPITALE;false
CHIAMAROMA 060606;2026;01/03/2026;In carico a ente esterno;false;true;POLIZIA LOCALE DI ROMA CAPITALE;true
POLIZIA LOCALE DI ROMA CAPITALE;2026;01/03/2026;In carico a ente esterno;false;true;POLIZIA LOCALE DI ROMA CAPITALE;false
POLIZIA LOCALE DI ROMA CAPITALE;2026;01/03/2026;In carico a ente esterno;false;true;POLIZIA LOCALE DI ROMA CAPITALE;false
POLIZIA LOCALE DI ROMA CAPITALE;2026;01/03/2026;In carico a ente esterno;false;true;POLIZIA LOCALE DI ROMA CAPITALE;false
CHIAMAROMA 060606;2026;01/03/2026;In carico a ente esterno;false;true;POLIZIA LOCALE DI ROMA CAPITALE;true
POLIZIA LOCALE DI ROMA CAPITALE;2026;01/03/2026;In carico a ente esterno;false;true;POLIZIA LOCALE DI ROMA CAPITALE;false
POLIZIA LOCALE DI ROMA CAPITALE;2026;01/03/2026;In carico a ente esterno;false;true;POLIZIA LOCALE DI ROMA CAPITALE;false
POLIZIA LOCALE DI ROMA CAPITALE;2026;01/03/2026;In carico a ente esterno;false;true;POLIZIA LOCALE DI ROMA CAPITALE;false
POLIZIA LOCALE DI ROMA CAPITALE;2026;01/03/2026;In carico a ente esterno;false;true;POLIZIA LOCALE DI ROMA CAPITALE;false
POLIZIA LOCALE DI ROMA CAPITALE;2026;01/03/2026;In carico a ente esterno;false;true;POLIZIA LOCALE DI ROMA CAPITALE;false
CHIAMAROMA 060606;2026;01/03/2026;In carico a ente esterno;false;true;POLIZIA LOCALE DI ROMA CAPITALE;true
CHIAMAROMA 060606;2026;01/03/2026;Risolto da Ente Esterno;false;true;AMA;false
CHIAMAROMA 060606;2026;01/03/2026;Risolto da Ente Esterno;false;true;AMA;false
CHIAMAROMA 060606;2026;01/03/2026;Risolto da Ente Esterno;false;true;AMA;false
CHIAMAROMA 060606;2026;01/03/2026;Risolto da Ente Esterno;false;true;AMA;false
CHIAMAROMA 060606;2026;01/03/2026;In carico a ente esterno;false;true;POLIZIA LOCALE DI ROMA CAPITALE;true
CHIAMAROMA 060606;2026;01/03/2026;Non lavorabile o dati insufficienti;false;false;;false
POLIZIA LOCALE DI ROMA CAPITALE;2026;01/03/2026;In carico a ente esterno;false;true;POLIZIA LOCALE DI ROMA CAPITALE;false
POLIZIA LOCALE DI ROMA CAPITALE;2026;01/03/2026;In carico a ente esterno;false;true;POLIZIA LOCALE DI ROMA CAPITALE;false
CHIAMAROMA 060606;2026;01/03/2026;In carico a ente esterno;false;true;POLIZIA LOCALE DI ROMA CAPITALE;true
POLIZIA LOCALE DI ROMA CAPITALE;2026;01/03/2026;In carico a ente esterno;false;true;POLIZIA LOCALE DI ROMA CAPITALE;false
POLIZIA LOCALE DI ROMA CAPITALE;2026;01/03/2026;In carico a ente esterno;false;true;POLIZIA LOCALE DI ROMA CAPITALE;false
POLIZIA LOCALE DI ROMA CAPITALE;2026;01/03/2026;In carico a ente esterno;false;true;POLIZIA LOCALE DI ROMA CAPITALE;false
POLIZIA LOCALE DI ROMA CAPITALE;2026;01/03/2026;In carico a ente esterno;false;true;POLIZIA LOCALE DI ROMA CAPITALE;false
POLIZIA LOCALE DI ROMA CAPITALE;2026;01/03/2026;In carico a ente esterno;false;true;POLIZIA LOCALE DI ROMA CAPITALE;false
POLIZIA LOCALE DI ROMA CAPITALE;2026;01/03/2026;In carico a ente esterno;false;true;POLIZIA LOCALE DI ROMA CAPITALE;false
POLIZIA LOCALE DI ROMA CAPITALE;2026;01/03/2026;In carico a ente esterno;false;true;POLIZIA LOCALE DI ROMA CAPITALE;false
POLIZIA LOCALE DI ROMA CAPITALE;2026;01/03/2026;In carico a ente esterno;false;true;POLIZIA LOCALE DI ROMA CAPITALE;false
CHIAMAROMA 060606;2026;01/03/2026;Risolto al primo livello;false;false;;true
POLIZIA LOCALE DI ROMA CAPITALE;2026;01/03/2026;In carico a ente esterno;false;true;POLIZIA LOCALE DI ROMA CAPITALE;false
POLIZIA LOCALE DI ROMA CAPITALE;2026;01/03/2026;In carico a ente esterno;false;true;POLIZIA LOCALE DI ROMA CAPITALE;false
CHIAMAROMA 060606;2026;01/03/2026;In carico a ente esterno;false;true;POLIZIA LOCALE DI ROMA CAPITALE;true
POLIZIA LOCALE DI ROMA CAPITALE;2026;01/03/2026;In carico a ente esterno;false;true;POLIZIA LOCALE DI ROMA CAPITALE;false
POLIZIA LOCALE DI ROMA CAPITALE;2026;01/03/2026;In carico a ente esterno;false;true;POLIZIA LOCALE DI ROMA CAPITALE;false
POLIZIA LOCALE DI ROMA CAPITALE;2026;01/03/2026;In carico a ente esterno;false;true;POLIZIA LOCALE DI ROMA CAPITALE;false
POLIZIA LOCALE DI ROMA CAPITALE;2026;01/03/2026;In carico a ente esterno;false;true;POLIZIA LOCALE DI ROMA CAPITALE;false
POLIZIA LOCALE DI ROMA CAPITALE;2026;01/03/2026;In carico a ente esterno;false;true;POLIZIA LOCALE DI ROMA CAPITALE;false
CHIAMAROMA 060606;2026;01/03/2026;In carico a ente esterno;false;true;POLIZIA LOCALE DI ROMA CAPITALE;true
CHIAMAROMA 060606;2026;01/03/2026;In carico a ente esterno;false;true;POLIZIA LOCALE DI ROMA CAPITALE;true
POLIZIA LOCALE DI ROMA CAPITALE;2026;01/03/2026;In carico a ente esterno;false;true;POLIZIA LOCALE DI ROMA CAPITALE;false
POLIZIA LOCALE DI ROMA CAPITALE;2026;01/03/2026;In carico a ente esterno;false;true;POLIZIA LOCALE DI ROMA CAPITALE;false
POLIZIA LOCALE DI ROMA CAPITALE;2026;01/03/2026;In carico a ente esterno;false;true;POLIZIA LOCALE DI ROMA CAPITALE;false
POLIZIA LOCALE DI ROMA CAPITALE;2026;01/03/2026;In carico a ente esterno;false;true;POLIZIA LOCALE DI ROMA CAPITALE;false
CHIAMAROMA 060606;2026;01/03/2026;In carico a ente esterno;false;true;POLIZIA LOCALE DI ROMA CAPITALE;true
POLIZIA LOCALE DI ROMA CAPITALE;2026;01/03/2026;In carico a ente esterno;false;true;POLIZIA LOCALE DI ROMA CAPITALE;false
POLIZIA LOCALE DI ROMA CAPITALE;2026;01/03/2026;In carico a ente esterno;false;true;POLIZIA LOCALE DI ROMA CAPITALE;false
POLIZIA LOCALE DI ROMA CAPITALE;2026;02/03/2026;In carico a ente esterno;false;true;POLIZIA LOCALE DI ROMA CAPITALE;false
POLIZIA LOCALE DI ROMA CAPITALE;2026;02/03/2026;In carico a ente esterno;false;true;POLIZIA LOCALE DI ROMA CAPITALE;false
POLIZIA LOCALE DI ROMA CAPITALE;2026;02/03/2026;In carico a ente esterno;false;true;POLIZIA LOCALE DI ROMA CAPITALE;false
CHIAMAROMA 060606;2026;02/03/2026;Risolto da Ente Esterno;false;true;AMA;false
CHIAMAROMA 060606;2026;02/03/2026;Risolto da Ente Esterno;false;true;AMA;false
CHIAMAROMA 060606;2026;02/03/2026;Risolto da Ente Esterno;false;true;AMA;false
CHIAMAROMA 060606;2026;02/03/2026;Risolto da Ente Esterno;false;true;AMA;false
AMA;2026;02/03/2026;Risolto da Ente Esterno;false;true;AMA;false
CHIAMAROMA 060606;2026;02/03/2026;Risolto da Ente Esterno;false;true;AMA;false
CHIAMAROMA 060606;2026;02/03/2026;Risolto da Ente Esterno;false;true;AMA;false
CHIAMAROMA 060606;2026;02/03/2026;Risolto da Ente Esterno;false;true;AMA;false
AMA;2026;02/03/2026;Risolto da Ente Esterno;false;true;AMA;false
CHIAMAROMA 060606;2026;02/03/2026;Risolto da Ente Esterno;false;true;AMA;false
AMA;2026;02/03/2026;Risolto da Ente Esterno;false;true;AMA;false
CHIAMAROMA 060606;2026;02/03/2026;Risolto da Ente Esterno;false;true;AMA;false
CHIAMAROMA 060606;2026;02/03/2026;Risolto da Ente Esterno;false;true;AMA;false
CHIAMAROMA 060606;2026;02/03/2026;In carico a ente esterno;false;true;POLIZIA LOCALE DI ROMA CAPITALE;true
POLIZIA LOCALE DI ROMA CAPITALE;2026;02/03/2026;In carico a ente esterno;false;true;POLIZIA LOCALE DI ROMA CAPITALE;false
CHIAMAROMA 060606;2026;02/03/2026;Risolto da Ente Esterno;false;true;AMA;false
AMA;2026;02/03/2026;Risolto da Ente Esterno;false;true;AMA;false
CHIAMAROMA 060606;2026;02/03/2026;Risolto da Ente Esterno;false;true;AMA;false
CHIAMAROMA 060606;2026;02/03/2026;Risolto da Ente Esterno;false;true;AMA;false
CHIAMAROMA 060606;2026;02/03/2026;Risolto da Ente Esterno;false;true;AMA;false
AMA;2026;02/03/2026;Risolto da Ente Esterno;false;true;AMA;false
AMA;2026;02/03/2026;Risolto da Ente Esterno;false;true;AMA;false
CHIAMAROMA 060606;2026;02/03/2026;Risolto da Ente Esterno;false;true;AMA;false
CHIAMAROMA 060606;2026;02/03/2026;Risolto da Ente Esterno;false;true;AMA;false
CHIAMAROMA 060606;2026;02/03/2026;Risolto al secondo livello;false;false;;false
MUNICIPIO II;2026;02/03/2026;Risolto al secondo livello;false;false;;false
CHIAMAROMA 060606;2026;02/03/2026;Risolto al secondo livello;false;false;;false
CHIAMAROMA 060606;2026;02/03/2026;Risolto al secondo livello;false;false;;false
CHIAMAROMA 060606;2026;02/03/2026;Risolto al secondo livello;false;false;;false
CHIAMAROMA 060606;2026;02/03/2026;Risolto al secondo livello;false;false;;false
CHIAMAROMA 060606;2026;02/03/2026;Risolto al primo livello;false;false;;true
CHIAMAROMA 060606;2026;02/03/2026;Risolto al secondo livello;false;false;;false
POLIZIA LOCALE DI ROMA CAPITALE;2026;02/03/2026;In carico a ente esterno;false;true;POLIZIA LOCALE DI ROMA CAPITALE;false
POLIZIA LOCALE DI ROMA CAPITALE;2026;02/03/2026;In carico a ente esterno;false;true;POLIZIA LOCALE DI ROMA CAPITALE;false
CHIAMAROMA 060606;2026;02/03/2026;Risolto al secondo livello;false;true;AMA;false
CHIAMAROMA 060606;2026;02/03/2026;Risolto al secondo livello;false;false;;false
CHIAMAROMA 060606;2026;02/03/2026;Risolto al secondo livello;false;true;AMA;false
MUNICIPIO XIV;2026;02/03/2026;Risolto al secondo livello;false;false;;false
CHIAMAROMA 060606;2026;02/03/2026;Risolto al secondo livello;false;false;;false
CHIAMAROMA 060606;2026;02/03/2026;Risolto al secondo livello;false;false;;false
CHIAMAROMA 060606;2026;02/03/2026;Risolto al secondo livello;false;true;AMA;false
CHIAMAROMA 060606;2026;02/03/2026;Risolto al secondo livello;false;false;;false
CHIAMAROMA 060606;2026;02/03/2026;Risolto al secondo livello;false;false;;false
POLIZIA LOCALE DI ROMA CAPITALE;2026;02/03/2026;In carico a ente esterno;false;true;POLIZIA LOCALE DI ROMA CAPITALE;false
POLIZIA LOCALE DI ROMA CAPITALE;2026;02/03/2026;In carico a ente esterno;false;true;POLIZIA LOCALE DI ROMA CAPITALE;false
POLIZIA LOCALE DI ROMA CAPITALE;2026;02/03/2026;In carico a ente esterno;false;true;POLIZIA LOCALE DI ROMA CAPITALE;false
POLIZIA LOCALE DI ROMA CAPITALE;2026;02/03/2026;In carico a ente esterno;false;true;POLIZIA LOCALE DI ROMA CAPITALE;false
POLIZIA LOCALE DI ROMA CAPITALE;2026;02/03/2026;In carico a ente esterno;false;true;POLIZIA LOCALE DI ROMA CAPITALE;false
CHIAMAROMA 060606;2026;02/03/2026;Risolto al secondo livello;false;false;;false
CHIAMAROMA 060606;2026;02/03/2026;Risolto al secondo livello;true;false;;false
CHIAMAROMA 060606;2026;02/03/2026;Risolto al secondo livello;false;true;AMA;false
MUNICIPIO VII;2026;02/03/2026;Risolto al secondo livello;false;false;;false
CHIAMAROMA 060606;2026;02/03/2026;Risolto al secondo livello;false;true;AMA;false
CHIAMAROMA 060606;2026;02/03/2026;Risolto al secondo livello;false;false;;false
CHIAMAROMA 060606;2026;02/03/2026;In carico a ente esterno;false;true;POLIZIA LOCALE DI ROMA CAPITALE;true
CHIAMAROMA 060606;2026;02/03/2026;Risolto al secondo livello;false;true;AMA;false
CHIAMAROMA 060606;2026;02/03/2026;Risolto al secondo livello;false;true;AMA;false
RAGIONERIA GENERALE;2026;02/03/2026;Non lavorabile o dati insufficienti;false;false;;false
CHIAMAROMA 060606;2026;02/03/2026;Risolto al secondo livello;false;false;;false
CHIAMAROMA 060606;2026;02/03/2026;Non lavorabile o dati insufficienti;false;false;;false
CHIAMAROMA 060606;2026;02/03/2026;Risolto al secondo livello;false;false;;false
CHIAMAROMA 060606;2026;02/03/2026;Non lavorabile o dati insufficienti;false;false;;false
RAGIONERIA GENERALE;2026;02/03/2026;Non lavorabile o dati insufficienti;false;false;;false
CHIAMAROMA 060606;2026;02/03/2026;In carico a ente esterno;false;true;POLIZIA LOCALE DI ROMA CAPITALE;true
CHIAMAROMA 060606;2026;02/03/2026;Risolto al secondo livello;false;false;;false
CHIAMAROMA 060606;2026;02/03/2026;In carico a ente esterno;false;true;POLIZIA LOCALE DI ROMA CAPITALE;true
CHIAMAROMA 060606;2026;02/03/2026;Risolto al secondo livello;false;false;;false
CHIAMAROMA 060606;2026;02/03/2026;In carico a ente esterno;false;true;POLIZIA LOCALE DI ROMA CAPITALE;true
MUNICIPIO III;2026;02/03/2026;In carico a ente esterno;false;true;POLIZIA LOCALE DI ROMA CAPITALE;false
AMA;2026;02/03/2026;Risolto da Ente Esterno;false;true;AMA;false
CHIAMAROMA 060606;2026;02/03/2026;Risolto da Ente Esterno;false;true;AMA;false
CHIAMAROMA 060606;2026;02/03/2026;Risolto da Ente Esterno;false;true;AMA;false
CHIAMAROMA 060606;2026;02/03/2026;Risolto da Ente Esterno;false;true;AMA;false
CHIAMAROMA 060606;2026;02/03/2026;Risolto da Ente Esterno;false;true;AMA;false
CHIAMAROMA 060606;2026;02/03/2026;Risolto da Ente Esterno;false;true;AMA;false
CHIAMAROMA 060606;2026;02/03/2026;Risolto da Ente Esterno;false;true;AMA;false
CHIAMAROMA 060606;2026;02/03/2026;Risolto da Ente Esterno;false;true;AMA;false
CHIAMAROMA 060606;2026;02/03/2026;Risolto da Ente Esterno;false;true;AMA;false
CHIAMAROMA 060606;2026;02/03/2026;Risolto da Ente Esterno;false;true;AMA;false
CHIAMAROMA 060606;2026;02/03/2026;Risolto da Ente Esterno;false;true;AMA;false
CHIAMAROMA 060606;2026;02/03/2026;Risolto da Ente Esterno;false;true;AMA;false
CHIAMAROMA 060606;2026;02/03/2026;Risolto da Ente Esterno;false;true;AMA;false
CHIAMAROMA 060606;2026;02/03/2026;Risolto da Ente Esterno;false;true;AMA;false
POLIZIA LOCALE DI ROMA CAPITALE;2026;02/03/2026;In carico a ente esterno;false;true;POLIZIA LOCALE DI ROMA CAPITALE;false
POLIZIA LOCALE DI ROMA CAPITALE;2026;02/03/2026;In carico a ente esterno;false;true;POLIZIA LOCALE DI ROMA CAPITALE;false
POLIZIA LOCALE DI ROMA CAPITALE;2026;02/03/2026;In carico a ente esterno;false;true;POLIZIA LOCALE DI ROMA CAPITALE;false
POLIZIA LOCALE DI ROMA CAPITALE;2026;02/03/2026;In carico a ente esterno;false;true;POLIZIA LOCALE DI ROMA CAPITALE;false
POLIZIA LOCALE DI ROMA CAPITALE;2026;02/03/2026;In carico a ente esterno;false;true;POLIZIA LOCALE DI ROMA CAPITALE;false
GABINETTO DEL SINDACO;2026;02/03/2026;In carico a ente esterno;false;true;POLIZIA LOCALE DI ROMA CAPITALE;false
GABINETTO DEL SINDACO;2026;02/03/2026;In carico a ente esterno;false;true;POLIZIA LOCALE DI ROMA CAPITALE;false
MUNICIPIO V;2026;02/03/2026;Non di competenza di Roma Capitale o enti controllati;false;false;;false
CHIAMAROMA 060606;2026;02/03/2026;Risolto al secondo livello;false;false;;false
GABINETTO DEL SINDACO;2026;02/03/2026;In carico a ente esterno;false;true;POLIZIA LOCALE DI ROMA CAPITALE;false
GABINETTO DEL SINDACO;2026;02/03/2026;In carico a ente esterno;false;true;POLIZIA LOCALE DI ROMA CAPITALE;false
CHIAMAROMA 060606;2026;02/03/2026;Risolto al secondo livello;false;false;;false
CHIAMAROMA 060606;2026;02/03/2026;Risolto al secondo livello;false;true;AMA;false
MUNICIPIO XIV;2026;02/03/2026;Risolto al secondo livello;false;false;;false
CHIAMAROMA 060606;2026;02/03/2026;Risolto al secondo livello;false;false;;false
CHIAMAROMA 060606;2026;02/03/2026;Risolto al secondo livello;false;false;;false
CHIAMAROMA 060606;2026;02/03/2026;Risolto al secondo livello;false;false;;false
CHIAMAROMA 060606;2026;02/03/2026;Risolto al secondo livello;false;false;;false
CHIAMAROMA 060606;2026;02/03/2026;Risolto al secondo livello;false;false;;false
CHIAMAROMA 060606;2026;02/03/2026;In carico a ente esterno;false;true;POLIZIA LOCALE DI ROMA CAPITALE;true
CHIAMAROMA 060606;2026;02/03/2026;Risolto al secondo livello;false;false;;false
CHIAMAROMA 060606;2026;02/03/2026;Risolto al secondo livello;false;false;;false
MUNICIPIO VII;2026;02/03/2026;Risolto al secondo livello;false;false;;false
MUNICIPIO V;2026;02/03/2026;Risolto al secondo livello;false;false;;false
CHIAMAROMA 060606;2026;02/03/2026;Risolto al secondo livello;false;false;;false
CHIAMAROMA 060606;2026;02/03/2026;Risolto al secondo livello;false;false;;false
POLIZIA LOCALE DI ROMA CAPITALE;2026;02/03/2026;In carico a ente esterno;false;true;POLIZIA LOCALE DI ROMA CAPITALE;false
CHIAMAROMA 060606;2026;02/03/2026;Risolto al secondo livello;false;false;;false
CHIAMAROMA 060606;2026;02/03/2026;Risolto al secondo livello;false;true;AMA;false
CHIAMAROMA 060606;2026;02/03/2026;In carico a ente esterno;false;true;POLIZIA LOCALE DI ROMA CAPITALE;true
MUNICIPIO V;2026;02/03/2026;Risolto al secondo livello;false;false;;false
CHIAMAROMA 060606;2026;02/03/2026;In carico a ente esterno;false;true;POLIZIA LOCALE DI ROMA CAPITALE;true
CHIAMAROMA 060606;2026;02/03/2026;Risolto al secondo livello;false;false;;false
CHIAMAROMA 060606;2026;02/03/2026;Risolto al secondo livello;false;false;;false
CHIAMAROMA 060606;2026;02/03/2026;Risolto al primo livello;false;false;;false
CHIAMAROMA 060606;2026;02/03/2026;Risolto al secondo livello;false;false;;false
CHIAMAROMA 060606;2026;02/03/2026;In carico a ente esterno;false;true;POLIZIA LOCALE DI ROMA CAPITALE;true
DIPARTIMENTO MOBILITA’ SOSTENIBILE E TRASPORTI;2026;02/03/2026;Risolto al primo livello;false;false;;false
POLIZIA LOCALE DI ROMA CAPITALE;2026;02/03/2026;In carico a ente esterno;false;true;POLIZIA LOCALE DI ROMA CAPITALE;false
POLIZIA LOCALE DI ROMA CAPITALE;2026;02/03/2026;In carico a ente esterno;false;true;POLIZIA LOCALE DI ROMA CAPITALE;false
CHIAMAROMA 060606;2026;02/03/2026;In carico a ente esterno;false;true;POLIZIA LOCALE DI ROMA CAPITALE;true
DIPARTIMENTO MOBILITA’ SOSTENIBILE E TRASPORTI;2026;02/03/2026;Risolto al secondo livello;false;false;;false
POLIZIA LOCALE (8° Gruppo TINTORETTO);2026;02/03/2026;Risolto al primo livello;false;false;;false
CHIAMAROMA 060606;2026;02/03/2026;In carico a ente esterno;false;true;POLIZIA LOCALE DI ROMA CAPITALE;true
POLIZIA LOCALE (8° Gruppo TINTORETTO);2026;02/03/2026;Risolto al primo livello;false;false;;false
CHIAMAROMA 060606;2026;02/03/2026;Risolto al secondo livello;false;false;;false
POLIZIA LOCALE (8° Gruppo TINTORETTO);2026;02/03/2026;Risolto al primo livello;false;false;;false
CHIAMAROMA 060606;2026;02/03/2026;Risolto al primo livello;false;false;;false
CHIAMAROMA 060606;2026;02/03/2026;Risolto al primo livello;false;false;;false
DIPARTIMENTO TUTELA AMBIENTALE;2026;02/03/2026;Risolto al secondo livello;false;false;;false
DIPARTIMENTO TUTELA AMBIENTALE;2026;02/03/2026;Risolto al secondo livello;false;false;;false
DIPARTIMENTO MOBILITA’ SOSTENIBILE E TRASPORTI;2026;02/03/2026;Risolto al secondo livello;false;false;;false
CHIAMAROMA 060606;2026;02/03/2026;Risolto da Ente Esterno;false;true;AMA;false
CHIAMAROMA 060606;2026;02/03/2026;Risolto da Ente Esterno;false;true;AMA;false
CHIAMAROMA 060606;2026;02/03/2026;Risolto da Ente Esterno;false;true;AMA;false
CHIAMAROMA 060606;2026;02/03/2026;Risolto da Ente Esterno;false;true;AMA;false
CHIAMAROMA 060606;2026;02/03/2026;Risolto da Ente Esterno;false;true;AMA;false
CHIAMAROMA 060606;2026;02/03/2026;Risolto da Ente Esterno;false;true;AMA;false
CHIAMAROMA 060606;2026;02/03/2026;Risolto da Ente Esterno;false;true;AMA;false
CHIAMAROMA 060606;2026;02/03/2026;Risolto da Ente Esterno;false;true;AMA;false
CHIAMAROMA 060606;2026;02/03/2026;Risolto da Ente Esterno;false;true;AMA;false
CHIAMAROMA 060606;2026;02/03/2026;Risolto da Ente Esterno;false;true;AMA;false
CHIAMAROMA 060606;2026;02/03/2026;Risolto da Ente Esterno;false;true;AMA;false
CHIAMAROMA 060606;2026;02/03/2026;Risolto da Ente Esterno;false;true;AMA;false
CHIAMAROMA 060606;2026;02/03/2026;Risolto da Ente Esterno;false;true;AMA;false
CHIAMAROMA 060606;2026;02/03/2026;Risolto da Ente Esterno;false;true;AMA;false
CHIAMAROMA 060606;2026;02/03/2026;Risolto da Ente Esterno;false;true;AMA;false
CHIAMAROMA 060606;2026;02/03/2026;Risolto da Ente Esterno;false;true;AMA;false
CHIAMAROMA 060606;2026;02/03/2026;Risolto da Ente Esterno;false;true;AMA;false
AMA;2026;02/03/2026;Risolto da Ente Esterno;false;true;AMA;false
CHIAMAROMA 060606;2026;02/03/2026;Risolto da Ente Esterno;true;true;AMA;false
CHIAMAROMA 060606;2026;02/03/2026;Risolto da Ente Esterno;false;true;AMA;false
CHIAMAROMA 060606;2026;02/03/2026;Risolto da Ente Esterno;false;true;AMA;false
CHIAMAROMA 060606;2026;02/03/2026;Risolto da Ente Esterno;false;true;AMA;false
CHIAMAROMA 060606;2026;02/03/2026;Risolto da Ente Esterno;false;true;AMA;false
CHIAMAROMA 060606;2026;02/03/2026;In carico a ente esterno;false;true;POLIZIA LOCALE DI ROMA CAPITALE;true
CHIAMAROMA 060606;2026;02/03/2026;Risolto al primo livello;false;false;;false
POLIZIA LOCALE DI ROMA CAPITALE;2026;02/03/2026;In carico a ente esterno;false;true;POLIZIA LOCALE DI ROMA CAPITALE;false
POLIZIA LOCALE DI ROMA CAPITALE;2026;02/03/2026;In carico a ente esterno;false;true;POLIZIA LOCALE DI ROMA CAPITALE;false
POLIZIA LOCALE DI ROMA CAPITALE;2026;02/03/2026;In carico a ente esterno;false;true;POLIZIA LOCALE DI ROMA CAPITALE;false
CHIAMAROMA 060606;2026;02/03/2026;Risolto al primo livello;false;false;;false
CHIAMAROMA 060606;2026;02/03/2026;In carico a ente esterno;false;true;POLIZIA LOCALE DI ROMA CAPITALE;true
CHIAMAROMA 060606;2026;02/03/2026;In carico a ente esterno;false;true;POLIZIA LOCALE DI ROMA CAPITALE;true
MUNICIPIO II;2026;02/03/2026;Risolto al secondo livello;false;false;;false
MUNICIPIO II;2026;02/03/2026;Risolto al secondo livello;false;false;;false
CHIAMAROMA 060606;2026;02/03/2026;In carico a ente esterno;false;true;POLIZIA LOCALE DI ROMA CAPITALE;true
CHIAMAROMA 060606;2026;02/03/2026;Risolto al secondo livello;false;false;;false
CHIAMAROMA 060606;2026;02/03/2026;In carico a ente esterno;false;true;POLIZIA LOCALE DI ROMA CAPITALE;true
CHIAMAROMA 060606;2026;02/03/2026;In carico a ente esterno;false;true;POLIZIA LOCALE DI ROMA CAPITALE;true
CHIAMAROMA 060606;2026;02/03/2026;In carico a ente esterno;false;true;POLIZIA LOCALE DI ROMA CAPITALE;true
CHIAMAROMA 060606;2026;02/03/2026;Risolto al secondo livello;false;false;;false
CHIAMAROMA 060606;2026;02/03/2026;Risolto al secondo livello;false;false;;false
DIPARTIMENTO TUTELA AMBIENTALE;2026;02/03/2026;Risolto al secondo livello;false;false;;false
CHIAMAROMA 060606;2026;02/03/2026;Risolto al secondo livello;false;false;;false
CHIAMAROMA 060606;2026;02/03/2026;In carico a ente esterno;false;true;POLIZIA LOCALE DI ROMA CAPITALE;true
CHIAMAROMA 060606;2026;02/03/2026;Risolto al secondo livello;false;false;;false
CHIAMAROMA 060606;2026;02/03/2026;Risolto al secondo livello;false;false;;false
POLIZIA LOCALE DI ROMA CAPITALE;2026;02/03/2026;In carico a ente esterno;false;true;POLIZIA LOCALE DI ROMA CAPITALE;false
POLIZIA LOCALE DI ROMA CAPITALE;2026;02/03/2026;In carico a ente esterno;false;true;POLIZIA LOCALE DI ROMA CAPITALE;false
POLIZIA LOCALE DI ROMA CAPITALE;2026;02/03/2026;In carico a ente esterno;false;true;POLIZIA LOCALE DI ROMA CAPITALE;false
CHIAMAROMA 060606;2026;02/03/2026;Risolto al secondo livello;false;false;;false
CHIAMAROMA 060606;2026;02/03/2026;Risolto al secondo livello;false;false;;false
CHIAMAROMA 060606;2026;02/03/2026;In carico a ente esterno;false;true;POLIZIA LOCALE DI ROMA CAPITALE;true
RAGIONERIA GENERALE;2026;02/03/2026;Risolto al secondo livello;false;false;;false
;2026;02/03/2026;Risolto al secondo livello;false;false;;false
CHIAMAROMA 060606;2026;02/03/2026;Risolto al secondo livello;false;false;;false
CHIAMAROMA 060606;2026;02/03/2026;Risolto al secondo livello;false;false;;false
CHIAMAROMA 060606;2026;02/03/2026;Risolto al secondo livello;false;false;;false
CHIAMAROMA 060606;2026;02/03/2026;In carico a ente esterno;false;true;POLIZIA LOCALE DI ROMA CAPITALE;true
CHIAMAROMA 060606;2026;02/03/2026;Risolto al secondo livello;false;false;;false
GABINETTO DEL SINDACO;2026;02/03/2026;Non più necessario;false;false;;false
CHIAMAROMA 060606;2026;02/03/2026;In carico a ente esterno;false;true;POLIZIA LOCALE DI ROMA CAPITALE;true
DIPARTIMENTO CICLO DEI RIFIUTI;2026;02/03/2026;Non più necessario;false;false;;false
CHIAMAROMA 060606;2026;02/03/2026;In carico a ente esterno;false;true;POLIZIA LOCALE DI ROMA CAPITALE;true
CHIAMAROMA 060606;2026;02/03/2026;In carico a ente esterno;false;true;POLIZIA LOCALE DI ROMA CAPITALE;true
POLIZIA LOCALE DI ROMA CAPITALE;2026;02/03/2026;In carico a ente esterno;false;true;POLIZIA LOCALE DI ROMA CAPITALE;false
POLIZIA LOCALE DI ROMA CAPITALE;2026;02/03/2026;In carico a ente esterno;false;true;POLIZIA LOCALE DI ROMA CAPITALE;false
POLIZIA LOCALE DI ROMA CAPITALE;2026;02/03/2026;In carico a ente esterno;false;true;POLIZIA LOCALE DI ROMA CAPITALE;false
DIPARTIMENTO CICLO DEI RIFIUTI;2026;02/03/2026;Risolto al secondo livello;false;false;;false
CHIAMAROMA 060606;2026;02/03/2026;Risolto al secondo livello;false;false;;false
GABINETTO DEL SINDACO;2026;02/03/2026;Risolto al primo livello;false;false;;false
CHIAMAROMA 060606;2026;02/03/2026;Risolto al primo livello;false;false;;false
CHIAMAROMA 060606;2026;02/03/2026;In carico a ente esterno;false;true;POLIZIA LOCALE DI ROMA CAPITALE;true
CHIAMAROMA 060606;2026;02/03/2026;Risolto al primo livello;false;false;;false
CHIAMAROMA 060606;2026;02/03/2026;In carico a ente esterno;false;true;POLIZIA LOCALE DI ROMA CAPITALE;true
CHIAMAROMA 060606;2026;02/03/2026;Risolto da Ente Esterno;false;true;AMA;false
CHIAMAROMA 060606;2026;02/03/2026;Risolto da Ente Esterno;false;true;AMA;false
AMA;2026;02/03/2026;Risolto da Ente Esterno;false;true;AMA;false
AMA;2026;02/03/2026;Risolto da Ente Esterno;false;true;AMA;false
CHIAMAROMA 060606;2026;02/03/2026;Risolto da Ente Esterno;false;true;AMA;false
CHIAMAROMA 060606;2026;02/03/2026;Risolto da Ente Esterno;false;true;AMA;false
CHIAMAROMA 060606;2026;02/03/2026;Risolto da Ente Esterno;false;true;AMA;false
CHIAMAROMA 060606;2026;02/03/2026;Risolto da Ente Esterno;false;true;AMA;false
MUNICIPIO V;2026;02/03/2026;Risolto da Ente Esterno;false;true;AMA;false
CHIAMAROMA 060606;2026;02/03/2026;Risolto da Ente Esterno;false;true;AMA;false
AMA;2026;02/03/2026;Risolto da Ente Esterno;false;true;AMA;false
CHIAMAROMA 060606;2026;02/03/2026;Risolto da Ente Esterno;false;true;AMA;false
CHIAMAROMA 060606;2026;02/03/2026;Risolto da Ente Esterno;false;true;AMA;false
CHIAMAROMA 060606;2026;02/03/2026;Risolto da Ente Esterno;false;true;AMA;false
CHIAMAROMA 060606;2026;02/03/2026;Risolto da Ente Esterno;false;true;AMA;false
CHIAMAROMA 060606;2026;02/03/2026;Risolto da Ente Esterno;false;true;AMA;false
MUNICIPIO VI;2026;02/03/2026;Risolto da Ente Esterno;false;true;AMA;false
CHIAMAROMA 060606;2026;02/03/2026;Risolto da Ente Esterno;false;true;AMA;false
CHIAMAROMA 060606;2026;02/03/2026;Risolto da Ente Esterno;false;true;AMA;false
CHIAMAROMA 060606;2026;02/03/2026;Risolto da Ente Esterno;false;true;AMA;false
CHIAMAROMA 060606;2026;02/03/2026;Risolto da Ente Esterno;false;true;AMA;false
CHIAMAROMA 060606;2026;02/03/2026;Risolto da Ente Esterno;false;true;AMA;false
CHIAMAROMA 060606;2026;02/03/2026;Risolto da Ente Esterno;false;true;AMA;false
CHIAMAROMA 060606;2026;02/03/2026;Risolto da Ente Esterno;false;true;AMA;false
CHIAMAROMA 060606;2026;02/03/2026;Risolto da Ente Esterno;false;true;AMA;false
CHIAMAROMA 060606;2026;02/03/2026;Risolto da Ente Esterno;false;true;AMA;false
CHIAMAROMA 060606;2026;02/03/2026;Risolto da Ente Esterno;false;true;AMA;false
CHIAMAROMA 060606;2026;02/03/2026;Risolto da Ente Esterno;false;true;AMA;false
CHIAMAROMA 060606;2026;02/03/2026;Risolto da Ente Esterno;false;true;AMA;false
CHIAMAROMA 060606;2026;02/03/2026;Risolto da Ente Esterno;false;true;AMA;false
CHIAMAROMA 060606;2026;02/03/2026;Risolto da Ente Esterno;false;true;AMA;false
AMA;2026;02/03/2026;Risolto da Ente Esterno;false;true;AMA;false
CHIAMAROMA 060606;2026;02/03/2026;Risolto da Ente Esterno;false;true;AMA;false
CHIAMAROMA 060606;2026;02/03/2026;Risolto da Ente Esterno;false;true;AMA;false
CHIAMAROMA 060606;2026;02/03/2026;Risolto al secondo livello;false;false;;false
CHIAMAROMA 060606;2026;02/03/2026;Risolto da Ente Esterno;false;true;AMA;false
CHIAMAROMA 060606;2026;02/03/2026;Risolto da Ente Esterno;false;true;AMA;false
CHIAMAROMA 060606;2026;02/03/2026;Risolto da Ente Esterno;false;true;AMA;false
CHIAMAROMA 060606;2026;02/03/2026;Risolto da Ente Esterno;false;true;AMA;false
CHIAMAROMA 060606;2026;02/03/2026;Risolto da Ente Esterno;false;true;AMA;false
CHIAMAROMA 060606;2026;02/03/2026;Risolto da Ente Esterno;false;true;AMA;false
CHIAMAROMA 060606;2026;02/03/2026;Risolto da Ente Esterno;false;true;AMA;false
CHIAMAROMA 060606;2026;02/03/2026;Risolto da Ente Esterno;false;true;AMA;false
BACK OFFICE ROMA CAPITALE;2026;02/03/2026;Risolto da Ente Esterno;false;true;AMA;false
BACK OFFICE ROMA CAPITALE;2026;02/03/2026;Risolto da Ente Esterno;false;true;AMA;false
BACK OFFICE ROMA CAPITALE;2026;02/03/2026;Risolto da Ente Esterno;false;true;AMA;false
CHIAMAROMA 060606;2026;02/03/2026;Risolto da Ente Esterno;false;true;AMA;false
CHIAMAROMA 060606;2026;02/03/2026;Risolto da Ente Esterno;false;true;AMA;false
CHIAMAROMA 060606;2026;02/03/2026;Risolto al secondo livello;false;false;;false
CHIAMAROMA 060606;2026;02/03/2026;In carico a ente esterno;false;true;POLIZIA LOCALE DI ROMA CAPITALE;true
CHIAMAROMA 060606;2026;02/03/2026;In carico a ente esterno;false;true;POLIZIA LOCALE DI ROMA CAPITALE;true
CHIAMAROMA 060606;2026;02/03/2026;Risolto al secondo livello;false;false;;false
POLIZIA LOCALE DI ROMA CAPITALE;2026;02/03/2026;In carico a ente esterno;false;true;POLIZIA LOCALE DI ROMA CAPITALE;false
POLIZIA LOCALE DI ROMA CAPITALE;2026;02/03/2026;In carico a ente esterno;false;true;POLIZIA LOCALE DI ROMA CAPITALE;false
CHIAMAROMA 060606;2026;02/03/2026;Risolto al secondo livello;false;false;;false
CHIAMAROMA 060606;2026;02/03/2026;Risolto al secondo livello;false;false;;false
CHIAMAROMA 060606;2026;02/03/2026;Risolto al secondo livello;false;false;;false
CHIAMAROMA 060606;2026;02/03/2026;In carico a ente esterno;false;true;POLIZIA LOCALE DI ROMA CAPITALE;true
MUNICIPIO XII;2026;02/03/2026;Risolto al secondo livello;false;false;;false
CHIAMAROMA 060606;2026;02/03/2026;Risolto al secondo livello;false;false;;false
MUNICIPIO III;2026;02/03/2026;Risolto al secondo livello;false;false;;false
CHIAMAROMA 060606;2026;02/03/2026;Risolto al secondo livello;false;false;;false
CHIAMAROMA 060606;2026;02/03/2026;Risolto al secondo livello;false;false;;false
CHIAMAROMA 060606;2026;02/03/2026;Risolto al secondo livello;false;false;;false
DIPARTIMENTO SCUOLA, LAVORO E FORMAZIONE PROFESSIONALE;2026;02/03/2026;Risolto al secondo livello;false;false;;false
GABINETTO DEL SINDACO;2026;02/03/2026;In carico a ente esterno;false;true;POLIZIA LOCALE DI ROMA CAPITALE;false
CHIAMAROMA 060606;2026;02/03/2026;Risolto al secondo livello;false;false;;false
CHIAMAROMA 060606;2026;02/03/2026;In carico a ente esterno;false;true;POLIZIA LOCALE DI ROMA CAPITALE;true
MUNICIPIO XII;2026;02/03/2026;Risolto al secondo livello;false;false;;false
CHIAMAROMA 060606;2026;02/03/2026;In carico a ente esterno;false;true;POLIZIA LOCALE DI ROMA CAPITALE;true
;2026;02/03/2026;Risolto al secondo livello;true;false;;false
CHIAMAROMA 060606;2026;02/03/2026;In carico a ente esterno;false;true;POLIZIA LOCALE DI ROMA CAPITALE;true
MUNICIPIO XII;2026;02/03/2026;Risolto al secondo livello;false;false;;false
MUNICIPIO XIV;2026;02/03/2026;Risolto al secondo livello;false;false;;false
DIPARTIMENTO SCUOLA, LAVORO E FORMAZIONE PROFESSIONALE;2026;02/03/2026;Risolto al secondo livello;false;false;;false
CHIAMAROMA 060606;2026;02/03/2026;Risolto al secondo livello;false;false;;false
CHIAMAROMA 060606;2026;02/03/2026;Risolto al secondo livello;false;false;;false
CHIAMAROMA 060606;2026;02/03/2026;Risolto al secondo livello;false;false;;false
CHIAMAROMA 060606;2026;02/03/2026;Risolto al secondo livello;false;false;;false
CHIAMAROMA 060606;2026;02/03/2026;Risolto al secondo livello;false;false;;false
MUNICIPIO XII;2026;02/03/2026;Risolto al secondo livello;false;false;;false
CHIAMAROMA 060606;2026;02/03/2026;Risolto al secondo livello;false;false;;false
POLIZIA LOCALE DI ROMA CAPITALE;2026;02/03/2026;In carico a ente esterno;false;true;POLIZIA LOCALE DI ROMA CAPITALE;false
POLIZIA LOCALE DI ROMA CAPITALE;2026;02/03/2026;In carico a ente esterno;false;true;POLIZIA LOCALE DI ROMA CAPITALE;false
POLIZIA LOCALE DI ROMA CAPITALE;2026;02/03/2026;In carico a ente esterno;false;true;POLIZIA LOCALE DI ROMA CAPITALE;false
POLIZIA LOCALE DI ROMA CAPITALE;2026;02/03/2026;In carico a ente esterno;false;true;POLIZIA LOCALE DI ROMA CAPITALE;false
POLIZIA LOCALE DI ROMA CAPITALE;2026;02/03/2026;In carico a ente esterno;false;true;POLIZIA LOCALE DI ROMA CAPITALE;false
CHIAMAROMA 060606;2026;02/03/2026;Risolto al secondo livello;false;false;;false
MUNICIPIO XII;2026;02/03/2026;Risolto al secondo livello;false;false;;false
CHIAMAROMA 060606;2026;02/03/2026;Risolto al secondo livello;false;false;;false
CHIAMAROMA 060606;2026;02/03/2026;In carico a ente esterno;false;true;POLIZIA LOCALE DI ROMA CAPITALE;true
CHIAMAROMA 060606;2026;02/03/2026;Risolto al secondo livello;false;false;;false
DIPARTIMENTO SCUOLA, LAVORO E FORMAZIONE PROFESSIONALE;2026;02/03/2026;Risolto al secondo livello;false;false;;false
CHIAMAROMA 060606;2026;02/03/2026;Risolto al secondo livello;false;false;;false
CHIAMAROMA 060606;2026;02/03/2026;In carico a ente esterno;false;true;POLIZIA LOCALE DI ROMA CAPITALE;true
CHIAMAROMA 060606;2026;02/03/2026;In carico a ente esterno;false;true;POLIZIA LOCALE DI ROMA CAPITALE;true
CHIAMAROMA 060606;2026;02/03/2026;In carico a ente esterno;false;true;POLIZIA LOCALE DI ROMA CAPITALE;true
CHIAMAROMA 060606;2026;02/03/2026;In carico a ente esterno;false;true;POLIZIA LOCALE DI ROMA CAPITALE;true
POLIZIA LOCALE DI ROMA CAPITALE;2026;02/03/2026;In carico a ente esterno;false;true;POLIZIA LOCALE DI ROMA CAPITALE;false
POLIZIA LOCALE DI ROMA CAPITALE;2026;02/03/2026;In carico a ente esterno;false;true;POLIZIA LOCALE DI ROMA CAPITALE;false
POLIZIA LOCALE DI ROMA CAPITALE;2026;02/03/2026;In carico a ente esterno;false;true;POLIZIA LOCALE DI ROMA CAPITALE;false
POLIZIA LOCALE DI ROMA CAPITALE;2026;02/03/2026;In carico a ente esterno;false;true;POLIZIA LOCALE DI ROMA CAPITALE;false
POLIZIA LOCALE DI ROMA CAPITALE;2026;02/03/2026;In carico a ente esterno;false;true;POLIZIA LOCALE DI ROMA CAPITALE;false
POLIZIA LOCALE DI ROMA CAPITALE;2026;02/03/2026;In carico a ente esterno;false;true;POLIZIA LOCALE DI ROMA CAPITALE;false
POLIZIA LOCALE DI ROMA CAPITALE;2026;02/03/2026;In carico a ente esterno;false;true;POLIZIA LOCALE DI ROMA CAPITALE;false
POLIZIA LOCALE DI ROMA CAPITALE;2026;02/03/2026;In carico a ente esterno;false;true;POLIZIA LOCALE DI ROMA CAPITALE;false
POLIZIA LOCALE DI ROMA CAPITALE;2026;02/03/2026;In carico a ente esterno;false;true;POLIZIA LOCALE DI ROMA CAPITALE;false
CHIAMAROMA 060606;2026;02/03/2026;Non lavorabile o dati insufficienti;false;false;;false
CHIAMAROMA 060606;2026;02/03/2026;In carico a ente esterno;false;true;POLIZIA LOCALE DI ROMA CAPITALE;true
CHIAMAROMA 060606;2026;02/03/2026;In carico a ente esterno;false;true;POLIZIA LOCALE DI ROMA CAPITALE;true
CHIAMAROMA 060606;2026;02/03/2026;In carico a ente esterno;false;true;POLIZIA LOCALE DI ROMA CAPITALE;true
CHIAMAROMA 060606;2026;02/03/2026;In carico a ente esterno;false;true;POLIZIA LOCALE DI ROMA CAPITALE;true
CHIAMAROMA 060606;2026;02/03/2026;In carico a ente esterno;false;true;POLIZIA LOCALE DI ROMA CAPITALE;true
CHIAMAROMA 060606;2026;02/03/2026;Risolto da Ente Esterno;false;true;AMA;false
CHIAMAROMA 060606;2026;02/03/2026;Risolto da Ente Esterno;false;true;AMA;false
CHIAMAROMA 060606;2026;02/03/2026;Risolto da Ente Esterno;false;true;AMA;false
POLIZIA LOCALE DI ROMA CAPITALE;2026;02/03/2026;In carico a ente esterno;false;true;POLIZIA LOCALE DI ROMA CAPITALE;false
POLIZIA LOCALE DI ROMA CAPITALE;2026;02/03/2026;In carico a ente esterno;false;true;POLIZIA LOCALE DI ROMA CAPITALE;false
MUNICIPIO XIII;2026;02/03/2026;Risolto al secondo livello;false;false;;false
POLIZIA LOCALE DI ROMA CAPITALE;2026;02/03/2026;In carico a ente esterno;false;true;POLIZIA LOCALE DI ROMA CAPITALE;false
POLIZIA LOCALE DI ROMA CAPITALE;2026;02/03/2026;In carico a ente esterno;false;true;POLIZIA LOCALE DI ROMA CAPITALE;false
POLIZIA LOCALE DI ROMA CAPITALE;2026;02/03/2026;In carico a ente esterno;false;true;POLIZIA LOCALE DI ROMA CAPITALE;false
POLIZIA LOCALE DI ROMA CAPITALE;2026;02/03/2026;In carico a ente esterno;false;true;POLIZIA LOCALE DI ROMA CAPITALE;false
POLIZIA LOCALE DI ROMA CAPITALE;2026;02/03/2026;In carico a ente esterno;false;true;POLIZIA LOCALE DI ROMA CAPITALE;false
POLIZIA LOCALE DI ROMA CAPITALE;2026;02/03/2026;In carico a ente esterno;false;true;POLIZIA LOCALE DI ROMA CAPITALE;false
CHIAMAROMA 060606;2026;02/03/2026;Risolto da Ente Esterno;false;true;AMA;false
POLIZIA LOCALE DI ROMA CAPITALE;2026;02/03/2026;In carico a ente esterno;false;true;POLIZIA LOCALE DI ROMA CAPITALE;false
POLIZIA LOCALE DI ROMA CAPITALE;2026;02/03/2026;In carico a ente esterno;false;true;POLIZIA LOCALE DI ROMA CAPITALE;false
POLIZIA LOCALE DI ROMA CAPITALE;2026;02/03/2026;In carico a ente esterno;false;true;POLIZIA LOCALE DI ROMA CAPITALE;false
AMA;2026;03/03/2026;Risolto da Ente Esterno;false;true;AMA;false
POLIZIA LOCALE DI ROMA CAPITALE;2026;03/03/2026;In carico a ente esterno;false;true;POLIZIA LOCALE DI ROMA CAPITALE;false
CHIAMAROMA 060606;2026;03/03/2026;Risolto da Ente Esterno;false;true;AMA;false
CHIAMAROMA 060606;2026;03/03/2026;Risolto da Ente Esterno;false;true;AMA;false
MUNICIPIO I;2026;03/03/2026;Risolto da Ente Esterno;false;true;AMA;false
CHIAMAROMA 060606;2026;03/03/2026;Risolto da Ente Esterno;false;true;AMA;false
CHIAMAROMA 060606;2026;03/03/2026;Risolto da Ente Esterno;false;true;AMA;false
CHIAMAROMA 060606;2026;03/03/2026;Risolto da Ente Esterno;false;true;AMA;false
BACK OFFICE ROMA CAPITALE;2026;03/03/2026;Risolto da Ente Esterno;false;true;AMA;false
CHIAMAROMA 060606;2026;03/03/2026;Risolto da Ente Esterno;false;true;AMA;false
CHIAMAROMA 060606;2026;03/03/2026;Risolto da Ente Esterno;false;true;AMA;false
CHIAMAROMA 060606;2026;03/03/2026;Risolto da Ente Esterno;false;true;AMA;false
CHIAMAROMA 060606;2026;03/03/2026;Risolto da Ente Esterno;false;true;AMA;false
CHIAMAROMA 060606;2026;03/03/2026;Risolto da Ente Esterno;false;true;AMA;false
CHIAMAROMA 060606;2026;03/03/2026;Risolto da Ente Esterno;false;true;AMA;false
CHIAMAROMA 060606;2026;03/03/2026;Risolto da Ente Esterno;false;true;AMA;false
AMA;2026;03/03/2026;Risolto da Ente Esterno;false;true;AMA;false
CHIAMAROMA 060606;2026;03/03/2026;Risolto da Ente Esterno;false;true;AMA;false
CHIAMAROMA 060606;2026;03/03/2026;Risolto da Ente Esterno;false;true;AMA;false
CHIAMAROMA 060606;2026;03/03/2026;Risolto da Ente Esterno;false;true;AMA;false
CHIAMAROMA 060606;2026;03/03/2026;Risolto da Ente Esterno;false;true;AMA;false
MUNICIPIO V;2026;03/03/2026;Risolto da Ente Esterno;false;true;AMA;false
CHIAMAROMA 060606;2026;03/03/2026;Risolto da Ente Esterno;false;true;AMA;false
CHIAMAROMA 060606;2026;03/03/2026;Risolto da Ente Esterno;false;true;AMA;false
AMA;2026;03/03/2026;Risolto da Ente Esterno;false;true;AMA;false
CHIAMAROMA 060606;2026;03/03/2026;Risolto da Ente Esterno;false;true;AMA;false
CHIAMAROMA 060606;2026;03/03/2026;Risolto da Ente Esterno;false;true;AMA;false
CHIAMAROMA 060606;2026;03/03/2026;Risolto da Ente Esterno;false;true;AMA;false
MUNICIPIO II;2026;03/03/2026;Risolto da Ente Esterno;false;true;AMA;false
AMA;2026;03/03/2026;Risolto da Ente Esterno;false;true;AMA;false
CHIAMAROMA 060606;2026;03/03/2026;Risolto da Ente Esterno;false;true;AMA;false
CHIAMAROMA 060606;2026;03/03/2026;Risolto da Ente Esterno;false;true;AMA;false
CHIAMAROMA 060606;2026;03/03/2026;Risolto da Ente Esterno;false;true;AMA;false
MUNICIPIO V;2026;03/03/2026;Risolto da Ente Esterno;false;true;AMA;false
CHIAMAROMA 060606;2026;03/03/2026;Risolto da Ente Esterno;false;true;AMA;false
CHIAMAROMA 060606;2026;03/03/2026;Risolto da Ente Esterno;false;true;AMA;false
CHIAMAROMA 060606;2026;03/03/2026;Risolto da Ente Esterno;false;true;AMA;false
CHIAMAROMA 060606;2026;03/03/2026;Risolto da Ente Esterno;false;true;AMA;false
CHIAMAROMA 060606;2026;03/03/2026;Risolto da Ente Esterno;false;true;AMA;false
CHIAMAROMA 060606;2026;03/03/2026;Risolto da Ente Esterno;false;true;AMA;false
CHIAMAROMA 060606;2026;03/03/2026;Risolto da Ente Esterno;false;true;AMA;false
CHIAMAROMA 060606;2026;03/03/2026;Risolto da Ente Esterno;false;true;AMA;false
CHIAMAROMA 060606;2026;03/03/2026;Risolto da Ente Esterno;false;true;AMA;false
MUNICIPIO III;2026;03/03/2026;Risolto da Ente Esterno;false;true;AMA;false
CHIAMAROMA 060606;2026;03/03/2026;Risolto da Ente Esterno;false;true;AMA;false
CHIAMAROMA 060606;2026;03/03/2026;Risolto da Ente Esterno;false;true;AMA;false
CHIAMAROMA 060606;2026;03/03/2026;Risolto al secondo livello;false;false;;false
CHIAMAROMA 060606;2026;03/03/2026;Non più necessario;false;false;;false
CHIAMAROMA 060606;2026;03/03/2026;Risolto al secondo livello;false;false;;false
CHIAMAROMA 060606;2026;03/03/2026;In carico a ente esterno;false;true;POLIZIA LOCALE DI ROMA CAPITALE;true
POLIZIA LOCALE DI ROMA CAPITALE;2026;03/03/2026;In carico a ente esterno;false;true;POLIZIA LOCALE DI ROMA CAPITALE;false
CHIAMAROMA 060606;2026;03/03/2026;Risolto al secondo livello;false;true;AMA;false
BACK OFFICE ROMA CAPITALE;2026;03/03/2026;Risolto al secondo livello;false;false;;false
POLIZIA LOCALE (COMANDO GENERALE);2026;03/03/2026;Risolto al secondo livello;false;false;;false
CHIAMAROMA 060606;2026;03/03/2026;In carico a ente esterno;false;true;POLIZIA LOCALE DI ROMA CAPITALE;true
CHIAMAROMA 060606;2026;03/03/2026;In carico a ente esterno;false;true;POLIZIA LOCALE DI ROMA CAPITALE;true
DIPARTIMENTO CICLO DEI RIFIUTI;2026;03/03/2026;Risolto al secondo livello;false;false;;false
CHIAMAROMA 060606;2026;03/03/2026;Risolto al secondo livello;false;false;;false
CHIAMAROMA 060606;2026;03/03/2026;Risolto al secondo livello;false;false;;false
CHIAMAROMA 060606;2026;03/03/2026;Risolto al secondo livello;false;true;AMA;false
CHIAMAROMA 060606;2026;03/03/2026;Risolto al secondo livello;false;false;;false
POLIZIA LOCALE DI ROMA CAPITALE;2026;03/03/2026;In carico a ente esterno;false;true;POLIZIA LOCALE DI ROMA CAPITALE;false
POLIZIA LOCALE DI ROMA CAPITALE;2026;03/03/2026;In carico a ente esterno;false;true;POLIZIA LOCALE DI ROMA CAPITALE;false
POLIZIA LOCALE DI ROMA CAPITALE;2026;03/03/2026;In carico a ente esterno;false;true;POLIZIA LOCALE DI ROMA CAPITALE;false
POLIZIA LOCALE DI ROMA CAPITALE;2026;03/03/2026;In carico a ente esterno;false;true;POLIZIA LOCALE DI ROMA CAPITALE;false
POLIZIA LOCALE DI ROMA CAPITALE;2026;03/03/2026;In carico a ente esterno;false;true;POLIZIA LOCALE DI ROMA CAPITALE;false
POLIZIA LOCALE DI ROMA CAPITALE;2026;03/03/2026;In carico a ente esterno;false;true;POLIZIA LOCALE DI ROMA CAPITALE;false
POLIZIA LOCALE (6° Gruppo TORRI);2026;03/03/2026;Risolto al secondo livello;false;false;;false
CHIAMAROMA 060606;2026;03/03/2026;Risolto al secondo livello;false;false;;false
CHIAMAROMA 060606;2026;03/03/2026;In carico a ente esterno;false;true;POLIZIA LOCALE DI ROMA CAPITALE;true
CHIAMAROMA 060606;2026;03/03/2026;Risolto al secondo livello;false;false;;false
CHIAMAROMA 060606;2026;03/03/2026;Risolto al secondo livello;false;false;;false
CHIAMAROMA 060606;2026;03/03/2026;Risolto al secondo livello;false;false;;false
DIPARTIMENTO INFRASTRUTTURE E LAVORI PUBBLICI;2026;03/03/2026;Risolto al secondo livello;false;false;;false
CHIAMAROMA 060606;2026;03/03/2026;Risolto al secondo livello;false;false;;false
DIPARTIMENTO TUTELA AMBIENTALE;2026;03/03/2026;Risolto al secondo livello;false;false;;false
CHIAMAROMA 060606;2026;03/03/2026;Risolto al secondo livello;false;false;;false
CHIAMAROMA 060606;2026;03/03/2026;Risolto al secondo livello;false;false;;false
CHIAMAROMA 060606;2026;03/03/2026;In carico a ente esterno;false;true;POLIZIA LOCALE DI ROMA CAPITALE;true
CHIAMAROMA 060606;2026;03/03/2026;Risolto al primo livello;false;false;;false
CHIAMAROMA 060606;2026;03/03/2026;Non lavorabile o dati insufficienti;false;false;;false
CHIAMAROMA 060606;2026;03/03/2026;In carico a ente esterno;false;true;POLIZIA LOCALE DI ROMA CAPITALE;true
CHIAMAROMA 060606;2026;03/03/2026;Risolto al secondo livello;false;false;;false
CHIAMAROMA 060606;2026;03/03/2026;Risolto al secondo livello;false;false;;false
CHIAMAROMA 060606;2026;03/03/2026;Risolto al primo livello;false;false;;false
CHIAMAROMA 060606;2026;03/03/2026;Risolto al primo livello;false;false;;false
CHIAMAROMA 060606;2026;03/03/2026;Risolto al primo livello;false;false;;false
CHIAMAROMA 060606;2026;03/03/2026;Risolto al secondo livello;false;false;;false
CHIAMAROMA 060606;2026;03/03/2026;Risolto al primo livello;false;false;;false
CHIAMAROMA 060606;2026;03/03/2026;Risolto al primo livello;false;false;;false
CHIAMAROMA 060606;2026;03/03/2026;Risolto al secondo livello;false;false;;false
CHIAMAROMA 060606;2026;03/03/2026;Risolto al secondo livello;false;false;;false
CHIAMAROMA 060606;2026;03/03/2026;Risolto al primo livello;false;false;;false
CHIAMAROMA 060606;2026;03/03/2026;Risolto al primo livello;false;false;;false
CHIAMAROMA 060606;2026;03/03/2026;Risolto al primo livello;false;false;;false
CHIAMAROMA 060606;2026;03/03/2026;Risolto al primo livello;false;false;;false
CHIAMAROMA 060606;2026;03/03/2026;Risolto al primo livello;false;false;;false
MUNICIPIO III;2026;03/03/2026;In carico a ente esterno;false;true;POLIZIA LOCALE DI ROMA CAPITALE;false
CHIAMAROMA 060606;2026;03/03/2026;Risolto al primo livello;false;false;;false
CHIAMAROMA 060606;2026;03/03/2026;Risolto al secondo livello;false;false;;false
CHIAMAROMA 060606;2026;03/03/2026;In carico a ente esterno;false;false;;false
CHIAMAROMA 060606;2026;03/03/2026;In carico a ente esterno;false;true;POLIZIA LOCALE DI ROMA CAPITALE;true
CHIAMAROMA 060606;2026;03/03/2026;In carico a ente esterno;false;false;;false
CHIAMAROMA 060606;2026;03/03/2026;Risolto al secondo livello;false;false;;false
CHIAMAROMA 060606;2026;03/03/2026;Risolto al secondo livello;false;false;;false
CHIAMAROMA 060606;2026;03/03/2026;Risolto da Ente Esterno;false;true;AMA;false
CHIAMAROMA 060606;2026;03/03/2026;Risolto da Ente Esterno;false;true;AMA;false
BACK OFFICE ROMA CAPITALE;2026;03/03/2026;Risolto da Ente Esterno;false;true;AMA;false
CHIAMAROMA 060606;2026;03/03/2026;Risolto da Ente Esterno;false;true;AMA;false
CHIAMAROMA 060606;2026;03/03/2026;Risolto da Ente Esterno;false;true;AMA;false
CHIAMAROMA 060606;2026;03/03/2026;Risolto da Ente Esterno;false;true;AMA;false
CHIAMAROMA 060606;2026;03/03/2026;Risolto da Ente Esterno;false;true;AMA;false
CHIAMAROMA 060606;2026;03/03/2026;In carico a ente esterno;false;true;POLIZIA LOCALE DI ROMA CAPITALE;true
CHIAMAROMA 060606;2026;03/03/2026;Risolto da Ente Esterno;false;true;AMA;false
CHIAMAROMA 060606;2026;03/03/2026;Risolto da Ente Esterno;false;true;AMA;false
CHIAMAROMA 060606;2026;03/03/2026;Risolto da Ente Esterno;false;true;AMA;false
CHIAMAROMA 060606;2026;03/03/2026;Risolto da Ente Esterno;false;true;AMA;false
CHIAMAROMA 060606;2026;03/03/2026;Risolto da Ente Esterno;false;true;AMA;false
CHIAMAROMA 060606;2026;03/03/2026;Risolto da Ente Esterno;false;true;AMA;false
CHIAMAROMA 060606;2026;03/03/2026;Risolto da Ente Esterno;false;true;AMA;false
CHIAMAROMA 060606;2026;03/03/2026;Risolto da Ente Esterno;false;true;AMA;false
CHIAMAROMA 060606;2026;03/03/2026;Risolto da Ente Esterno;false;true;AMA;false
CHIAMAROMA 060606;2026;03/03/2026;Risolto da Ente Esterno;false;true;AMA;false
CHIAMAROMA 060606;2026;03/03/2026;Risolto da Ente Esterno;false;true;AMA;false
CHIAMAROMA 060606;2026;03/03/2026;Risolto da Ente Esterno;false;true;AMA;false
CHIAMAROMA 060606;2026;03/03/2026;Risolto da Ente Esterno;false;true;AMA;false
CHIAMAROMA 060606;2026;03/03/2026;Risolto da Ente Esterno;false;true;AMA;false
CHIAMAROMA 060606;2026;03/03/2026;Risolto al secondo livello;false;false;;false
CHIAMAROMA 060606;2026;03/03/2026;In carico a ente esterno;false;true;POLIZIA LOCALE DI ROMA CAPITALE;false
POLIZIA LOCALE DI ROMA CAPITALE;2026;03/03/2026;In carico a ente esterno;false;true;POLIZIA LOCALE DI ROMA CAPITALE;false
POLIZIA LOCALE DI ROMA CAPITALE;2026;03/03/2026;In carico a ente esterno;false;true;POLIZIA LOCALE DI ROMA CAPITALE;false
POLIZIA LOCALE DI ROMA CAPITALE;2026;03/03/2026;In carico a ente esterno;false;true;POLIZIA LOCALE DI ROMA CAPITALE;false
POLIZIA LOCALE DI ROMA CAPITALE;2026;03/03/2026;In carico a ente esterno;false;true;POLIZIA LOCALE DI ROMA CAPITALE;false
POLIZIA LOCALE DI ROMA CAPITALE;2026;03/03/2026;In carico a ente esterno;false;true;POLIZIA LOCALE DI ROMA CAPITALE;false
POLIZIA LOCALE DI ROMA CAPITALE;2026;03/03/2026;In carico a ente esterno;false;true;POLIZIA LOCALE DI ROMA CAPITALE;false
POLIZIA LOCALE DI ROMA CAPITALE;2026;03/03/2026;In carico a ente esterno;false;true;POLIZIA LOCALE DI ROMA CAPITALE;false
POLIZIA LOCALE DI ROMA CAPITALE;2026;03/03/2026;In carico a ente esterno;false;true;POLIZIA LOCALE DI ROMA CAPITALE;false
CHIAMAROMA 060606;2026;03/03/2026;Risolto al secondo livello;false;false;;false
CHIAMAROMA 060606;2026;03/03/2026;Risolto al secondo livello;false;true;AMA;false
;2026;03/03/2026;Risolto al secondo livello;false;false;;false
CHIAMAROMA 060606;2026;03/03/2026;Non più necessario;false;false;;false
CHIAMAROMA 060606;2026;03/03/2026;Risolto al secondo livello;false;false;;false
CHIAMAROMA 060606;2026;03/03/2026;In carico a ente esterno;false;true;POLIZIA LOCALE DI ROMA CAPITALE;true
CHIAMAROMA 060606;2026;03/03/2026;Risolto al secondo livello;false;false;;false
CHIAMAROMA 060606;2026;03/03/2026;Risolto al secondo livello;false;false;;false
CHIAMAROMA 060606;2026;03/03/2026;Risolto al secondo livello;false;false;;false
CHIAMAROMA 060606;2026;03/03/2026;Risolto al secondo livello;false;false;;false
CHIAMAROMA 060606;2026;03/03/2026;Risolto al secondo livello;false;false;;false
CHIAMAROMA 060606;2026;03/03/2026;Risolto al secondo livello;false;false;;false
CHIAMAROMA 060606;2026;03/03/2026;In carico a ente esterno;false;true;POLIZIA LOCALE DI ROMA CAPITALE;true
CHIAMAROMA 060606;2026;03/03/2026;Risolto al secondo livello;false;false;;false
CHIAMAROMA 060606;2026;03/03/2026;In carico a ente esterno;false;true;POLIZIA LOCALE DI ROMA CAPITALE;true
CHIAMAROMA 060606;2026;03/03/2026;Risolto al secondo livello;false;false;;false
CHIAMAROMA 060606;2026;03/03/2026;Risolto al secondo livello;false;false;;false
CHIAMAROMA 060606;2026;03/03/2026;Risolto al secondo livello;false;false;;false
GABINETTO DEL SINDACO;2026;03/03/2026;Non lavorabile o dati insufficienti;false;false;;false
GABINETTO DEL SINDACO;2026;03/03/2026;Non lavorabile o dati insufficienti;false;false;;false
CHIAMAROMA 060606;2026;03/03/2026;Risolto al primo livello;false;false;;false
RAGIONERIA GENERALE;2026;03/03/2026;Non lavorabile o dati insufficienti;false;false;;false
GABINETTO DEL SINDACO;2026;03/03/2026;Non lavorabile o dati insufficienti;false;false;;false
CHIAMAROMA 060606;2026;03/03/2026;Risolto al secondo livello;false;true;AMA;false
CHIAMAROMA 060606;2026;03/03/2026;Risolto al secondo livello;false;false;;false
CHIAMAROMA 060606;2026;03/03/2026;Risolto al secondo livello;false;false;;false
CHIAMAROMA 060606;2026;03/03/2026;Risolto al secondo livello;false;false;;false
CHIAMAROMA 060606;2026;03/03/2026;In carico a ente esterno;false;true;POLIZIA LOCALE DI ROMA CAPITALE;true
CHIAMAROMA 060606;2026;03/03/2026;Risolto al secondo livello;false;false;;false
CHIAMAROMA 060606;2026;03/03/2026;Risolto al secondo livello;false;false;;false
BACK OFFICE ROMA CAPITALE;2026;03/03/2026;Risolto al secondo livello;false;false;;false
CHIAMAROMA 060606;2026;03/03/2026;Risolto al secondo livello;false;false;;false
CHIAMAROMA 060606;2026;03/03/2026;Risolto al primo livello;false;false;;false
CHIAMAROMA 060606;2026;03/03/2026;Risolto al secondo livello;false;true;AMA;false
;2026;03/03/2026;Risolto al secondo livello;false;false;;false
CHIAMAROMA 060606;2026;03/03/2026;Risolto al secondo livello;false;false;;false
RAGIONERIA GENERALE;2026;03/03/2026;Risolto al secondo livello;false;false;;false
MUNICIPIO V;2026;03/03/2026;Risolto al secondo livello;false;false;;false
MUNICIPIO VII;2026;03/03/2026;Risolto al secondo livello;false;false;;false
MUNICIPIO V;2026;03/03/2026;Non di competenza di Roma Capitale o enti controllati;false;false;;false
CHIAMAROMA 060606;2026;03/03/2026;In carico a ente esterno;false;true;POLIZIA LOCALE DI ROMA CAPITALE;true
CHIAMAROMA 060606;2026;03/03/2026;Risolto al secondo livello;false;false;;false
POLIZIA LOCALE DI ROMA CAPITALE;2026;03/03/2026;In carico a ente esterno;false;true;POLIZIA LOCALE DI ROMA CAPITALE;false
POLIZIA LOCALE DI ROMA CAPITALE;2026;03/03/2026;In carico a ente esterno;false;true;POLIZIA LOCALE DI ROMA CAPITALE;false
POLIZIA LOCALE DI ROMA CAPITALE;2026;03/03/2026;In carico a ente esterno;false;true;POLIZIA LOCALE DI ROMA CAPITALE;false
POLIZIA LOCALE DI ROMA CAPITALE;2026;03/03/2026;In carico a ente esterno;false;true;POLIZIA LOCALE DI ROMA CAPITALE;false
POLIZIA LOCALE DI ROMA CAPITALE;2026;03/03/2026;In carico a ente esterno;false;true;POLIZIA LOCALE DI ROMA CAPITALE;false
POLIZIA LOCALE DI ROMA CAPITALE;2026;03/03/2026;In carico a ente esterno;false;true;POLIZIA LOCALE DI ROMA CAPITALE;false
CHIAMAROMA 060606;2026;03/03/2026;Risolto al secondo livello;false;false;;false
CHIAMAROMA 060606;2026;03/03/2026;In carico a ente esterno;false;true;POLIZIA LOCALE DI ROMA CAPITALE;true
CHIAMAROMA 060606;2026;03/03/2026;Risolto al secondo livello;false;false;;false
CHIAMAROMA 060606;2026;03/03/2026;Risolto al secondo livello;false;false;;false
CHIAMAROMA 060606;2026;03/03/2026;Risolto al secondo livello;false;false;;false
MUNICIPIO VII;2026;03/03/2026;Risolto al primo livello;false;false;;false
POLIZIA LOCALE (COMANDO GENERALE);2026;03/03/2026;Risolto al primo livello;false;false;;false
CHIAMAROMA 060606;2026;03/03/2026;In carico a ente esterno;false;true;POLIZIA LOCALE DI ROMA CAPITALE;true
CHIAMAROMA 060606;2026;03/03/2026;Risolto al primo livello;false;false;;false
CHIAMAROMA 060606;2026;03/03/2026;Risolto al primo livello;false;false;;false
CHIAMAROMA 060606;2026;03/03/2026;Risolto al primo livello;false;false;;false
CHIAMAROMA 060606;2026;03/03/2026;Risolto al secondo livello;false;false;;false
MUNICIPIO VIII;2026;03/03/2026;Risolto al secondo livello;false;false;;false
CHIAMAROMA 060606;2026;03/03/2026;Non lavorabile o dati insufficienti;false;false;;false
BACK OFFICE ROMA CAPITALE;2026;03/03/2026;Risolto al primo livello;false;false;;false
CHIAMAROMA 060606;2026;03/03/2026;Risolto al secondo livello;false;false;;false
CHIAMAROMA 060606;2026;03/03/2026;Risolto al primo livello;false;false;;false
BACK OFFICE ROMA CAPITALE;2026;03/03/2026;Risolto al primo livello;false;false;;false
CHIAMAROMA 060606;2026;03/03/2026;Risolto al primo livello;false;false;;false
CHIAMAROMA 060606;2026;03/03/2026;Risolto al secondo livello;false;false;;false
CHIAMAROMA 060606;2026;03/03/2026;Risolto al primo livello;false;false;;false
CHIAMAROMA 060606;2026;03/03/2026;In carico a ente esterno;false;true;POLIZIA LOCALE DI ROMA CAPITALE;true
MUNICIPIO VII;2026;03/03/2026;Risolto al primo livello;false;false;;false
CHIAMAROMA 060606;2026;03/03/2026;In carico a ente esterno;false;true;POLIZIA LOCALE DI ROMA CAPITALE;true
CHIAMAROMA 060606;2026;03/03/2026;Risolto al secondo livello;false;false;;false
POLIZIA LOCALE (COMANDO GENERALE);2026;03/03/2026;In carico a ente esterno;false;true;POLIZIA LOCALE DI ROMA CAPITALE;false
MUNICIPIO VI;2026;03/03/2026;Non lavorabile o dati insufficienti;false;false;;false
MUNICIPIO VII;2026;03/03/2026;Risolto al primo livello;false;false;;false
CHIAMAROMA 060606;2026;03/03/2026;Risolto al secondo livello;false;false;;false
CHIAMAROMA 060606;2026;03/03/2026;Risolto al secondo livello;false;false;;false
CHIAMAROMA 060606;2026;03/03/2026;In carico a ente esterno;false;true;POLIZIA LOCALE DI ROMA CAPITALE;true
CHIAMAROMA 060606;2026;03/03/2026;Risolto al secondo livello;false;false;;false
POLIZIA LOCALE (COMANDO GENERALE);2026;03/03/2026;Non lavorabile o dati insufficienti;false;false;;false
MUNICIPIO VII;2026;03/03/2026;Risolto al primo livello;false;false;;false
CHIAMAROMA 060606;2026;03/03/2026;Risolto al primo livello;false;false;;false
CHIAMAROMA 060606;2026;03/03/2026;Risolto al secondo livello;false;false;;false
CHIAMAROMA 060606;2026;03/03/2026;Risolto al secondo livello;false;false;;false
CHIAMAROMA 060606;2026;03/03/2026;In carico a ente esterno;false;true;POLIZIA LOCALE DI ROMA CAPITALE;true
CHIAMAROMA 060606;2026;03/03/2026;Risolto al secondo livello;false;true;AMA;false
POLIZIA LOCALE DI ROMA CAPITALE;2026;03/03/2026;In carico a ente esterno;false;true;POLIZIA LOCALE DI ROMA CAPITALE;false
POLIZIA LOCALE DI ROMA CAPITALE;2026;03/03/2026;In carico a ente esterno;false;true;POLIZIA LOCALE DI ROMA CAPITALE;false
CHIAMAROMA 060606;2026;03/03/2026;Risolto al secondo livello;false;false;;false
CHIAMAROMA 060606;2026;03/03/2026;Risolto al secondo livello;false;false;;false
BACK OFFICE ROMA CAPITALE;2026;03/03/2026;Risolto al secondo livello;false;false;;false
CHIAMAROMA 060606;2026;03/03/2026;Risolto al secondo livello;false;false;;false
MUNICIPIO II;2026;03/03/2026;Risolto al secondo livello;false;false;;false
CHIAMAROMA 060606;2026;03/03/2026;Risolto al secondo livello;false;false;;false
CHIAMAROMA 060606;2026;03/03/2026;Risolto al secondo livello;false;false;;false
CHIAMAROMA 060606;2026;03/03/2026;Risolto al secondo livello;false;false;;false
CHIAMAROMA 060606;2026;03/03/2026;Risolto al secondo livello;false;false;;false
CHIAMAROMA 060606;2026;03/03/2026;Risolto al secondo livello;false;false;;false
CHIAMAROMA 060606;2026;03/03/2026;Risolto al secondo livello;false;false;;false
CHIAMAROMA 060606;2026;03/03/2026;Risolto al secondo livello;false;false;;false
MUNICIPIO II;2026;03/03/2026;Risolto al secondo livello;false;false;;false
CHIAMAROMA 060606;2026;03/03/2026;Risolto al secondo livello;false;false;;false
CHIAMAROMA 060606;2026;03/03/2026;In carico a ente esterno;false;true;POLIZIA LOCALE DI ROMA CAPITALE;true
CHIAMAROMA 060606;2026;03/03/2026;Risolto al secondo livello;false;true;AMA;false
CHIAMAROMA 060606;2026;03/03/2026;In carico a ente esterno;false;true;POLIZIA LOCALE DI ROMA CAPITALE;true
AMA;2026;03/03/2026;Risolto da Ente Esterno;false;true;AMA;true
CHIAMAROMA 060606;2026;03/03/2026;Risolto da Ente Esterno;false;true;AMA;false
CHIAMAROMA 060606;2026;03/03/2026;Risolto da Ente Esterno;false;true;AMA;false
BACK OFFICE ROMA CAPITALE;2026;03/03/2026;Risolto da Ente Esterno;false;true;AMA;false
CHIAMAROMA 060606;2026;03/03/2026;In carico a ente esterno;false;true;POLIZIA LOCALE DI ROMA CAPITALE;true
CHIAMAROMA 060606;2026;03/03/2026;Risolto da Ente Esterno;false;true;AMA;false
CHIAMAROMA 060606;2026;03/03/2026;Risolto da Ente Esterno;false;true;AMA;false
AMA;2026;03/03/2026;Risolto da Ente Esterno;false;true;AMA;false
CHIAMAROMA 060606;2026;03/03/2026;Risolto da Ente Esterno;false;true;AMA;false
CHIAMAROMA 060606;2026;03/03/2026;Risolto da Ente Esterno;false;true;AMA;false
CHIAMAROMA 060606;2026;03/03/2026;Risolto da Ente Esterno;false;true;AMA;false
CHIAMAROMA 060606;2026;03/03/2026;Risolto da Ente Esterno;false;true;AMA;false
CHIAMAROMA 060606;2026;03/03/2026;Risolto da Ente Esterno;false;true;AMA;false
MUNICIPIO XIV;2026;03/03/2026;Risolto da Ente Esterno;false;true;AMA;false
CHIAMAROMA 060606;2026;03/03/2026;Risolto da Ente Esterno;false;true;AMA;false
BACK OFFICE ROMA CAPITALE;2026;03/03/2026;Risolto da Ente Esterno;false;true;AMA;false
CHIAMAROMA 060606;2026;03/03/2026;Risolto al primo livello;false;false;;false
CHIAMAROMA 060606;2026;03/03/2026;In carico a ente esterno;false;true;POLIZIA LOCALE DI ROMA CAPITALE;true
DIPARTIMENTO ATTUAZIONE URBANISTICA;2026;03/03/2026;Risolto da Ente Esterno;false;false;;false
DIPARTIMENTO ATTUAZIONE URBANISTICA;2026;03/03/2026;Mancata risposta del cittadino;false;false;;false
DIPARTIMENTO ATTUAZIONE URBANISTICA;2026;03/03/2026;Mancata risposta del cittadino;false;false;;false
BACK OFFICE ROMA CAPITALE;2026;03/03/2026;Risolto al secondo livello;false;false;;false
CHIAMAROMA 060606;2026;03/03/2026;Risolto al secondo livello;false;true;AMA;false
DIPARTIMENTO ATTUAZIONE URBANISTICA;2026;03/03/2026;Risolto da Ente Esterno;false;false;;false
DIPARTIMENTO ATTUAZIONE URBANISTICA;2026;03/03/2026;Risolto da Ente Esterno;false;false;;false
GABINETTO DEL SINDACO;2026;03/03/2026;Risolto al secondo livello;false;false;;false
MUNICIPIO V;2026;03/03/2026;Risolto al secondo livello;false;false;;false
CHIAMAROMA 060606;2026;03/03/2026;In carico a ente esterno;false;true;POLIZIA LOCALE DI ROMA CAPITALE;true
CHIAMAROMA 060606;2026;03/03/2026;In carico a ente esterno;false;true;POLIZIA LOCALE DI ROMA CAPITALE;true
CHIAMAROMA 060606;2026;03/03/2026;In carico a ente esterno;false;true;POLIZIA LOCALE DI ROMA CAPITALE;true
CHIAMAROMA 060606;2026;03/03/2026;In carico a ente esterno;false;true;POLIZIA LOCALE DI ROMA CAPITALE;true
CHIAMAROMA 060606;2026;03/03/2026;Risolto al secondo livello;false;false;;false
CHIAMAROMA 060606;2026;03/03/2026;Risolto al secondo livello;false;false;;false
CHIAMAROMA 060606;2026;03/03/2026;Risolto al secondo livello;false;false;;false
DIPARTIMENTO INFRASTRUTTURE E LAVORI PUBBLICI;2026;03/03/2026;Risolto al secondo livello;false;false;;false
CHIAMAROMA 060606;2026;03/03/2026;In carico a ente esterno;false;true;POLIZIA LOCALE DI ROMA CAPITALE;true
CHIAMAROMA 060606;2026;03/03/2026;In carico a ente esterno;false;true;POLIZIA LOCALE DI ROMA CAPITALE;true
CHIAMAROMA 060606;2026;03/03/2026;Risolto al secondo livello;false;false;;false
CHIAMAROMA 060606;2026;03/03/2026;In carico a ente esterno;false;true;POLIZIA LOCALE DI ROMA CAPITALE;true
MUNICIPIO III;2026;03/03/2026;Risolto al secondo livello;false;false;;false
POLIZIA LOCALE DI ROMA CAPITALE;2026;03/03/2026;In carico a ente esterno;false;true;POLIZIA LOCALE DI ROMA CAPITALE;false
POLIZIA LOCALE DI ROMA CAPITALE;2026;03/03/2026;In carico a ente esterno;false;true;POLIZIA LOCALE DI ROMA CAPITALE;false
POLIZIA LOCALE DI ROMA CAPITALE;2026;03/03/2026;In carico a ente esterno;false;true;POLIZIA LOCALE DI ROMA CAPITALE;false
POLIZIA LOCALE DI ROMA CAPITALE;2026;03/03/2026;In carico a ente esterno;false;true;POLIZIA LOCALE DI ROMA CAPITALE;false
POLIZIA LOCALE DI ROMA CAPITALE;2026;03/03/2026;In carico a ente esterno;false;true;POLIZIA LOCALE DI ROMA CAPITALE;false
CHIAMAROMA 060606;2026;03/03/2026;In carico a ente esterno;false;true;POLIZIA LOCALE DI ROMA CAPITALE;true
CHIAMAROMA 060606;2026;03/03/2026;Risolto al secondo livello;false;false;;false
CHIAMAROMA 060606;2026;03/03/2026;Risolto al secondo livello;false;false;;false
CHIAMAROMA 060606;2026;03/03/2026;Risolto al secondo livello;false;false;;false
CHIAMAROMA 060606;2026;03/03/2026;Risolto al primo livello;false;false;;false
CHIAMAROMA 060606;2026;03/03/2026;In carico a ente esterno;false;true;POLIZIA LOCALE DI ROMA CAPITALE;true
CHIAMAROMA 060606;2026;03/03/2026;Risolto al secondo livello;false;false;;false
CHIAMAROMA 060606;2026;03/03/2026;Risolto al secondo livello;false;false;;false
CHIAMAROMA 060606;2026;03/03/2026;In carico a ente esterno;false;true;POLIZIA LOCALE DI ROMA CAPITALE;true
MUNICIPIO III;2026;03/03/2026;Risolto al secondo livello;false;false;;false
;2026;03/03/2026;Risolto al secondo livello;false;false;;false
CHIAMAROMA 060606;2026;03/03/2026;Risolto al secondo livello;false;false;;false
CHIAMAROMA 060606;2026;03/03/2026;Risolto al secondo livello;false;false;;false
MUNICIPIO III;2026;03/03/2026;Risolto al secondo livello;false;false;;false
CHIAMAROMA 060606;2026;03/03/2026;Risolto al secondo livello;false;false;;false
CHIAMAROMA 060606;2026;03/03/2026;Risolto al primo livello;false;false;;false
MUNICIPIO XIII;2026;03/03/2026;In carico a ente esterno;false;true;POLIZIA LOCALE DI ROMA CAPITALE;false
CHIAMAROMA 060606;2026;03/03/2026;Risolto al secondo livello;false;false;;false
CHIAMAROMA 060606;2026;03/03/2026;Risolto al secondo livello;false;false;;false
CHIAMAROMA 060606;2026;03/03/2026;Risolto al secondo livello;false;false;;false
CHIAMAROMA 060606;2026;03/03/2026;In carico a ente esterno;false;true;POLIZIA LOCALE DI ROMA CAPITALE;true
CHIAMAROMA 060606;2026;03/03/2026;Risolto al secondo livello;false;false;;false
CHIAMAROMA 060606;2026;03/03/2026;Risolto al secondo livello;false;false;;false
CHIAMAROMA 060606;2026;03/03/2026;In carico a ente esterno;false;true;POLIZIA LOCALE DI ROMA CAPITALE;true
MUNICIPIO VII;2026;03/03/2026;Risolto al primo livello;false;false;;false
CHIAMAROMA 060606;2026;03/03/2026;Risolto al secondo livello;false;false;;false
POLIZIA LOCALE DI ROMA CAPITALE;2026;03/03/2026;In carico a ente esterno;false;true;POLIZIA LOCALE DI ROMA CAPITALE;false
POLIZIA LOCALE DI ROMA CAPITALE;2026;03/03/2026;In carico a ente esterno;false;true;POLIZIA LOCALE DI ROMA CAPITALE;false
POLIZIA LOCALE DI ROMA CAPITALE;2026;03/03/2026;In carico a ente esterno;false;true;POLIZIA LOCALE DI ROMA CAPITALE;false
POLIZIA LOCALE DI ROMA CAPITALE;2026;03/03/2026;In carico a ente esterno;false;true;POLIZIA LOCALE DI ROMA CAPITALE;false
POLIZIA LOCALE DI ROMA CAPITALE;2026;03/03/2026;In carico a ente esterno;false;true;POLIZIA LOCALE DI ROMA CAPITALE;false
POLIZIA LOCALE DI ROMA CAPITALE;2026;03/03/2026;In carico a ente esterno;false;true;POLIZIA LOCALE DI ROMA CAPITALE;false
CHIAMAROMA 060606;2026;03/03/2026;In carico a ente esterno;false;true;POLIZIA LOCALE DI ROMA CAPITALE;true
POLIZIA LOCALE (COMANDO GENERALE);2026;03/03/2026;Risolto al secondo livello;false;false;;false
CHIAMAROMA 060606;2026;03/03/2026;In carico a ente esterno;false;true;POLIZIA LOCALE DI ROMA CAPITALE;true
POLIZIA LOCALE (8° Gruppo TINTORETTO);2026;03/03/2026;Risolto al secondo livello;false;false;;false
CHIAMAROMA 060606;2026;03/03/2026;In carico a ente esterno;false;true;POLIZIA LOCALE DI ROMA CAPITALE;true
MUNICIPIO V;2026;03/03/2026;Risolto al secondo livello;false;false;;false
BACK OFFICE ROMA CAPITALE;2026;03/03/2026;Risolto al secondo livello;false;false;;false
CHIAMAROMA 060606;2026;03/03/2026;Non più necessario;false;false;;false
CHIAMAROMA 060606;2026;03/03/2026;Non più necessario;false;false;;false
CHIAMAROMA 060606;2026;03/03/2026;Non più necessario;false;false;;false
DIPARTIMENTO TUTELA AMBIENTALE;2026;03/03/2026;Non più necessario;false;false;;false
CHIAMAROMA 060606;2026;03/03/2026;Non più necessario;false;false;;false
CHIAMAROMA 060606;2026;03/03/2026;In carico a ente esterno;false;true;POLIZIA LOCALE DI ROMA CAPITALE;true
CHIAMAROMA 060606;2026;03/03/2026;Risolto da Ente Esterno;false;true;AMA;false
CHIAMAROMA 060606;2026;03/03/2026;Risolto da Ente Esterno;false;true;AMA;false
CHIAMAROMA 060606;2026;03/03/2026;Risolto da Ente Esterno;false;true;AMA;false
CHIAMAROMA 060606;2026;03/03/2026;Risolto da Ente Esterno;false;true;AMA;false
CHIAMAROMA 060606;2026;03/03/2026;Risolto da Ente Esterno;false;true;AMA;false
CHIAMAROMA 060606;2026;03/03/2026;Risolto da Ente Esterno;false;true;AMA;false
CHIAMAROMA 060606;2026;03/03/2026;Risolto da Ente Esterno;false;true;AMA;false
CHIAMAROMA 060606;2026;03/03/2026;Risolto da Ente Esterno;false;true;AMA;false
CHIAMAROMA 060606;2026;03/03/2026;Risolto da Ente Esterno;false;true;AMA;false
CHIAMAROMA 060606;2026;03/03/2026;Risolto da Ente Esterno;false;true;AMA;false
CHIAMAROMA 060606;2026;03/03/2026;Risolto da Ente Esterno;false;true;AMA;false
CHIAMAROMA 060606;2026;03/03/2026;Risolto da Ente Esterno;false;true;AMA;false
CHIAMAROMA 060606;2026;03/03/2026;Risolto da Ente Esterno;false;true;AMA;false
CHIAMAROMA 060606;2026;03/03/2026;Non più necessario;false;false;;false
CHIAMAROMA 060606;2026;03/03/2026;Risolto da Ente Esterno;false;true;AMA;false
CHIAMAROMA 060606;2026;03/03/2026;Risolto da Ente Esterno;false;true;AMA;false
CHIAMAROMA 060606;2026;03/03/2026;Risolto da Ente Esterno;false;true;AMA;false
CHIAMAROMA 060606;2026;03/03/2026;Risolto da Ente Esterno;false;true;AMA;false
CHIAMAROMA 060606;2026;03/03/2026;Risolto da Ente Esterno;false;true;AMA;false
CHIAMAROMA 060606;2026;03/03/2026;Risolto da Ente Esterno;false;true;AMA;false
CHIAMAROMA 060606;2026;03/03/2026;Risolto da Ente Esterno;false;true;AMA;false
MUNICIPIO IV;2026;03/03/2026;Risolto da Ente Esterno;false;true;AMA;false
CHIAMAROMA 060606;2026;03/03/2026;Risolto da Ente Esterno;false;true;AMA;false
MUNICIPIO III;2026;03/03/2026;Risolto da Ente Esterno;false;true;AMA;false
CHIAMAROMA 060606;2026;03/03/2026;Non più necessario;false;false;;false
POLIZIA LOCALE DI ROMA CAPITALE;2026;03/03/2026;In carico a ente esterno;false;true;POLIZIA LOCALE DI ROMA CAPITALE;false
MUNICIPIO VIII;2026;03/03/2026;Non più necessario;false;false;;false
CHIAMAROMA 060606;2026;03/03/2026;In carico a ente esterno;false;true;POLIZIA LOCALE DI ROMA CAPITALE;true
CHIAMAROMA 060606;2026;03/03/2026;In carico a ente esterno;false;true;POLIZIA LOCALE DI ROMA CAPITALE;true
CHIAMAROMA 060606;2026;03/03/2026;Non più necessario;false;false;;false
DIPARTIMENTO TUTELA AMBIENTALE;2026;03/03/2026;Non più necessario;false;false;;false
CHIAMAROMA 060606;2026;03/03/2026;In carico a ente esterno;false;true;POLIZIA LOCALE DI ROMA CAPITALE;true
CHIAMAROMA 060606;2026;03/03/2026;Risolto al secondo livello;false;false;;false
MUNICIPIO VII;2026;03/03/2026;In carico a ente esterno;false;true;POLIZIA LOCALE DI ROMA CAPITALE;true
CHIAMAROMA 060606;2026;03/03/2026;Risolto al primo livello;false;false;;false
CHIAMAROMA 060606;2026;03/03/2026;Risolto al secondo livello;false;false;;false
;2026;03/03/2026;In carico a ente esterno;false;true;POLIZIA LOCALE DI ROMA CAPITALE;false
CHIAMAROMA 060606;2026;03/03/2026;Risolto al primo livello;false;false;;false
POLIZIA LOCALE DI ROMA CAPITALE;2026;03/03/2026;In carico a ente esterno;false;true;POLIZIA LOCALE DI ROMA CAPITALE;false
POLIZIA LOCALE DI ROMA CAPITALE;2026;03/03/2026;In carico a ente esterno;false;true;POLIZIA LOCALE DI ROMA CAPITALE;false
CHIAMAROMA 060606;2026;03/03/2026;Risolto al secondo livello;false;false;;false
CHIAMAROMA 060606;2026;03/03/2026;Risolto al secondo livello;false;false;;false
CHIAMAROMA 060606;2026;03/03/2026;In carico a ente esterno;false;true;POLIZIA LOCALE DI ROMA CAPITALE;true
MUNICIPIO XIV;2026;03/03/2026;Risolto al secondo livello;false;false;;false
CHIAMAROMA 060606;2026;03/03/2026;In carico a ente esterno;false;true;POLIZIA LOCALE DI ROMA CAPITALE;true
DIPARTIMENTO TUTELA AMBIENTALE;2026;03/03/2026;Risolto al secondo livello;false;false;;false
BACK OFFICE ROMA CAPITALE;2026;03/03/2026;In carico a ente esterno;false;true;POLIZIA LOCALE DI ROMA CAPITALE;false
CHIAMAROMA 060606;2026;03/03/2026;Risolto da Ente Esterno;false;true;AMA;false
AMA;2026;03/03/2026;Risolto da Ente Esterno;false;true;AMA;false
AMA;2026;03/03/2026;Risolto da Ente Esterno;false;true;AMA;false
CHIAMAROMA 060606;2026;03/03/2026;Risolto da Ente Esterno;false;true;AMA;false
CHIAMAROMA 060606;2026;03/03/2026;Risolto da Ente Esterno;false;true;AMA;false
CHIAMAROMA 060606;2026;03/03/2026;In carico a ente esterno;false;true;POLIZIA LOCALE DI ROMA CAPITALE;true
POLIZIA LOCALE DI ROMA CAPITALE;2026;03/03/2026;In carico a ente esterno;false;true;POLIZIA LOCALE DI ROMA CAPITALE;false
POLIZIA LOCALE DI ROMA CAPITALE;2026;03/03/2026;In carico a ente esterno;false;true;POLIZIA LOCALE DI ROMA CAPITALE;false
CHIAMAROMA 060606;2026;03/03/2026;Risolto al secondo livello;false;false;;false
CHIAMAROMA 060606;2026;03/03/2026;In carico a ente esterno;false;true;POLIZIA LOCALE DI ROMA CAPITALE;true
CHIAMAROMA 060606;2026;03/03/2026;In carico a ente esterno;false;true;POLIZIA LOCALE DI ROMA CAPITALE;true
CHIAMAROMA 060606;2026;03/03/2026;Risolto al secondo livello;false;false;;false
POLIZIA LOCALE DI ROMA CAPITALE;2026;03/03/2026;In carico a ente esterno;false;true;POLIZIA LOCALE DI ROMA CAPITALE;false
POLIZIA LOCALE DI ROMA CAPITALE;2026;03/03/2026;In carico a ente esterno;false;true;POLIZIA LOCALE DI ROMA CAPITALE;false
POLIZIA LOCALE DI ROMA CAPITALE;2026;03/03/2026;In carico a ente esterno;false;true;POLIZIA LOCALE DI ROMA CAPITALE;false
POLIZIA LOCALE DI ROMA CAPITALE;2026;03/03/2026;In carico a ente esterno;false;true;POLIZIA LOCALE DI ROMA CAPITALE;false
POLIZIA LOCALE DI ROMA CAPITALE;2026;03/03/2026;In carico a ente esterno;false;true;POLIZIA LOCALE DI ROMA CAPITALE;false
POLIZIA LOCALE DI ROMA CAPITALE;2026;04/03/2026;In carico a ente esterno;false;true;POLIZIA LOCALE DI ROMA CAPITALE;false
CHIAMAROMA 060606;2026;04/03/2026;Risolto da Ente Esterno;false;true;AMA;false
CHIAMAROMA 060606;2026;04/03/2026;Risolto da Ente Esterno;false;true;AMA;false
AMA;2026;04/03/2026;Risolto da Ente Esterno;false;true;AMA;false
CHIAMAROMA 060606;2026;04/03/2026;Risolto da Ente Esterno;false;true;AMA;false
POLIZIA LOCALE DI ROMA CAPITALE;2026;04/03/2026;In carico a ente esterno;false;true;POLIZIA LOCALE DI ROMA CAPITALE;false
CHIAMAROMA 060606;2026;04/03/2026;Risolto da Ente Esterno;false;true;AMA;false
CHIAMAROMA 060606;2026;04/03/2026;Risolto da Ente Esterno;false;true;AMA;false
CHIAMAROMA 060606;2026;04/03/2026;Risolto da Ente Esterno;false;true;AMA;false
CHIAMAROMA 060606;2026;04/03/2026;Risolto da Ente Esterno;false;true;AMA;false
CHIAMAROMA 060606;2026;04/03/2026;Risolto da Ente Esterno;false;true;AMA;false
CHIAMAROMA 060606;2026;04/03/2026;Risolto da Ente Esterno;false;true;AMA;false
CHIAMAROMA 060606;2026;04/03/2026;Risolto da Ente Esterno;false;true;AMA;false
CHIAMAROMA 060606;2026;04/03/2026;Risolto da Ente Esterno;false;true;AMA;false
CHIAMAROMA 060606;2026;04/03/2026;Risolto da Ente Esterno;false;true;AMA;false
CHIAMAROMA 060606;2026;04/03/2026;Risolto da Ente Esterno;false;true;AMA;false
CHIAMAROMA 060606;2026;04/03/2026;Risolto da Ente Esterno;false;true;AMA;false
CHIAMAROMA 060606;2026;04/03/2026;Risolto da Ente Esterno;false;true;AMA;false
CHIAMAROMA 060606;2026;04/03/2026;Risolto da Ente Esterno;false;true;AMA;false
CHIAMAROMA 060606;2026;04/03/2026;Risolto da Ente Esterno;false;true;AMA;false
CHIAMAROMA 060606;2026;04/03/2026;Risolto da Ente Esterno;false;true;AMA;false
CHIAMAROMA 060606;2026;04/03/2026;Risolto da Ente Esterno;false;true;AMA;false
CHIAMAROMA 060606;2026;04/03/2026;Risolto da Ente Esterno;false;true;AMA;false
CHIAMAROMA 060606;2026;04/03/2026;Risolto da Ente Esterno;false;true;AMA;false
AMA;2026;04/03/2026;Risolto da Ente Esterno;false;true;AMA;false
CHIAMAROMA 060606;2026;04/03/2026;Risolto da Ente Esterno;false;true;AMA;false
CHIAMAROMA 060606;2026;04/03/2026;Risolto da Ente Esterno;false;true;AMA;false
AMA;2026;04/03/2026;Risolto da Ente Esterno;false;true;AMA;false
BACK OFFICE ROMA CAPITALE;2026;04/03/2026;Risolto da Ente Esterno;false;true;AMA;false
CHIAMAROMA 060606;2026;04/03/2026;Risolto da Ente Esterno;false;true;AMA;false
CHIAMAROMA 060606;2026;04/03/2026;Risolto da Ente Esterno;false;true;AMA;false
CHIAMAROMA 060606;2026;04/03/2026;Risolto da Ente Esterno;false;true;AMA;false
AMA;2026;04/03/2026;Risolto da Ente Esterno;false;true;AMA;false
AMA;2026;04/03/2026;Risolto da Ente Esterno;false;true;AMA;false
AMA;2026;04/03/2026;Risolto da Ente Esterno;false;true;AMA;false
CHIAMAROMA 060606;2026;04/03/2026;Risolto da Ente Esterno;false;true;AMA;false
CHIAMAROMA 060606;2026;04/03/2026;Risolto da Ente Esterno;false;true;AMA;false
CHIAMAROMA 060606;2026;04/03/2026;Risolto da Ente Esterno;false;true;AMA;false
CHIAMAROMA 060606;2026;04/03/2026;Risolto da Ente Esterno;false;true;AMA;false
CHIAMAROMA 060606;2026;04/03/2026;Risolto da Ente Esterno;false;true;AMA;false
MUNICIPIO V;2026;04/03/2026;Risolto da Ente Esterno;false;true;AMA;false
CHIAMAROMA 060606;2026;04/03/2026;Risolto da Ente Esterno;false;true;AMA;false
CHIAMAROMA 060606;2026;04/03/2026;Risolto da Ente Esterno;false;true;AMA;false
CHIAMAROMA 060606;2026;04/03/2026;Risolto da Ente Esterno;false;true;AMA;false
CHIAMAROMA 060606;2026;04/03/2026;Risolto da Ente Esterno;false;true;AMA;false
CHIAMAROMA 060606;2026;04/03/2026;Risolto da Ente Esterno;false;true;AMA;false
CHIAMAROMA 060606;2026;04/03/2026;Risolto da Ente Esterno;false;true;AMA;false
CHIAMAROMA 060606;2026;04/03/2026;Risolto da Ente Esterno;false;true;AMA;false
BACK OFFICE ROMA CAPITALE;2026;04/03/2026;Risolto da Ente Esterno;false;true;AMA;false
CHIAMAROMA 060606;2026;04/03/2026;Risolto da Ente Esterno;false;true;AMA;false
CHIAMAROMA 060606;2026;04/03/2026;Risolto da Ente Esterno;false;true;AMA;false
CHIAMAROMA 060606;2026;04/03/2026;Risolto da Ente Esterno;false;true;AMA;false
MUNICIPIO II;2026;04/03/2026;Risolto da Ente Esterno;false;true;AMA;false
CHIAMAROMA 060606;2026;04/03/2026;Risolto da Ente Esterno;false;true;AMA;false
POLIZIA LOCALE DI ROMA CAPITALE;2026;04/03/2026;In carico a ente esterno;false;true;POLIZIA LOCALE DI ROMA CAPITALE;false
CHIAMAROMA 060606;2026;04/03/2026;In carico a ente esterno;false;true;POLIZIA LOCALE DI ROMA CAPITALE;true
AMA;2026;04/03/2026;Risolto da Ente Esterno;false;true;AMA;false
CHIAMAROMA 060606;2026;04/03/2026;Risolto da Ente Esterno;false;true;AMA;false
AMA;2026;04/03/2026;Risolto da Ente Esterno;false;true;AMA;false
CHIAMAROMA 060606;2026;04/03/2026;Risolto da Ente Esterno;false;true;AMA;false
CHIAMAROMA 060606;2026;04/03/2026;Risolto da Ente Esterno;false;true;AMA;false
CHIAMAROMA 060606;2026;04/03/2026;Risolto da Ente Esterno;false;true;AMA;false
CHIAMAROMA 060606;2026;04/03/2026;Risolto da Ente Esterno;false;true;AMA;false
CHIAMAROMA 060606;2026;04/03/2026;Risolto da Ente Esterno;false;true;AMA;false
MUNICIPIO XIII;2026;04/03/2026;Risolto da Ente Esterno;false;true;AMA;false
DIPARTIMENTO TUTELA AMBIENTALE;2026;04/03/2026;Risolto da Ente Esterno;false;true;AMA;false
CHIAMAROMA 060606;2026;04/03/2026;In carico a ente esterno;false;true;POLIZIA LOCALE DI ROMA CAPITALE;true
CHIAMAROMA 060606;2026;04/03/2026;In carico a ente esterno;false;true;POLIZIA LOCALE DI ROMA CAPITALE;true
CHIAMAROMA 060606;2026;04/03/2026;In carico a ente esterno;false;true;POLIZIA LOCALE DI ROMA CAPITALE;true
POLIZIA LOCALE (COMANDO GENERALE);2026;04/03/2026;Risolto al secondo livello;false;false;;false
CHIAMAROMA 060606;2026;04/03/2026;Risolto al primo livello;false;false;;true
POLIZIA LOCALE DI ROMA CAPITALE;2026;04/03/2026;In carico a ente esterno;false;true;POLIZIA LOCALE DI ROMA CAPITALE;false
POLIZIA LOCALE DI ROMA CAPITALE;2026;04/03/2026;In carico a ente esterno;false;true;POLIZIA LOCALE DI ROMA CAPITALE;false
POLIZIA LOCALE DI ROMA CAPITALE;2026;04/03/2026;In carico a ente esterno;false;true;POLIZIA LOCALE DI ROMA CAPITALE;false
CHIAMAROMA 060606;2026;04/03/2026;In carico a ente esterno;false;true;POLIZIA LOCALE DI ROMA CAPITALE;true
CHIAMAROMA 060606;2026;04/03/2026;In carico a ente esterno;false;true;POLIZIA LOCALE DI ROMA CAPITALE;true
CHIAMAROMA 060606;2026;04/03/2026;In carico a ente esterno;false;true;POLIZIA LOCALE DI ROMA CAPITALE;true
CHIAMAROMA 060606;2026;04/03/2026;In carico a ente esterno;false;true;POLIZIA LOCALE DI ROMA CAPITALE;true
CHIAMAROMA 060606;2026;04/03/2026;Risolto al secondo livello;true;false;;false
CHIAMAROMA 060606;2026;04/03/2026;Risolto al primo livello;false;false;;false
CHIAMAROMA 060606;2026;04/03/2026;Risolto al secondo livello;false;false;;false
CHIAMAROMA 060606;2026;04/03/2026;Risolto al primo livello;false;false;;false
MUNICIPIO VII;2026;04/03/2026;Risolto al primo livello;false;false;;false
MUNICIPIO VII;2026;04/03/2026;Risolto al primo livello;false;false;;false
CHIAMAROMA 060606;2026;04/03/2026;Risolto al secondo livello;false;false;;false
CHIAMAROMA 060606;2026;04/03/2026;In carico a ente esterno;false;true;POLIZIA LOCALE DI ROMA CAPITALE;true
DIPARTIMENTO TUTELA AMBIENTALE;2026;04/03/2026;Risolto al secondo livello;false;false;;false
CHIAMAROMA 060606;2026;04/03/2026;Risolto al primo livello;false;false;;false
CHIAMAROMA 060606;2026;04/03/2026;In carico a ente esterno;false;true;POLIZIA LOCALE DI ROMA CAPITALE;true
MUNICIPIO VII;2026;04/03/2026;Risolto al primo livello;false;false;;false
MUNICIPIO VII;2026;04/03/2026;Risolto al primo livello;false;false;;false
POLIZIA LOCALE DI ROMA CAPITALE;2026;04/03/2026;In carico a ente esterno;false;true;POLIZIA LOCALE DI ROMA CAPITALE;false
POLIZIA LOCALE DI ROMA CAPITALE;2026;04/03/2026;In carico a ente esterno;false;true;POLIZIA LOCALE DI ROMA CAPITALE;false
POLIZIA LOCALE DI ROMA CAPITALE;2026;04/03/2026;In carico a ente esterno;false;true;POLIZIA LOCALE DI ROMA CAPITALE;false
POLIZIA LOCALE DI ROMA CAPITALE;2026;04/03/2026;In carico a ente esterno;false;true;POLIZIA LOCALE DI ROMA CAPITALE;false
CHIAMAROMA 060606;2026;04/03/2026;Risolto al secondo livello;false;false;;false
DIPARTIMENTO TUTELA AMBIENTALE;2026;04/03/2026;Risolto al secondo livello;false;false;;false
CHIAMAROMA 060606;2026;04/03/2026;Risolto al secondo livello;false;false;;false
POLIZIA LOCALE (3° Gruppo NOMENTANO);2026;04/03/2026;Risolto al secondo livello;false;false;;false
CHIAMAROMA 060606;2026;04/03/2026;Risolto al primo livello;false;false;;false
CHIAMAROMA 060606;2026;04/03/2026;Risolto al secondo livello;false;false;;false
MUNICIPIO VII;2026;04/03/2026;Risolto al primo livello;false;false;;false
CHIAMAROMA 060606;2026;04/03/2026;Risolto al primo livello;false;false;;false
CHIAMAROMA 060606;2026;04/03/2026;In carico a ente esterno;false;true;POLIZIA LOCALE DI ROMA CAPITALE;true
CHIAMAROMA 060606;2026;04/03/2026;Risolto al secondo livello;false;false;;false
GABINETTO DEL SINDACO;2026;04/03/2026;In carico a ente esterno;false;true;POLIZIA LOCALE DI ROMA CAPITALE;false
CHIAMAROMA 060606;2026;04/03/2026;Risolto al secondo livello;false;false;;false
CHIAMAROMA 060606;2026;04/03/2026;Risolto al secondo livello;false;false;;false
POLIZIA LOCALE (3° Gruppo NOMENTANO);2026;04/03/2026;Risolto al secondo livello;false;false;;false
CHIAMAROMA 060606;2026;04/03/2026;In carico a ente esterno;false;true;POLIZIA LOCALE DI ROMA CAPITALE;true
DIPARTIMENTO TUTELA AMBIENTALE;2026;04/03/2026;Risolto al secondo livello;false;false;;false
CHIAMAROMA 060606;2026;04/03/2026;Risolto al secondo livello;false;false;;false
CHIAMAROMA 060606;2026;04/03/2026;Risolto al secondo livello;false;false;;false
CHIAMAROMA 060606;2026;04/03/2026;Risolto al secondo livello;false;false;;false
CHIAMAROMA 060606;2026;04/03/2026;Risolto al secondo livello;false;false;;false
CHIAMAROMA 060606;2026;04/03/2026;Risolto al secondo livello;false;false;;false
DIPARTIMENTO TUTELA AMBIENTALE;2026;04/03/2026;Risolto al secondo livello;false;false;;false
CHIAMAROMA 060606;2026;04/03/2026;In carico a ente esterno;false;true;POLIZIA LOCALE DI ROMA CAPITALE;true
CHIAMAROMA 060606;2026;04/03/2026;In carico a ente esterno;false;true;POLIZIA LOCALE DI ROMA CAPITALE;true
MUNICIPIO XIV;2026;04/03/2026;Risolto al secondo livello;false;false;;false
CHIAMAROMA 060606;2026;04/03/2026;Risolto al secondo livello;false;false;;false
MUNICIPIO I;2026;04/03/2026;Risolto al secondo livello;false;false;;false
CHIAMAROMA 060606;2026;04/03/2026;Risolto al secondo livello;false;false;;false
CHIAMAROMA 060606;2026;04/03/2026;In carico a ente esterno;false;true;POLIZIA LOCALE DI ROMA CAPITALE;true
CHIAMAROMA 060606;2026;04/03/2026;Risolto al secondo livello;false;false;;false
CHIAMAROMA 060606;2026;04/03/2026;Risolto al secondo livello;false;false;;false
CHIAMAROMA 060606;2026;04/03/2026;Risolto al secondo livello;false;false;;false
DIPARTIMENTO TUTELA AMBIENTALE;2026;04/03/2026;Risolto al secondo livello;false;false;;false
DIPARTIMENTO TUTELA AMBIENTALE;2026;04/03/2026;Risolto al secondo livello;false;false;;false
CHIAMAROMA 060606;2026;04/03/2026;Risolto al secondo livello;false;false;;false
MUNICIPIO II;2026;04/03/2026;Risolto al secondo livello;false;false;;false
CHIAMAROMA 060606;2026;04/03/2026;Risolto al secondo livello;false;false;;false
MUNICIPIO II;2026;04/03/2026;Risolto al secondo livello;false;false;;false
MUNICIPIO I;2026;04/03/2026;Risolto al secondo livello;false;false;;false
CHIAMAROMA 060606;2026;04/03/2026;Risolto al secondo livello;false;false;;false
CHIAMAROMA 060606;2026;04/03/2026;Risolto al secondo livello;false;false;;false
DIPARTIMENTO TUTELA AMBIENTALE;2026;04/03/2026;Risolto al secondo livello;false;false;;false
GABINETTO DEL SINDACO;2026;04/03/2026;Risolto al primo livello;false;false;;false
DIPARTIMENTO TUTELA AMBIENTALE;2026;04/03/2026;Risolto al secondo livello;false;false;;false
DIPARTIMENTO TUTELA AMBIENTALE;2026;04/03/2026;Risolto al secondo livello;false;false;;false
CHIAMAROMA 060606;2026;04/03/2026;Risolto al secondo livello;false;false;;false
CHIAMAROMA 060606;2026;04/03/2026;In carico a ente esterno;false;true;POLIZIA LOCALE DI ROMA CAPITALE;true
CHIAMAROMA 060606;2026;04/03/2026;Risolto al primo livello;false;false;;false
CHIAMAROMA 060606;2026;04/03/2026;Risolto da Ente Esterno;false;true;AMA;false
DIPARTIMENTO CICLO DEI RIFIUTI;2026;04/03/2026;Risolto al secondo livello;false;false;;false
CHIAMAROMA 060606;2026;04/03/2026;Risolto da Ente Esterno;false;true;AMA;false
BACK OFFICE ROMA CAPITALE;2026;04/03/2026;Risolto da Ente Esterno;false;true;AMA;false
CHIAMAROMA 060606;2026;04/03/2026;Risolto da Ente Esterno;false;true;AMA;false
CHIAMAROMA 060606;2026;04/03/2026;Risolto da Ente Esterno;false;true;AMA;false
CHIAMAROMA 060606;2026;04/03/2026;Risolto da Ente Esterno;false;true;AMA;false
CHIAMAROMA 060606;2026;04/03/2026;Risolto da Ente Esterno;false;true;AMA;false
CHIAMAROMA 060606;2026;04/03/2026;Risolto da Ente Esterno;false;true;AMA;false
CHIAMAROMA 060606;2026;04/03/2026;Risolto da Ente Esterno;false;true;AMA;false
CHIAMAROMA 060606;2026;04/03/2026;Risolto da Ente Esterno;false;true;AMA;false
CHIAMAROMA 060606;2026;04/03/2026;Risolto da Ente Esterno;false;true;AMA;false
CHIAMAROMA 060606;2026;04/03/2026;Risolto da Ente Esterno;false;true;AMA;false
CHIAMAROMA 060606;2026;04/03/2026;Risolto da Ente Esterno;false;true;AMA;false
CHIAMAROMA 060606;2026;04/03/2026;Risolto da Ente Esterno;false;true;AMA;false
CHIAMAROMA 060606;2026;04/03/2026;In carico a ente esterno;false;true;POLIZIA LOCALE DI ROMA CAPITALE;true
CHIAMAROMA 060606;2026;04/03/2026;In carico a ente esterno;false;true;POLIZIA LOCALE DI ROMA CAPITALE;true
CHIAMAROMA 060606;2026;04/03/2026;Risolto al primo livello;false;false;;false
CHIAMAROMA 060606;2026;04/03/2026;Non lavorabile o dati insufficienti;false;false;;false
POLIZIA LOCALE DI ROMA CAPITALE;2026;04/03/2026;In carico a ente esterno;false;true;POLIZIA LOCALE DI ROMA CAPITALE;false
POLIZIA LOCALE DI ROMA CAPITALE;2026;04/03/2026;In carico a ente esterno;false;true;POLIZIA LOCALE DI ROMA CAPITALE;false
POLIZIA LOCALE DI ROMA CAPITALE;2026;04/03/2026;In carico a ente esterno;false;true;POLIZIA LOCALE DI ROMA CAPITALE;false
CHIAMAROMA 060606;2026;04/03/2026;Risolto al primo livello;false;false;;false
CHIAMAROMA 060606;2026;04/03/2026;Risolto al primo livello;false;false;;false
CHIAMAROMA 060606;2026;04/03/2026;In carico a ente esterno;false;true;POLIZIA LOCALE DI ROMA CAPITALE;true
CHIAMAROMA 060606;2026;04/03/2026;Risolto al secondo livello;false;false;;false
MUNICIPIO IX;2026;04/03/2026;Risolto al secondo livello;false;false;;false
CHIAMAROMA 060606;2026;04/03/2026;In carico a ente esterno;false;true;POLIZIA LOCALE DI ROMA CAPITALE;true
DIPARTIMENTO INFRASTRUTTURE E LAVORI PUBBLICI;2026;04/03/2026;Risolto al secondo livello;false;false;;false
CHIAMAROMA 060606;2026;04/03/2026;Risolto al secondo livello;false;false;;false
BACK OFFICE ROMA CAPITALE;2026;04/03/2026;Risolto al secondo livello;false;false;;false
GABINETTO DEL SINDACO;2026;04/03/2026;In carico a ente esterno;false;true;POLIZIA LOCALE DI ROMA CAPITALE;false
CHIAMAROMA 060606;2026;04/03/2026;Risolto al secondo livello;false;false;;false
CHIAMAROMA 060606;2026;04/03/2026;Risolto al primo livello;false;false;;false
CHIAMAROMA 060606;2026;04/03/2026;Risolto al secondo livello;false;false;;false
MUNICIPIO V;2026;04/03/2026;Risolto al secondo livello;false;false;;false
CHIAMAROMA 060606;2026;04/03/2026;Risolto al secondo livello;false;false;;false
CHIAMAROMA 060606;2026;04/03/2026;Risolto al primo livello;false;false;;false
CHIAMAROMA 060606;2026;04/03/2026;Risolto al secondo livello;false;false;;false
CHIAMAROMA 060606;2026;04/03/2026;Risolto al secondo livello;false;false;;false
CHIAMAROMA 060606;2026;04/03/2026;Risolto al secondo livello;false;false;;false
MUNICIPIO VII;2026;04/03/2026;Risolto al primo livello;false;false;;false
CHIAMAROMA 060606;2026;04/03/2026;Risolto al secondo livello;false;false;;false
CHIAMAROMA 060606;2026;04/03/2026;Risolto al primo livello;false;false;;false
CHIAMAROMA 060606;2026;04/03/2026;In carico a ente esterno;false;true;POLIZIA LOCALE DI ROMA CAPITALE;true
CHIAMAROMA 060606;2026;04/03/2026;Risolto al secondo livello;false;false;;false
CHIAMAROMA 060606;2026;04/03/2026;Risolto al secondo livello;false;false;;false
CHIAMAROMA 060606;2026;04/03/2026;Risolto al secondo livello;false;false;;false
CHIAMAROMA 060606;2026;04/03/2026;In carico a ente esterno;false;true;POLIZIA LOCALE DI ROMA CAPITALE;true
CHIAMAROMA 060606;2026;04/03/2026;In carico a ente esterno;false;true;POLIZIA LOCALE DI ROMA CAPITALE;true
POLIZIA LOCALE DI ROMA CAPITALE;2026;04/03/2026;In carico a ente esterno;false;true;POLIZIA LOCALE DI ROMA CAPITALE;false
MUNICIPIO II;2026;04/03/2026;Risolto al secondo livello;false;false;;false
MUNICIPIO IX;2026;04/03/2026;Non più necessario;false;false;;false
CHIAMAROMA 060606;2026;04/03/2026;Risolto al secondo livello;false;false;;false
CHIAMAROMA 060606;2026;04/03/2026;Risolto al secondo livello;false;false;;false
CHIAMAROMA 060606;2026;04/03/2026;Risolto al secondo livello;false;false;;false
CHIAMAROMA 060606;2026;04/03/2026;In carico a ente esterno;false;true;POLIZIA LOCALE DI ROMA CAPITALE;true
CHIAMAROMA 060606;2026;04/03/2026;Risolto al secondo livello;false;false;;false
CHIAMAROMA 060606;2026;04/03/2026;In carico a ente esterno;false;true;POLIZIA LOCALE DI ROMA CAPITALE;true
CHIAMAROMA 060606;2026;04/03/2026;Risolto al secondo livello;false;false;;false
MUNICIPIO X;2026;04/03/2026;Risolto al primo livello;false;false;;false
CHIAMAROMA 060606;2026;04/03/2026;Risolto al secondo livello;false;false;;false
CHIAMAROMA 060606;2026;04/03/2026;Risolto al secondo livello;false;false;;false
CHIAMAROMA 060606;2026;04/03/2026;Risolto al secondo livello;false;false;;false
CHIAMAROMA 060606;2026;04/03/2026;Risolto al secondo livello;false;false;;false
CHIAMAROMA 060606;2026;04/03/2026;In carico a ente esterno;false;true;POLIZIA LOCALE DI ROMA CAPITALE;true
DIPARTIMENTO TUTELA AMBIENTALE;2026;04/03/2026;Risolto al secondo livello;false;false;;false
CHIAMAROMA 060606;2026;04/03/2026;Risolto al secondo livello;false;false;;false
CHIAMAROMA 060606;2026;04/03/2026;Risolto al secondo livello;false;false;;false
CHIAMAROMA 060606;2026;04/03/2026;Risolto al secondo livello;false;false;;false
CHIAMAROMA 060606;2026;04/03/2026;Risolto al secondo livello;false;false;;false
MUNICIPIO X;2026;04/03/2026;Risolto al secondo livello;false;false;;false
MUNICIPIO V;2026;04/03/2026;Risolto al primo livello;false;false;;false
CHIAMAROMA 060606;2026;04/03/2026;Risolto al secondo livello;false;false;;false
CHIAMAROMA 060606;2026;04/03/2026;Risolto al secondo livello;false;false;;false
CHIAMAROMA 060606;2026;04/03/2026;In carico a ente esterno;false;true;POLIZIA LOCALE DI ROMA CAPITALE;true
MUNICIPIO I;2026;04/03/2026;In carico a ente esterno;false;true;POLIZIA LOCALE DI ROMA CAPITALE;true
MUNICIPIO XIV;2026;04/03/2026;Risolto al secondo livello;false;false;;false
POLIZIA LOCALE DI ROMA CAPITALE;2026;04/03/2026;In carico a ente esterno;false;true;POLIZIA LOCALE DI ROMA CAPITALE;false
POLIZIA LOCALE DI ROMA CAPITALE;2026;04/03/2026;In carico a ente esterno;false;true;POLIZIA LOCALE DI ROMA CAPITALE;false
POLIZIA LOCALE DI ROMA CAPITALE;2026;04/03/2026;In carico a ente esterno;false;true;POLIZIA LOCALE DI ROMA CAPITALE;false
POLIZIA LOCALE DI ROMA CAPITALE;2026;04/03/2026;In carico a ente esterno;false;true;POLIZIA LOCALE DI ROMA CAPITALE;false
GABINETTO DEL SINDACO;2026;04/03/2026;Risolto al secondo livello;false;false;;false
CHIAMAROMA 060606;2026;04/03/2026;Risolto al secondo livello;false;false;;false
CHIAMAROMA 060606;2026;04/03/2026;In carico a ente esterno;false;true;POLIZIA LOCALE DI ROMA CAPITALE;true
CHIAMAROMA 060606;2026;04/03/2026;Risolto al secondo livello;false;false;;false
POLIZIA LOCALE (8° Gruppo TINTORETTO);2026;04/03/2026;Risolto al primo livello;false;false;;false
CHIAMAROMA 060606;2026;04/03/2026;In carico a ente esterno;false;true;POLIZIA LOCALE DI ROMA CAPITALE;true
DIPARTIMENTO COORDINAMENTO SVILUPPO INFRASTRUTTURE E MANUTENZIONE URBANA;2026;04/03/2026;Risolto al secondo livello;false;false;;false
CHIAMAROMA 060606;2026;04/03/2026;Risolto al secondo livello;false;false;;false
CHIAMAROMA 060606;2026;04/03/2026;Risolto al secondo livello;false;false;;false
CHIAMAROMA 060606;2026;04/03/2026;Non più necessario;false;false;;false
CHIAMAROMA 060606;2026;04/03/2026;Non più necessario;false;false;;false
CHIAMAROMA 060606;2026;04/03/2026;Non più necessario;false;false;;false
CHIAMAROMA 060606;2026;04/03/2026;Non più necessario;false;false;;false
CHIAMAROMA 060606;2026;04/03/2026;In carico a ente esterno;false;true;POLIZIA LOCALE DI ROMA CAPITALE;true
CHIAMAROMA 060606;2026;04/03/2026;Non più necessario;false;false;;false
CHIAMAROMA 060606;2026;04/03/2026;Non più necessario;false;false;;false
CHIAMAROMA 060606;2026;04/03/2026;Non più necessario;false;false;;false
DIPARTIMENTO COORDINAMENTO SVILUPPO INFRASTRUTTURE E MANUTENZIONE URBANA;2026;04/03/2026;Non più necessario;false;false;;false
CHIAMAROMA 060606;2026;04/03/2026;Risolto al secondo livello;false;false;;false
DIPARTIMENTO COORDINAMENTO SVILUPPO INFRASTRUTTURE E MANUTENZIONE URBANA;2026;04/03/2026;Non più necessario;false;false;;false
CHIAMAROMA 060606;2026;04/03/2026;Non più necessario;false;false;;false
BACK OFFICE ROMA CAPITALE;2026;04/03/2026;Non più necessario;false;false;;false
GABINETTO DEL SINDACO;2026;04/03/2026;Non più necessario;false;false;;false
DIPARTIMENTO COORDINAMENTO SVILUPPO INFRASTRUTTURE E MANUTENZIONE URBANA;2026;04/03/2026;Non più necessario;false;false;;false
DIPARTIMENTO COORDINAMENTO SVILUPPO INFRASTRUTTURE E MANUTENZIONE URBANA;2026;04/03/2026;Non più necessario;false;false;;false
CHIAMAROMA 060606;2026;04/03/2026;Risolto al primo livello;false;false;;false
MUNICIPIO I;2026;04/03/2026;Non più necessario;false;false;;false
DIPARTIMENTO TUTELA AMBIENTALE;2026;04/03/2026;Non più necessario;false;false;;false
CHIAMAROMA 060606;2026;04/03/2026;Non più necessario;false;false;;false
CHIAMAROMA 060606;2026;04/03/2026;Non più necessario;false;false;;false
CHIAMAROMA 060606;2026;04/03/2026;Non più necessario;false;false;;false
CHIAMAROMA 060606;2026;04/03/2026;Risolto al secondo livello;false;false;;false
CHIAMAROMA 060606;2026;04/03/2026;Risolto al secondo livello;false;false;;false
DIPARTIMENTO COORDINAMENTO SVILUPPO INFRASTRUTTURE E MANUTENZIONE URBANA;2026;04/03/2026;Non più necessario;false;false;;false
CHIAMAROMA 060606;2026;04/03/2026;Non più necessario;false;false;;false
CHIAMAROMA 060606;2026;04/03/2026;Non più necessario;false;false;;false
CHIAMAROMA 060606;2026;04/03/2026;Non più necessario;false;false;;false
CHIAMAROMA 060606;2026;04/03/2026;In carico a ente esterno;false;true;POLIZIA LOCALE DI ROMA CAPITALE;true
MUNICIPIO IV;2026;04/03/2026;Non più necessario;false;false;;false
CHIAMAROMA 060606;2026;04/03/2026;Risolto da Ente Esterno;false;true;AMA;false
CHIAMAROMA 060606;2026;04/03/2026;Risolto da Ente Esterno;false;true;AMA;false
CHIAMAROMA 060606;2026;04/03/2026;Risolto da Ente Esterno;false;true;AMA;false
CHIAMAROMA 060606;2026;04/03/2026;Risolto da Ente Esterno;false;true;AMA;false
CHIAMAROMA 060606;2026;04/03/2026;Risolto da Ente Esterno;false;true;AMA;false
CHIAMAROMA 060606;2026;04/03/2026;Risolto da Ente Esterno;false;true;AMA;false
CHIAMAROMA 060606;2026;04/03/2026;Risolto al secondo livello;false;false;;false
CHIAMAROMA 060606;2026;04/03/2026;Risolto da Ente Esterno;false;true;AMA;false
CHIAMAROMA 060606;2026;04/03/2026;Risolto da Ente Esterno;false;true;AMA;false
DIPARTIMENTO TUTELA AMBIENTALE;2026;04/03/2026;Risolto da Ente Esterno;false;true;AMA;false
CHIAMAROMA 060606;2026;04/03/2026;Risolto da Ente Esterno;false;true;AMA;false
CHIAMAROMA 060606;2026;04/03/2026;Risolto da Ente Esterno;false;true;AMA;false
CHIAMAROMA 060606;2026;04/03/2026;Risolto da Ente Esterno;false;true;AMA;false
CHIAMAROMA 060606;2026;04/03/2026;Risolto da Ente Esterno;false;true;AMA;false
CHIAMAROMA 060606;2026;04/03/2026;Risolto da Ente Esterno;false;true;AMA;false
AMA;2026;04/03/2026;Risolto da Ente Esterno;false;true;AMA;false
CHIAMAROMA 060606;2026;04/03/2026;Risolto da Ente Esterno;false;true;AMA;false
GABINETTO DEL SINDACO;2026;04/03/2026;Risolto da Ente Esterno;false;true;AMA;false
CHIAMAROMA 060606;2026;04/03/2026;Risolto da Ente Esterno;false;true;AMA;false
MUNICIPIO I;2026;04/03/2026;Risolto da Ente Esterno;false;true;AMA;false
DIPARTIMENTO COORDINAMENTO SVILUPPO INFRASTRUTTURE E MANUTENZIONE URBANA;2026;04/03/2026;Non più necessario;false;false;;false
AMA;2026;04/03/2026;Risolto da Ente Esterno;false;true;AMA;false
CHIAMAROMA 060606;2026;04/03/2026;Risolto da Ente Esterno;false;true;AMA;false
CHIAMAROMA 060606;2026;04/03/2026;Non più necessario;false;false;;false
CHIAMAROMA 060606;2026;04/03/2026;Non più necessario;false;false;;false
CHIAMAROMA 060606;2026;04/03/2026;Non più necessario;false;false;;false
CHIAMAROMA 060606;2026;04/03/2026;Non più necessario;false;false;;false
CHIAMAROMA 060606;2026;04/03/2026;Non più necessario;false;false;;false
DIPARTIMENTO COORDINAMENTO SVILUPPO INFRASTRUTTURE E MANUTENZIONE URBANA;2026;04/03/2026;Non più necessario;false;false;;false
DIPARTIMENTO TUTELA AMBIENTALE;2026;04/03/2026;Non più necessario;false;false;;false
CHIAMAROMA 060606;2026;04/03/2026;Non più necessario;false;false;;false
CHIAMAROMA 060606;2026;04/03/2026;Non più necessario;false;false;;false
CHIAMAROMA 060606;2026;04/03/2026;Non più necessario;false;false;;false
CHIAMAROMA 060606;2026;04/03/2026;Non più necessario;false;false;;false
POLIZIA LOCALE DI ROMA CAPITALE;2026;04/03/2026;In carico a ente esterno;false;true;POLIZIA LOCALE DI ROMA CAPITALE;false
POLIZIA LOCALE DI ROMA CAPITALE;2026;04/03/2026;In carico a ente esterno;false;true;POLIZIA LOCALE DI ROMA CAPITALE;false
POLIZIA LOCALE DI ROMA CAPITALE;2026;04/03/2026;In carico a ente esterno;false;true;POLIZIA LOCALE DI ROMA CAPITALE;false
DIPARTIMENTO COORDINAMENTO SVILUPPO INFRASTRUTTURE E MANUTENZIONE URBANA;2026;04/03/2026;Non più necessario;false;false;;false
CHIAMAROMA 060606;2026;04/03/2026;Non più necessario;false;false;;false
CHIAMAROMA 060606;2026;04/03/2026;Non più necessario;false;false;;false
CHIAMAROMA 060606;2026;04/03/2026;Non più necessario;false;false;;false
CHIAMAROMA 060606;2026;04/03/2026;Non più necessario;false;false;;false
DIPARTIMENTO MOBILITA’ SOSTENIBILE E TRASPORTI;2026;04/03/2026;Non più necessario;false;false;;false
CHIAMAROMA 060606;2026;04/03/2026;Non più necessario;false;false;;false
CHIAMAROMA 060606;2026;04/03/2026;Non più necessario;false;false;;false
CHIAMAROMA 060606;2026;04/03/2026;Non più necessario;false;false;;false
CHIAMAROMA 060606;2026;04/03/2026;Non più necessario;false;false;;false
CHIAMAROMA 060606;2026;04/03/2026;Non più necessario;false;false;;false
MUNICIPIO XIV;2026;04/03/2026;Non più necessario;false;false;;false
CHIAMAROMA 060606;2026;04/03/2026;Non più necessario;false;false;;false
CHIAMAROMA 060606;2026;04/03/2026;Non più necessario;false;false;;false
MUNICIPIO IV;2026;04/03/2026;Risolto al secondo livello;false;false;;false
DIPARTIMENTO COORDINAMENTO SVILUPPO INFRASTRUTTURE E MANUTENZIONE URBANA;2026;04/03/2026;Non più necessario;false;false;;false
CHIAMAROMA 060606;2026;04/03/2026;Non più necessario;false;false;;false
CHIAMAROMA 060606;2026;04/03/2026;Non più necessario;false;false;;false
MUNICIPIO II;2026;04/03/2026;Non più necessario;false;false;;false
RAGIONERIA GENERALE;2026;04/03/2026;Risolto al secondo livello;false;false;;false
CHIAMAROMA 060606;2026;04/03/2026;Non più necessario;false;false;;false
CHIAMAROMA 060606;2026;04/03/2026;Non più necessario;false;false;;false
CHIAMAROMA 060606;2026;04/03/2026;Non più necessario;false;false;;false
DIPARTIMENTO COORDINAMENTO SVILUPPO INFRASTRUTTURE E MANUTENZIONE URBANA;2026;04/03/2026;Non più necessario;false;false;;false
CHIAMAROMA 060606;2026;04/03/2026;Non più necessario;false;false;;false
CHIAMAROMA 060606;2026;04/03/2026;In carico a ente esterno;false;true;POLIZIA LOCALE DI ROMA CAPITALE;true
DIPARTIMENTO COORDINAMENTO SVILUPPO INFRASTRUTTURE E MANUTENZIONE URBANA;2026;04/03/2026;Non più necessario;false;false;;false
CHIAMAROMA 060606;2026;04/03/2026;Non più necessario;false;false;;false
CHIAMAROMA 060606;2026;04/03/2026;Non più necessario;false;false;;false
CHIAMAROMA 060606;2026;04/03/2026;Non più necessario;false;false;;false
CHIAMAROMA 060606;2026;04/03/2026;Non più necessario;false;false;;false
CHIAMAROMA 060606;2026;04/03/2026;Non più necessario;false;false;;false
ATAC;2026;04/03/2026;Non più necessario;false;false;;false
CHIAMAROMA 060606;2026;04/03/2026;Non più necessario;false;false;;false
CHIAMAROMA 060606;2026;04/03/2026;Non più necessario;false;false;;false
CHIAMAROMA 060606;2026;04/03/2026;Risolto al secondo livello;false;false;;false
CHIAMAROMA 060606;2026;04/03/2026;Mancata risposta del cittadino;false;false;;false
CHIAMAROMA 060606;2026;04/03/2026;Risolto al secondo livello;false;false;;false
MUNICIPIO XIII;2026;04/03/2026;Risolto al secondo livello;false;false;;false
CHIAMAROMA 060606;2026;04/03/2026;Risolto al secondo livello;false;false;;false
CHIAMAROMA 060606;2026;04/03/2026;In carico a ente esterno;false;true;POLIZIA LOCALE DI ROMA CAPITALE;true
CHIAMAROMA 060606;2026;04/03/2026;Risolto al secondo livello;false;false;;false
CHIAMAROMA 060606;2026;04/03/2026;Risolto al secondo livello;false;false;;false
CHIAMAROMA 060606;2026;04/03/2026;Non più necessario;false;false;;false
CHIAMAROMA 060606;2026;04/03/2026;Non più necessario;false;false;;false
CHIAMAROMA 060606;2026;04/03/2026;In carico a ente esterno;false;true;POLIZIA LOCALE DI ROMA CAPITALE;true
CHIAMAROMA 060606;2026;04/03/2026;Non più necessario;false;false;;false
CHIAMAROMA 060606;2026;04/03/2026;Risolto al secondo livello;false;false;;false
CHIAMAROMA 060606;2026;04/03/2026;Non più necessario;false;false;;false
POLIZIA LOCALE DI ROMA CAPITALE;2026;04/03/2026;In carico a ente esterno;false;true;POLIZIA LOCALE DI ROMA CAPITALE;false
POLIZIA LOCALE DI ROMA CAPITALE;2026;04/03/2026;In carico a ente esterno;false;true;POLIZIA LOCALE DI ROMA CAPITALE;false
CHIAMAROMA 060606;2026;04/03/2026;In carico a ente esterno;false;true;POLIZIA LOCALE DI ROMA CAPITALE;true
CHIAMAROMA 060606;2026;04/03/2026;Risolto al secondo livello;false;false;;false
MUNICIPIO XIII;2026;04/03/2026;Risolto al secondo livello;false;false;;false
DIPARTIMENTO TUTELA AMBIENTALE;2026;04/03/2026;Non più necessario;false;false;;false
MUNICIPIO IX;2026;04/03/2026;Non più necessario;false;false;;false
CHIAMAROMA 060606;2026;04/03/2026;In carico a ente esterno;false;true;POLIZIA LOCALE DI ROMA CAPITALE;true
CHIAMAROMA 060606;2026;04/03/2026;In carico a ente esterno;false;true;POLIZIA LOCALE DI ROMA CAPITALE;true
CHIAMAROMA 060606;2026;04/03/2026;Risolto al secondo livello;false;false;;false
CHIAMAROMA 060606;2026;04/03/2026;In carico a ente esterno;false;true;POLIZIA LOCALE DI ROMA CAPITALE;true
CHIAMAROMA 060606;2026;04/03/2026;Non più necessario;false;false;;false
CHIAMAROMA 060606;2026;04/03/2026;In carico a ente esterno;false;true;POLIZIA LOCALE DI ROMA CAPITALE;true
DIPARTIMENTO DECENTRAMENTO, SERVIZI DELEGATI E CITTA' IN 15 MINUTI;2026;04/03/2026;Risolto al primo livello;false;false;;false
MUNICIPIO II;2026;04/03/2026;Non più necessario;false;false;;false
CHIAMAROMA 060606;2026;04/03/2026;Non più necessario;false;false;;false
CHIAMAROMA 060606;2026;04/03/2026;Non più necessario;false;false;;false
CHIAMAROMA 060606;2026;04/03/2026;In carico a ente esterno;false;true;POLIZIA LOCALE DI ROMA CAPITALE;true
CHIAMAROMA 060606;2026;04/03/2026;Non più necessario;false;false;;false
DIPARTIMENTO TUTELA AMBIENTALE;2026;04/03/2026;Non più necessario;false;false;;false
CHIAMAROMA 060606;2026;04/03/2026;Non più necessario;false;false;;false
CHIAMAROMA 060606;2026;04/03/2026;Non più necessario;false;false;;false
POLIZIA LOCALE DI ROMA CAPITALE;2026;04/03/2026;In carico a ente esterno;false;true;POLIZIA LOCALE DI ROMA CAPITALE;false
CHIAMAROMA 060606;2026;04/03/2026;In carico a ente esterno;false;true;POLIZIA LOCALE DI ROMA CAPITALE;true
CHIAMAROMA 060606;2026;04/03/2026;In carico a ente esterno;false;true;POLIZIA LOCALE DI ROMA CAPITALE;true
CHIAMAROMA 060606;2026;04/03/2026;Risolto al secondo livello;false;false;;false
CHIAMAROMA 060606;2026;04/03/2026;Risolto al secondo livello;false;false;;false
CHIAMAROMA 060606;2026;04/03/2026;Risolto da Ente Esterno;false;true;AMA;false
CHIAMAROMA 060606;2026;04/03/2026;Risolto da Ente Esterno;false;true;AMA;false
CHIAMAROMA 060606;2026;04/03/2026;Risolto da Ente Esterno;false;true;AMA;false
CHIAMAROMA 060606;2026;04/03/2026;Risolto da Ente Esterno;false;true;AMA;false
AMA;2026;04/03/2026;Risolto da Ente Esterno;false;true;AMA;false
CHIAMAROMA 060606;2026;04/03/2026;Risolto da Ente Esterno;false;true;AMA;false
CHIAMAROMA 060606;2026;04/03/2026;Risolto da Ente Esterno;false;true;AMA;false
CHIAMAROMA 060606;2026;04/03/2026;Risolto da Ente Esterno;false;true;AMA;false
CHIAMAROMA 060606;2026;04/03/2026;Risolto da Ente Esterno;false;true;AMA;false
AMA;2026;04/03/2026;Risolto da Ente Esterno;false;true;AMA;false
CHIAMAROMA 060606;2026;04/03/2026;Risolto da Ente Esterno;false;true;AMA;false
CHIAMAROMA 060606;2026;04/03/2026;Risolto da Ente Esterno;false;true;AMA;false
CHIAMAROMA 060606;2026;04/03/2026;Risolto da Ente Esterno;false;true;AMA;false
CHIAMAROMA 060606;2026;04/03/2026;Risolto da Ente Esterno;false;true;AMA;false
GABINETTO DEL SINDACO;2026;04/03/2026;Risolto da Ente Esterno;false;true;AMA;false
CHIAMAROMA 060606;2026;04/03/2026;Risolto da Ente Esterno;false;true;AMA;false
CHIAMAROMA 060606;2026;04/03/2026;Risolto al secondo livello;false;false;;false
POLIZIA LOCALE DI ROMA CAPITALE;2026;04/03/2026;In carico a ente esterno;false;true;POLIZIA LOCALE DI ROMA CAPITALE;false
POLIZIA LOCALE DI ROMA CAPITALE;2026;04/03/2026;In carico a ente esterno;false;true;POLIZIA LOCALE DI ROMA CAPITALE;false
CHIAMAROMA 060606;2026;04/03/2026;In carico a ente esterno;false;true;POLIZIA LOCALE DI ROMA CAPITALE;true
CHIAMAROMA 060606;2026;04/03/2026;Non lavorabile o dati insufficienti;false;false;;false
CHIAMAROMA 060606;2026;04/03/2026;In carico a ente esterno;false;true;POLIZIA LOCALE DI ROMA CAPITALE;true
CHIAMAROMA 060606;2026;04/03/2026;In carico a ente esterno;false;true;POLIZIA LOCALE DI ROMA CAPITALE;true
POLIZIA LOCALE DI ROMA CAPITALE;2026;04/03/2026;In carico a ente esterno;false;true;POLIZIA LOCALE DI ROMA CAPITALE;false
POLIZIA LOCALE DI ROMA CAPITALE;2026;04/03/2026;In carico a ente esterno;false;true;POLIZIA LOCALE DI ROMA CAPITALE;false
POLIZIA LOCALE DI ROMA CAPITALE;2026;04/03/2026;In carico a ente esterno;false;true;POLIZIA LOCALE DI ROMA CAPITALE;false
POLIZIA LOCALE DI ROMA CAPITALE;2026;04/03/2026;In carico a ente esterno;false;true;POLIZIA LOCALE DI ROMA CAPITALE;false
BACK OFFICE ROMA CAPITALE;2026;04/03/2026;Risolto al secondo livello;false;false;;false
DIPARTIMENTO SCUOLA, LAVORO E FORMAZIONE PROFESSIONALE;2026;04/03/2026;Risolto al secondo livello;false;false;;false
CHIAMAROMA 060606;2026;04/03/2026;Risolto al secondo livello;false;false;;false
CHIAMAROMA 060606;2026;04/03/2026;In carico a ente esterno;false;true;POLIZIA LOCALE DI ROMA CAPITALE;true
CHIAMAROMA 060606;2026;04/03/2026;Risolto da Ente Esterno;false;true;AMA;false
CHIAMAROMA 060606;2026;04/03/2026;Risolto da Ente Esterno;false;true;AMA;false
CHIAMAROMA 060606;2026;04/03/2026;Risolto da Ente Esterno;false;true;AMA;false
CHIAMAROMA 060606;2026;04/03/2026;Risolto da Ente Esterno;false;true;AMA;false
CHIAMAROMA 060606;2026;04/03/2026;Risolto da Ente Esterno;false;true;AMA;false
CHIAMAROMA 060606;2026;04/03/2026;Risolto da Ente Esterno;false;true;AMA;false
CHIAMAROMA 060606;2026;04/03/2026;Risolto da Ente Esterno;false;true;AMA;false
CHIAMAROMA 060606;2026;04/03/2026;Risolto da Ente Esterno;false;true;AMA;false
CHIAMAROMA 060606;2026;04/03/2026;Risolto da Ente Esterno;false;true;AMA;false
POLIZIA LOCALE DI ROMA CAPITALE;2026;04/03/2026;In carico a ente esterno;false;true;POLIZIA LOCALE DI ROMA CAPITALE;false
POLIZIA LOCALE DI ROMA CAPITALE;2026;04/03/2026;In carico a ente esterno;false;true;POLIZIA LOCALE DI ROMA CAPITALE;false
POLIZIA LOCALE DI ROMA CAPITALE;2026;04/03/2026;In carico a ente esterno;false;true;POLIZIA LOCALE DI ROMA CAPITALE;false
POLIZIA LOCALE DI ROMA CAPITALE;2026;04/03/2026;In carico a ente esterno;false;true;POLIZIA LOCALE DI ROMA CAPITALE;false
POLIZIA LOCALE DI ROMA CAPITALE;2026;04/03/2026;In carico a ente esterno;false;true;POLIZIA LOCALE DI ROMA CAPITALE;false
POLIZIA LOCALE DI ROMA CAPITALE;2026;04/03/2026;In carico a ente esterno;false;true;POLIZIA LOCALE DI ROMA CAPITALE;false
POLIZIA LOCALE DI ROMA CAPITALE;2026;04/03/2026;In carico a ente esterno;false;true;POLIZIA LOCALE DI ROMA CAPITALE;false
POLIZIA LOCALE DI ROMA CAPITALE;2026;04/03/2026;In carico a ente esterno;false;true;POLIZIA LOCALE DI ROMA CAPITALE;false
POLIZIA LOCALE DI ROMA CAPITALE;2026;04/03/2026;In carico a ente esterno;false;true;POLIZIA LOCALE DI ROMA CAPITALE;false
CHIAMAROMA 060606;2026;04/03/2026;In carico a ente esterno;false;true;POLIZIA LOCALE DI ROMA CAPITALE;true
;2026;04/03/2026;In carico a ente esterno;false;true;POLIZIA LOCALE DI ROMA CAPITALE;false
CHIAMAROMA 060606;2026;04/03/2026;In carico a ente esterno;false;true;POLIZIA LOCALE DI ROMA CAPITALE;true
POLIZIA LOCALE DI ROMA CAPITALE;2026;04/03/2026;In carico a ente esterno;false;true;POLIZIA LOCALE DI ROMA CAPITALE;false
POLIZIA LOCALE DI ROMA CAPITALE;2026;04/03/2026;In carico a ente esterno;false;true;POLIZIA LOCALE DI ROMA CAPITALE;false
POLIZIA LOCALE DI ROMA CAPITALE;2026;04/03/2026;In carico a ente esterno;false;true;POLIZIA LOCALE DI ROMA CAPITALE;false
POLIZIA LOCALE DI ROMA CAPITALE;2026;04/03/2026;In carico a ente esterno;false;true;POLIZIA LOCALE DI ROMA CAPITALE;false
POLIZIA LOCALE DI ROMA CAPITALE;2026;04/03/2026;In carico a ente esterno;false;true;POLIZIA LOCALE DI ROMA CAPITALE;false
POLIZIA LOCALE DI ROMA CAPITALE;2026;04/03/2026;In carico a ente esterno;false;true;POLIZIA LOCALE DI ROMA CAPITALE;false
POLIZIA LOCALE DI ROMA CAPITALE;2026;04/03/2026;In carico a ente esterno;false;true;POLIZIA LOCALE DI ROMA CAPITALE;false
POLIZIA LOCALE DI ROMA CAPITALE;2026;04/03/2026;In carico a ente esterno;false;true;POLIZIA LOCALE DI ROMA CAPITALE;false
POLIZIA LOCALE DI ROMA CAPITALE;2026;04/03/2026;In carico a ente esterno;false;true;POLIZIA LOCALE DI ROMA CAPITALE;false
CHIAMAROMA 060606;2026;04/03/2026;Risolto da Ente Esterno;false;true;AMA;false
AMA;2026;04/03/2026;Risolto da Ente Esterno;false;true;AMA;true
BACK OFFICE ROMA CAPITALE;2026;04/03/2026;Risolto da Ente Esterno;false;true;AMA;false
MUNICIPIO II;2026;04/03/2026;Risolto da Ente Esterno;false;true;AMA;false
POLIZIA LOCALE DI ROMA CAPITALE;2026;04/03/2026;In carico a ente esterno;false;true;POLIZIA LOCALE DI ROMA CAPITALE;false
CHIAMAROMA 060606;2026;04/03/2026;In carico a ente esterno;false;true;POLIZIA LOCALE DI ROMA CAPITALE;true
POLIZIA LOCALE DI ROMA CAPITALE;2026;04/03/2026;In carico a ente esterno;false;true;POLIZIA LOCALE DI ROMA CAPITALE;false
POLIZIA LOCALE DI ROMA CAPITALE;2026;04/03/2026;In carico a ente esterno;false;true;POLIZIA LOCALE DI ROMA CAPITALE;false
POLIZIA LOCALE DI ROMA CAPITALE;2026;04/03/2026;In carico a ente esterno;false;true;POLIZIA LOCALE DI ROMA CAPITALE;false
POLIZIA LOCALE DI ROMA CAPITALE;2026;05/03/2026;In carico a ente esterno;false;true;POLIZIA LOCALE DI ROMA CAPITALE;false
POLIZIA LOCALE DI ROMA CAPITALE;2026;05/03/2026;In carico a ente esterno;false;true;POLIZIA LOCALE DI ROMA CAPITALE;false
CHIAMAROMA 060606;2026;05/03/2026;Risolto da Ente Esterno;false;true;AMA;false
CHIAMAROMA 060606;2026;05/03/2026;Risolto da Ente Esterno;false;true;AMA;false
CHIAMAROMA 060606;2026;05/03/2026;Risolto da Ente Esterno;false;true;AMA;false
CHIAMAROMA 060606;2026;05/03/2026;Risolto da Ente Esterno;false;true;AMA;false
CHIAMAROMA 060606;2026;05/03/2026;Risolto da Ente Esterno;false;true;AMA;false
CHIAMAROMA 060606;2026;05/03/2026;Risolto da Ente Esterno;false;true;AMA;false
CHIAMAROMA 060606;2026;05/03/2026;Risolto da Ente Esterno;false;true;AMA;false
CHIAMAROMA 060606;2026;05/03/2026;Risolto da Ente Esterno;false;true;AMA;false
CHIAMAROMA 060606;2026;05/03/2026;Risolto da Ente Esterno;false;true;AMA;false
CHIAMAROMA 060606;2026;05/03/2026;Risolto da Ente Esterno;false;true;AMA;false
CHIAMAROMA 060606;2026;05/03/2026;Risolto da Ente Esterno;false;true;AMA;false
CHIAMAROMA 060606;2026;05/03/2026;Risolto da Ente Esterno;false;true;AMA;false
CHIAMAROMA 060606;2026;05/03/2026;Risolto da Ente Esterno;false;true;AMA;false
CHIAMAROMA 060606;2026;05/03/2026;Risolto da Ente Esterno;false;true;AMA;false
CHIAMAROMA 060606;2026;05/03/2026;Risolto da Ente Esterno;false;true;AMA;false
CHIAMAROMA 060606;2026;05/03/2026;Risolto da Ente Esterno;false;true;AMA;false
BACK OFFICE ROMA CAPITALE;2026;05/03/2026;Risolto da Ente Esterno;false;true;AMA;false
CHIAMAROMA 060606;2026;05/03/2026;Risolto da Ente Esterno;false;true;AMA;false
CHIAMAROMA 060606;2026;05/03/2026;Risolto da Ente Esterno;false;true;AMA;false
CHIAMAROMA 060606;2026;05/03/2026;Risolto da Ente Esterno;false;true;AMA;false
CHIAMAROMA 060606;2026;05/03/2026;Risolto da Ente Esterno;false;true;AMA;false
CHIAMAROMA 060606;2026;05/03/2026;Risolto da Ente Esterno;false;true;AMA;false
CHIAMAROMA 060606;2026;05/03/2026;Risolto da Ente Esterno;false;true;AMA;false
CHIAMAROMA 060606;2026;05/03/2026;Risolto da Ente Esterno;false;true;AMA;false
CHIAMAROMA 060606;2026;05/03/2026;Risolto da Ente Esterno;false;true;AMA;false
CHIAMAROMA 060606;2026;05/03/2026;Risolto da Ente Esterno;false;true;AMA;false
CHIAMAROMA 060606;2026;05/03/2026;Risolto da Ente Esterno;false;true;AMA;false
CHIAMAROMA 060606;2026;05/03/2026;Risolto da Ente Esterno;false;true;AMA;false
CHIAMAROMA 060606;2026;05/03/2026;Risolto da Ente Esterno;false;true;AMA;false
CHIAMAROMA 060606;2026;05/03/2026;Risolto da Ente Esterno;false;true;AMA;false
CHIAMAROMA 060606;2026;05/03/2026;Risolto da Ente Esterno;false;true;AMA;false
CHIAMAROMA 060606;2026;05/03/2026;Risolto da Ente Esterno;false;true;AMA;false
MUNICIPIO IV;2026;05/03/2026;Risolto da Ente Esterno;false;true;AMA;false
CHIAMAROMA 060606;2026;05/03/2026;Risolto da Ente Esterno;false;true;AMA;false
CHIAMAROMA 060606;2026;05/03/2026;Risolto da Ente Esterno;false;true;AMA;false
CHIAMAROMA 060606;2026;05/03/2026;Risolto da Ente Esterno;false;true;AMA;false
CHIAMAROMA 060606;2026;05/03/2026;Risolto da Ente Esterno;false;true;AMA;false
CHIAMAROMA 060606;2026;05/03/2026;Risolto da Ente Esterno;false;true;AMA;false
BACK OFFICE ROMA CAPITALE;2026;05/03/2026;Risolto da Ente Esterno;false;true;AMA;false
AMA;2026;05/03/2026;Risolto da Ente Esterno;false;true;AMA;false
CHIAMAROMA 060606;2026;05/03/2026;Risolto da Ente Esterno;false;true;AMA;false
CHIAMAROMA 060606;2026;05/03/2026;Risolto da Ente Esterno;false;true;AMA;false
CHIAMAROMA 060606;2026;05/03/2026;Risolto da Ente Esterno;false;true;AMA;false
CHIAMAROMA 060606;2026;05/03/2026;Risolto da Ente Esterno;false;true;AMA;false
BACK OFFICE ROMA CAPITALE;2026;05/03/2026;Risolto da Ente Esterno;false;true;AMA;false
AMA;2026;05/03/2026;Risolto da Ente Esterno;false;true;AMA;false
CHIAMAROMA 060606;2026;05/03/2026;Risolto da Ente Esterno;false;true;AMA;false
CHIAMAROMA 060606;2026;05/03/2026;Risolto da Ente Esterno;false;true;AMA;false
CHIAMAROMA 060606;2026;05/03/2026;Risolto da Ente Esterno;false;true;AMA;false
CHIAMAROMA 060606;2026;05/03/2026;Risolto da Ente Esterno;false;true;AMA;false
MUNICIPIO IX;2026;05/03/2026;Non lavorabile o dati insufficienti;false;false;;false
CHIAMAROMA 060606;2026;05/03/2026;In carico a ente esterno;false;true;POLIZIA LOCALE DI ROMA CAPITALE;true
MUNICIPIO IX;2026;05/03/2026;Non lavorabile o dati insufficienti;false;false;;false
CHIAMAROMA 060606;2026;05/03/2026;Risolto al primo livello;false;false;;false
CHIAMAROMA 060606;2026;05/03/2026;Risolto al primo livello;false;false;;false
CHIAMAROMA 060606;2026;05/03/2026;In carico a ente esterno;false;true;POLIZIA LOCALE DI ROMA CAPITALE;true
CHIAMAROMA 060606;2026;05/03/2026;In carico a ente esterno;false;true;POLIZIA LOCALE DI ROMA CAPITALE;true
CHIAMAROMA 060606;2026;05/03/2026;In carico a ente esterno;false;true;POLIZIA LOCALE DI ROMA CAPITALE;true
CHIAMAROMA 060606;2026;05/03/2026;In carico a ente esterno;false;true;POLIZIA LOCALE DI ROMA CAPITALE;true
CHIAMAROMA 060606;2026;05/03/2026;In carico a ente esterno;false;true;POLIZIA LOCALE DI ROMA CAPITALE;true
POLIZIA LOCALE DI ROMA CAPITALE;2026;05/03/2026;In carico a ente esterno;false;true;POLIZIA LOCALE DI ROMA CAPITALE;false
GABINETTO DEL SINDACO;2026;05/03/2026;In carico a ente esterno;false;true;POLIZIA LOCALE DI ROMA CAPITALE;false
POLIZIA LOCALE (COMANDO GENERALE);2026;05/03/2026;Non lavorabile o dati insufficienti;false;false;;false
CHIAMAROMA 060606;2026;05/03/2026;In carico a ente esterno;false;true;POLIZIA LOCALE DI ROMA CAPITALE;true
CHIAMAROMA 060606;2026;05/03/2026;In carico a ente esterno;false;true;POLIZIA LOCALE DI ROMA CAPITALE;true
CHIAMAROMA 060606;2026;05/03/2026;In carico a ente esterno;false;true;POLIZIA LOCALE DI ROMA CAPITALE;true
POLIZIA LOCALE DI ROMA CAPITALE;2026;05/03/2026;In carico a ente esterno;false;true;POLIZIA LOCALE DI ROMA CAPITALE;false
POLIZIA LOCALE DI ROMA CAPITALE;2026;05/03/2026;In carico a ente esterno;false;true;POLIZIA LOCALE DI ROMA CAPITALE;false
POLIZIA LOCALE DI ROMA CAPITALE;2026;05/03/2026;In carico a ente esterno;false;true;POLIZIA LOCALE DI ROMA CAPITALE;false
CHIAMAROMA 060606;2026;05/03/2026;In carico a ente esterno;false;true;POLIZIA LOCALE DI ROMA CAPITALE;true
CHIAMAROMA 060606;2026;05/03/2026;Non più necessario;false;false;;false
CHIAMAROMA 060606;2026;05/03/2026;Non più necessario;false;false;;false
CHIAMAROMA 060606;2026;05/03/2026;Non più necessario;false;false;;false
DIPARTIMENTO TUTELA AMBIENTALE;2026;05/03/2026;Non più necessario;false;false;;false
MUNICIPIO I;2026;05/03/2026;Non più necessario;false;false;;false
MUNICIPIO III;2026;05/03/2026;Risolto al secondo livello;false;false;;false
CHIAMAROMA 060606;2026;05/03/2026;Non più necessario;false;false;;false
DIPARTIMENTO COORDINAMENTO SVILUPPO INFRASTRUTTURE E MANUTENZIONE URBANA;2026;05/03/2026;Non più necessario;false;false;;false
MUNICIPIO III;2026;05/03/2026;Non più necessario;false;false;;false
CHIAMAROMA 060606;2026;05/03/2026;Non più necessario;false;false;;false
CHIAMAROMA 060606;2026;05/03/2026;In carico a ente esterno;false;true;POLIZIA LOCALE DI ROMA CAPITALE;true
CHIAMAROMA 060606;2026;05/03/2026;Non più necessario;false;false;;false
CHIAMAROMA 060606;2026;05/03/2026;Non più necessario;false;false;;false
MUNICIPIO III;2026;05/03/2026;Risolto al secondo livello;false;false;;false
CHIAMAROMA 060606;2026;05/03/2026;Non più necessario;false;false;;false
CHIAMAROMA 060606;2026;05/03/2026;Non più necessario;false;false;;false
CHIAMAROMA 060606;2026;05/03/2026;Non più necessario;false;false;;false
CHIAMAROMA 060606;2026;05/03/2026;Non più necessario;false;false;;false
MUNICIPIO XIV;2026;05/03/2026;Risolto al secondo livello;false;false;;false
CHIAMAROMA 060606;2026;05/03/2026;Non più necessario;false;false;;false
CHIAMAROMA 060606;2026;05/03/2026;Non più necessario;false;false;;false
CHIAMAROMA 060606;2026;05/03/2026;Non più necessario;false;false;;false
CHIAMAROMA 060606;2026;05/03/2026;Non più necessario;false;false;;false
MUNICIPIO III;2026;05/03/2026;Non più necessario;false;false;;false
DIPARTIMENTO TUTELA AMBIENTALE;2026;05/03/2026;Risolto al secondo livello;false;false;;false
CHIAMAROMA 060606;2026;05/03/2026;Risolto al secondo livello;false;false;;false
DIPARTIMENTO TUTELA AMBIENTALE;2026;05/03/2026;Risolto al secondo livello;false;false;;false
CHIAMAROMA 060606;2026;05/03/2026;Non più necessario;false;false;;false
CHIAMAROMA 060606;2026;05/03/2026;Risolto al secondo livello;false;false;;false
DIPARTIMENTO COORDINAMENTO SVILUPPO INFRASTRUTTURE E MANUTENZIONE URBANA;2026;05/03/2026;Non più necessario;false;false;;false
DIPARTIMENTO COORDINAMENTO SVILUPPO INFRASTRUTTURE E MANUTENZIONE URBANA;2026;05/03/2026;Non più necessario;false;false;;false
CHIAMAROMA 060606;2026;05/03/2026;Risolto al secondo livello;false;false;;false
DIPARTIMENTO TUTELA AMBIENTALE;2026;05/03/2026;Risolto al secondo livello;false;false;;false
CHIAMAROMA 060606;2026;05/03/2026;Non più necessario;false;false;;false
MUNICIPIO V;2026;05/03/2026;Risolto al secondo livello;false;false;;false
CHIAMAROMA 060606;2026;05/03/2026;Non più necessario;false;false;;false
CHIAMAROMA 060606;2026;05/03/2026;Non più necessario;false;false;;false
CHIAMAROMA 060606;2026;05/03/2026;Risolto al secondo livello;false;false;;false
CHIAMAROMA 060606;2026;05/03/2026;Risolto al secondo livello;false;false;;false
CHIAMAROMA 060606;2026;05/03/2026;Non più necessario;false;false;;false
CHIAMAROMA 060606;2026;05/03/2026;Risolto al secondo livello;false;false;;false
CHIAMAROMA 060606;2026;05/03/2026;Non più necessario;false;false;;false
CHIAMAROMA 060606;2026;05/03/2026;Risolto al secondo livello;false;false;;false
CHIAMAROMA 060606;2026;05/03/2026;Risolto al secondo livello;false;false;;false
CHIAMAROMA 060606;2026;05/03/2026;Non più necessario;false;false;;false
DIPARTIMENTO TUTELA AMBIENTALE;2026;05/03/2026;Risolto al secondo livello;false;false;;false
CHIAMAROMA 060606;2026;05/03/2026;Non più necessario;false;false;;false
CHIAMAROMA 060606;2026;05/03/2026;Non più necessario;false;false;;false
CHIAMAROMA 060606;2026;05/03/2026;Non più necessario;false;false;;false
POLIZIA LOCALE (COMANDO GENERALE);2026;05/03/2026;Non più necessario;false;false;;false
CHIAMAROMA 060606;2026;05/03/2026;In carico a ente esterno;false;false;;false
CHIAMAROMA 060606;2026;05/03/2026;Non più necessario;false;false;;false
DIPARTIMENTO TUTELA AMBIENTALE;2026;05/03/2026;Risolto al secondo livello;false;false;;false
CHIAMAROMA 060606;2026;05/03/2026;Risolto al secondo livello;false;false;;false
CHIAMAROMA 060606;2026;05/03/2026;In carico a ente esterno;false;false;;false
CHIAMAROMA 060606;2026;05/03/2026;Risolto al secondo livello;false;false;;false
CHIAMAROMA 060606;2026;05/03/2026;Risolto al secondo livello;false;false;;false
MUNICIPIO V;2026;05/03/2026;Risolto al secondo livello;false;false;;false
CHIAMAROMA 060606;2026;05/03/2026;Risolto al secondo livello;false;false;;false
CHIAMAROMA 060606;2026;05/03/2026;Risolto da Ente Esterno;false;true;AMA;false
CHIAMAROMA 060606;2026;05/03/2026;Risolto da Ente Esterno;false;true;AMA;false
CHIAMAROMA 060606;2026;05/03/2026;Risolto da Ente Esterno;false;true;AMA;false
CHIAMAROMA 060606;2026;05/03/2026;Risolto da Ente Esterno;false;true;AMA;false
CHIAMAROMA 060606;2026;05/03/2026;Risolto da Ente Esterno;false;true;AMA;false
CHIAMAROMA 060606;2026;05/03/2026;Risolto da Ente Esterno;false;true;AMA;false
CHIAMAROMA 060606;2026;05/03/2026;Risolto da Ente Esterno;false;true;AMA;false
CHIAMAROMA 060606;2026;05/03/2026;Risolto da Ente Esterno;false;true;AMA;false
CHIAMAROMA 060606;2026;05/03/2026;Risolto da Ente Esterno;false;true;AMA;false
CHIAMAROMA 060606;2026;05/03/2026;Risolto da Ente Esterno;false;true;AMA;false
CHIAMAROMA 060606;2026;05/03/2026;Risolto da Ente Esterno;false;true;AMA;false
CHIAMAROMA 060606;2026;05/03/2026;Risolto da Ente Esterno;false;true;AMA;false
CHIAMAROMA 060606;2026;05/03/2026;Risolto da Ente Esterno;false;true;AMA;false
CHIAMAROMA 060606;2026;05/03/2026;Risolto da Ente Esterno;false;true;AMA;false
CHIAMAROMA 060606;2026;05/03/2026;Risolto da Ente Esterno;false;true;AMA;false
CHIAMAROMA 060606;2026;05/03/2026;Risolto da Ente Esterno;false;true;AMA;false
CHIAMAROMA 060606;2026;05/03/2026;Risolto da Ente Esterno;false;true;AMA;false
CHIAMAROMA 060606;2026;05/03/2026;Risolto da Ente Esterno;false;true;AMA;false
CHIAMAROMA 060606;2026;05/03/2026;Risolto da Ente Esterno;false;true;AMA;false
CHIAMAROMA 060606;2026;05/03/2026;Risolto da Ente Esterno;false;true;AMA;false
CHIAMAROMA 060606;2026;05/03/2026;Risolto al secondo livello;false;false;;false
CHIAMAROMA 060606;2026;05/03/2026;Risolto al secondo livello;false;false;;false
CHIAMAROMA 060606;2026;05/03/2026;Risolto al secondo livello;false;false;;false
CHIAMAROMA 060606;2026;05/03/2026;In carico a ente esterno;false;true;POLIZIA LOCALE DI ROMA CAPITALE;true
CHIAMAROMA 060606;2026;05/03/2026;Risolto al secondo livello;false;false;;false
MUNICIPIO V;2026;05/03/2026;Risolto al secondo livello;false;false;;false
CHIAMAROMA 060606;2026;05/03/2026;Risolto al secondo livello;false;false;;false
POLIZIA LOCALE DI ROMA CAPITALE;2026;05/03/2026;In carico a ente esterno;false;true;POLIZIA LOCALE DI ROMA CAPITALE;false
POLIZIA LOCALE DI ROMA CAPITALE;2026;05/03/2026;In carico a ente esterno;false;true;POLIZIA LOCALE DI ROMA CAPITALE;false
POLIZIA LOCALE DI ROMA CAPITALE;2026;05/03/2026;In carico a ente esterno;false;true;POLIZIA LOCALE DI ROMA CAPITALE;false
POLIZIA LOCALE DI ROMA CAPITALE;2026;05/03/2026;In carico a ente esterno;false;true;POLIZIA LOCALE DI ROMA CAPITALE;false
POLIZIA LOCALE DI ROMA CAPITALE;2026;05/03/2026;In carico a ente esterno;false;true;POLIZIA LOCALE DI ROMA CAPITALE;false
POLIZIA LOCALE DI ROMA CAPITALE;2026;05/03/2026;In carico a ente esterno;false;true;POLIZIA LOCALE DI ROMA CAPITALE;false
POLIZIA LOCALE DI ROMA CAPITALE;2026;05/03/2026;In carico a ente esterno;false;true;POLIZIA LOCALE DI ROMA CAPITALE;false
CHIAMAROMA 060606;2026;05/03/2026;Risolto al secondo livello;false;false;;false
CHIAMAROMA 060606;2026;05/03/2026;Risolto al secondo livello;false;false;;false
CHIAMAROMA 060606;2026;05/03/2026;Risolto al secondo livello;false;false;;false
CHIAMAROMA 060606;2026;05/03/2026;In carico a ente esterno;false;true;POLIZIA LOCALE DI ROMA CAPITALE;true
CHIAMAROMA 060606;2026;05/03/2026;Risolto al secondo livello;false;false;;false
MUNICIPIO II;2026;05/03/2026;Risolto al secondo livello;false;false;;false
DIPARTIMENTO TUTELA AMBIENTALE;2026;05/03/2026;Risolto al secondo livello;false;false;;false
CHIAMAROMA 060606;2026;05/03/2026;Risolto al secondo livello;false;false;;false
MUNICIPIO IV;2026;05/03/2026;Risolto al secondo livello;false;false;;false
MUNICIPIO III;2026;05/03/2026;Risolto al secondo livello;false;false;;false
DIPARTIMENTO TUTELA AMBIENTALE;2026;05/03/2026;Risolto al secondo livello;false;false;;false
MUNICIPIO IX;2026;05/03/2026;Annullata dal richiedente;false;false;;true
MUNICIPIO III;2026;05/03/2026;Risolto al secondo livello;false;false;;false
CHIAMAROMA 060606;2026;05/03/2026;Risolto al primo livello;false;false;;false
CHIAMAROMA 060606;2026;05/03/2026;In carico a ente esterno;false;true;POLIZIA LOCALE DI ROMA CAPITALE;true
CHIAMAROMA 060606;2026;05/03/2026;Risolto al secondo livello;false;false;;false
MUNICIPIO III;2026;05/03/2026;Risolto al secondo livello;false;false;;false
CHIAMAROMA 060606;2026;05/03/2026;In carico a ente esterno;false;true;POLIZIA LOCALE DI ROMA CAPITALE;true
CHIAMAROMA 060606;2026;05/03/2026;Risolto al secondo livello;false;false;;false
CHIAMAROMA 060606;2026;05/03/2026;Risolto al primo livello;false;false;;false
CHIAMAROMA 060606;2026;05/03/2026;Risolto al secondo livello;false;false;;false
CHIAMAROMA 060606;2026;05/03/2026;Risolto al secondo livello;false;false;;false
CHIAMAROMA 060606;2026;05/03/2026;Risolto al secondo livello;false;false;;false
CHIAMAROMA 060606;2026;05/03/2026;In carico a ente esterno;false;true;POLIZIA LOCALE DI ROMA CAPITALE;true
CHIAMAROMA 060606;2026;05/03/2026;In carico a ente esterno;false;true;POLIZIA LOCALE DI ROMA CAPITALE;true
CHIAMAROMA 060606;2026;05/03/2026;In carico a ente esterno;false;true;POLIZIA LOCALE DI ROMA CAPITALE;true
CHIAMAROMA 060606;2026;05/03/2026;In carico a ente esterno;false;true;POLIZIA LOCALE DI ROMA CAPITALE;true
MUNICIPIO II;2026;05/03/2026;Risolto al secondo livello;false;false;;false
CHIAMAROMA 060606;2026;05/03/2026;Risolto al secondo livello;false;false;;false
CHIAMAROMA 060606;2026;05/03/2026;In carico a ente esterno;false;true;POLIZIA LOCALE DI ROMA CAPITALE;true
CHIAMAROMA 060606;2026;05/03/2026;Risolto al secondo livello;false;false;;false
CHIAMAROMA 060606;2026;05/03/2026;In carico a ente esterno;false;true;POLIZIA LOCALE DI ROMA CAPITALE;false
CHIAMAROMA 060606;2026;05/03/2026;In carico a ente esterno;false;true;POLIZIA LOCALE DI ROMA CAPITALE;true
CHIAMAROMA 060606;2026;05/03/2026;Risolto al secondo livello;false;false;;false
POLIZIA LOCALE DI ROMA CAPITALE;2026;05/03/2026;In carico a ente esterno;false;true;POLIZIA LOCALE DI ROMA CAPITALE;false
POLIZIA LOCALE DI ROMA CAPITALE;2026;05/03/2026;In carico a ente esterno;false;true;POLIZIA LOCALE DI ROMA CAPITALE;false
POLIZIA LOCALE DI ROMA CAPITALE;2026;05/03/2026;In carico a ente esterno;false;true;POLIZIA LOCALE DI ROMA CAPITALE;false
CHIAMAROMA 060606;2026;05/03/2026;Risolto al primo livello;false;false;;false
CHIAMAROMA 060606;2026;05/03/2026;In carico a ente esterno;false;true;POLIZIA LOCALE DI ROMA CAPITALE;true
CHIAMAROMA 060606;2026;05/03/2026;In carico a ente esterno;false;true;POLIZIA LOCALE DI ROMA CAPITALE;true
CHIAMAROMA 060606;2026;05/03/2026;Risolto al secondo livello;false;false;;false
CHIAMAROMA 060606;2026;05/03/2026;Risolto al secondo livello;false;false;;false
CHIAMAROMA 060606;2026;05/03/2026;Risolto al secondo livello;false;false;;false
CHIAMAROMA 060606;2026;05/03/2026;Risolto al secondo livello;false;false;;false
CHIAMAROMA 060606;2026;05/03/2026;Non più necessario;false;false;;false
MUNICIPIO VII;2026;05/03/2026;Risolto al primo livello;false;false;;false
CHIAMAROMA 060606;2026;05/03/2026;Risolto al secondo livello;false;false;;false
POLIZIA LOCALE (COMANDO GENERALE);2026;05/03/2026;Risolto al secondo livello;false;false;;false
POLIZIA LOCALE (COMANDO GENERALE);2026;05/03/2026;Risolto al primo livello;false;false;;false
MUNICIPIO II;2026;05/03/2026;Risolto al secondo livello;false;false;;false
MUNICIPIO II;2026;05/03/2026;Risolto al secondo livello;false;false;;false
CHIAMAROMA 060606;2026;05/03/2026;Risolto al primo livello;false;false;;false
CHIAMAROMA 060606;2026;05/03/2026;In carico a ente esterno;false;true;POLIZIA LOCALE DI ROMA CAPITALE;true
CHIAMAROMA 060606;2026;05/03/2026;Risolto al secondo livello;false;false;;false
CHIAMAROMA 060606;2026;05/03/2026;Risolto al primo livello;false;false;;true
CHIAMAROMA 060606;2026;05/03/2026;Risolto al primo livello;false;false;;false
CHIAMAROMA 060606;2026;05/03/2026;In carico a ente esterno;false;true;POLIZIA LOCALE DI ROMA CAPITALE;true
CHIAMAROMA 060606;2026;05/03/2026;Risolto al primo livello;false;false;;false
MUNICIPIO VII;2026;05/03/2026;Risolto al primo livello;false;false;;false
CHIAMAROMA 060606;2026;05/03/2026;Risolto al primo livello;false;false;;false
CHIAMAROMA 060606;2026;05/03/2026;In carico a ente esterno;false;true;POLIZIA LOCALE DI ROMA CAPITALE;true
MUNICIPIO II;2026;05/03/2026;Risolto al secondo livello;false;false;;false
CHIAMAROMA 060606;2026;05/03/2026;In carico a ente esterno;false;true;POLIZIA LOCALE DI ROMA CAPITALE;true
MUNICIPIO II;2026;05/03/2026;Risolto al secondo livello;false;false;;false
CHIAMAROMA 060606;2026;05/03/2026;Risolto al primo livello;false;false;;false
MUNICIPIO II;2026;05/03/2026;Risolto al secondo livello;false;false;;false
CHIAMAROMA 060606;2026;05/03/2026;Risolto al secondo livello;false;true;AMA;false
DIPARTIMENTO TUTELA AMBIENTALE;2026;05/03/2026;Non più necessario;false;false;;false
CHIAMAROMA 060606;2026;05/03/2026;Risolto al secondo livello;false;true;TPL (BIS);false
MUNICIPIO II;2026;05/03/2026;Risolto al secondo livello;false;false;;false
CHIAMAROMA 060606;2026;05/03/2026;Risolto al secondo livello;false;true;TPL (TUSCIA);false
POLIZIA LOCALE DI ROMA CAPITALE;2026;05/03/2026;In carico a ente esterno;false;true;POLIZIA LOCALE DI ROMA CAPITALE;false
POLIZIA LOCALE DI ROMA CAPITALE;2026;05/03/2026;In carico a ente esterno;false;true;POLIZIA LOCALE DI ROMA CAPITALE;false
POLIZIA LOCALE DI ROMA CAPITALE;2026;05/03/2026;In carico a ente esterno;false;true;POLIZIA LOCALE DI ROMA CAPITALE;false
DIPARTIMENTO TUTELA AMBIENTALE;2026;05/03/2026;Risolto al secondo livello;false;false;;false
CHIAMAROMA 060606;2026;05/03/2026;Risolto al secondo livello;false;true;TPL (TUSCIA);false
DIPARTIMENTO ATTIVITA’ CULTURALI;2026;05/03/2026;Risolto al secondo livello;false;false;;false
CHIAMAROMA 060606;2026;05/03/2026;Risolto al secondo livello;false;true;TPL (BIS);false
CHIAMAROMA 060606;2026;05/03/2026;Risolto al secondo livello;false;true;TPL (BIS);false
MUNICIPIO II;2026;05/03/2026;Risolto al secondo livello;false;false;;false
CHIAMAROMA 060606;2026;05/03/2026;Risolto al secondo livello;false;true;TPL (BIS);false
MUNICIPIO II;2026;05/03/2026;Non più necessario;false;false;;false
CHIAMAROMA 060606;2026;05/03/2026;Risolto al secondo livello;false;true;TPL (BIS);false
CHIAMAROMA 060606;2026;05/03/2026;Risolto al secondo livello;false;false;;false
CHIAMAROMA 060606;2026;05/03/2026;Risolto al primo livello;false;false;;false
CHIAMAROMA 060606;2026;05/03/2026;Risolto al secondo livello;false;true;TPL (BIS);false
CHIAMAROMA 060606;2026;05/03/2026;Risolto al secondo livello;false;false;;false
CHIAMAROMA 060606;2026;05/03/2026;Risolto al secondo livello;false;true;TPL (BIS);false
CHIAMAROMA 060606;2026;05/03/2026;Risolto al secondo livello;false;true;TPL (BIS);false
CHIAMAROMA 060606;2026;05/03/2026;Non più necessario;false;false;;false
CHIAMAROMA 060606;2026;05/03/2026;Risolto al secondo livello;false;true;TPL (BIS);false
CHIAMAROMA 060606;2026;05/03/2026;Risolto al secondo livello;false;true;ATAC;false
CHIAMAROMA 060606;2026;05/03/2026;Non più necessario;false;false;;false
GABINETTO DEL SINDACO;2026;05/03/2026;Risolto al secondo livello;false;true;ATAC;false
CHIAMAROMA 060606;2026;05/03/2026;In carico a ente esterno;false;true;POLIZIA LOCALE DI ROMA CAPITALE;true
CHIAMAROMA 060606;2026;05/03/2026;Risolto al secondo livello;false;true;ATAC;false
CHIAMAROMA 060606;2026;05/03/2026;Non più necessario;false;false;;false
CHIAMAROMA 060606;2026;05/03/2026;Non più necessario;false;false;;false
CHIAMAROMA 060606;2026;05/03/2026;Risolto al secondo livello;false;false;;false
CHIAMAROMA 060606;2026;05/03/2026;Non più necessario;false;false;;false
CHIAMAROMA 060606;2026;05/03/2026;Non più necessario;false;false;;false
CHIAMAROMA 060606;2026;05/03/2026;Non più necessario;false;false;;false
DIPARTIMENTO TUTELA AMBIENTALE;2026;05/03/2026;Non più necessario;false;false;;false
GABINETTO DEL SINDACO;2026;05/03/2026;Non più necessario;false;false;;false
MUNICIPIO VII;2026;05/03/2026;Risolto al primo livello;false;false;;false
CHIAMAROMA 060606;2026;05/03/2026;Risolto al secondo livello;false;false;;false
DIPARTIMENTO TUTELA AMBIENTALE;2026;05/03/2026;Non più necessario;false;false;;false
CHIAMAROMA 060606;2026;05/03/2026;Risolto al secondo livello;false;false;;false
CHIAMAROMA 060606;2026;05/03/2026;Non più necessario;false;false;;false
CHIAMAROMA 060606;2026;05/03/2026;Non più necessario;false;false;;false
MUNICIPIO I;2026;05/03/2026;Risolto da Ente Esterno;false;true;AMA;false
CHIAMAROMA 060606;2026;05/03/2026;Risolto da Ente Esterno;false;true;AMA;false
CHIAMAROMA 060606;2026;05/03/2026;Risolto da Ente Esterno;false;true;AMA;false
CHIAMAROMA 060606;2026;05/03/2026;Risolto da Ente Esterno;false;true;AMA;false
CHIAMAROMA 060606;2026;05/03/2026;Risolto da Ente Esterno;false;true;AMA;false
CHIAMAROMA 060606;2026;05/03/2026;Risolto da Ente Esterno;false;true;AMA;false
CHIAMAROMA 060606;2026;05/03/2026;Risolto da Ente Esterno;false;true;AMA;false
CHIAMAROMA 060606;2026;05/03/2026;Risolto da Ente Esterno;false;true;AMA;false
CHIAMAROMA 060606;2026;05/03/2026;Risolto da Ente Esterno;false;true;AMA;false
CHIAMAROMA 060606;2026;05/03/2026;Risolto da Ente Esterno;false;true;AMA;false
CHIAMAROMA 060606;2026;05/03/2026;Risolto da Ente Esterno;false;true;AMA;false
CHIAMAROMA 060606;2026;05/03/2026;Risolto da Ente Esterno;false;true;AMA;false
CHIAMAROMA 060606;2026;05/03/2026;Risolto da Ente Esterno;false;true;AMA;false
CHIAMAROMA 060606;2026;05/03/2026;Risolto da Ente Esterno;false;true;AMA;false
CHIAMAROMA 060606;2026;05/03/2026;Risolto da Ente Esterno;false;true;AMA;false
CHIAMAROMA 060606;2026;05/03/2026;Risolto da Ente Esterno;false;true;AMA;false
BACK OFFICE ROMA CAPITALE;2026;05/03/2026;Risolto da Ente Esterno;false;true;AMA;false
BACK OFFICE ROMA CAPITALE;2026;05/03/2026;Risolto da Ente Esterno;false;true;AMA;false
BACK OFFICE ROMA CAPITALE;2026;05/03/2026;Risolto da Ente Esterno;false;true;AMA;false
CHIAMAROMA 060606;2026;05/03/2026;Non più necessario;false;false;;false
CHIAMAROMA 060606;2026;05/03/2026;In carico a ente esterno;false;true;POLIZIA LOCALE DI ROMA CAPITALE;true
CHIAMAROMA 060606;2026;05/03/2026;Risolto al secondo livello;false;false;;false
BACK OFFICE ROMA CAPITALE;2026;05/03/2026;In carico a ente esterno;false;true;POLIZIA LOCALE DI ROMA CAPITALE;false
CHIAMAROMA 060606;2026;05/03/2026;In carico a ente esterno;false;true;POLIZIA LOCALE DI ROMA CAPITALE;true
BACK OFFICE ROMA CAPITALE;2026;05/03/2026;In carico a ente esterno;false;true;POLIZIA LOCALE DI ROMA CAPITALE;false
POLIZIA LOCALE DI ROMA CAPITALE;2026;05/03/2026;In carico a ente esterno;false;true;POLIZIA LOCALE DI ROMA CAPITALE;false
POLIZIA LOCALE DI ROMA CAPITALE;2026;05/03/2026;In carico a ente esterno;false;true;POLIZIA LOCALE DI ROMA CAPITALE;false
POLIZIA LOCALE DI ROMA CAPITALE;2026;05/03/2026;In carico a ente esterno;false;true;POLIZIA LOCALE DI ROMA CAPITALE;false
MUNICIPIO III;2026;05/03/2026;Risolto al secondo livello;false;false;;false
CHIAMAROMA 060606;2026;05/03/2026;In carico a ente esterno;false;true;POLIZIA LOCALE DI ROMA CAPITALE;true
MUNICIPIO X;2026;05/03/2026;Risolto al secondo livello;false;false;;false
CHIAMAROMA 060606;2026;05/03/2026;In carico a ente esterno;false;true;POLIZIA LOCALE DI ROMA CAPITALE;true
MUNICIPIO II;2026;05/03/2026;Risolto al secondo livello;false;false;;false
CHIAMAROMA 060606;2026;05/03/2026;Risolto al secondo livello;false;false;;false
CHIAMAROMA 060606;2026;05/03/2026;In carico a ente esterno;false;true;POLIZIA LOCALE DI ROMA CAPITALE;true
CHIAMAROMA 060606;2026;05/03/2026;Risolto al secondo livello;false;false;;false
POLIZIA LOCALE DI ROMA CAPITALE;2026;05/03/2026;In carico a ente esterno;false;true;POLIZIA LOCALE DI ROMA CAPITALE;false
POLIZIA LOCALE DI ROMA CAPITALE;2026;05/03/2026;In carico a ente esterno;false;true;POLIZIA LOCALE DI ROMA CAPITALE;false
POLIZIA LOCALE DI ROMA CAPITALE;2026;05/03/2026;In carico a ente esterno;false;true;POLIZIA LOCALE DI ROMA CAPITALE;false
POLIZIA LOCALE DI ROMA CAPITALE;2026;05/03/2026;In carico a ente esterno;false;true;POLIZIA LOCALE DI ROMA CAPITALE;false
POLIZIA LOCALE DI ROMA CAPITALE;2026;05/03/2026;In carico a ente esterno;false;true;POLIZIA LOCALE DI ROMA CAPITALE;false
POLIZIA LOCALE DI ROMA CAPITALE;2026;05/03/2026;In carico a ente esterno;false;true;POLIZIA LOCALE DI ROMA CAPITALE;false
POLIZIA LOCALE DI ROMA CAPITALE;2026;05/03/2026;In carico a ente esterno;false;true;POLIZIA LOCALE DI ROMA CAPITALE;false
POLIZIA LOCALE DI ROMA CAPITALE;2026;05/03/2026;In carico a ente esterno;false;true;POLIZIA LOCALE DI ROMA CAPITALE;false
MUNICIPIO II;2026;05/03/2026;Risolto al secondo livello;false;false;;false
CHIAMAROMA 060606;2026;05/03/2026;In carico a ente esterno;false;true;POLIZIA LOCALE DI ROMA CAPITALE;true
CHIAMAROMA 060606;2026;05/03/2026;Risolto al secondo livello;false;false;;false
CHIAMAROMA 060606;2026;05/03/2026;Risolto al secondo livello;false;false;;false
DIPARTIMENTO TUTELA AMBIENTALE;2026;05/03/2026;Non più necessario;false;false;;false
CHIAMAROMA 060606;2026;05/03/2026;In carico a ente esterno;false;true;POLIZIA LOCALE DI ROMA CAPITALE;true
CHIAMAROMA 060606;2026;05/03/2026;Risolto al secondo livello;false;false;;false
CHIAMAROMA 060606;2026;05/03/2026;In carico a ente esterno;false;true;POLIZIA LOCALE DI ROMA CAPITALE;true
CHIAMAROMA 060606;2026;05/03/2026;Non più necessario;false;false;;false
CHIAMAROMA 060606;2026;05/03/2026;Non più necessario;false;false;;false
RAGIONERIA GENERALE;2026;05/03/2026;Risolto al secondo livello;false;false;;false
CHIAMAROMA 060606;2026;05/03/2026;Non più necessario;false;false;;false
CHIAMAROMA 060606;2026;05/03/2026;Non più necessario;false;false;;false
CHIAMAROMA 060606;2026;05/03/2026;Non più necessario;false;false;;false
DIPARTIMENTO TUTELA AMBIENTALE;2026;05/03/2026;Non più necessario;false;false;;false
CHIAMAROMA 060606;2026;05/03/2026;Non più necessario;false;false;;false
BACK OFFICE ROMA CAPITALE;2026;05/03/2026;Non più necessario;false;false;;false
CHIAMAROMA 060606;2026;05/03/2026;Non più necessario;false;false;;false
CHIAMAROMA 060606;2026;05/03/2026;Risolto al secondo livello;false;false;;false
DIPARTIMENTO TUTELA AMBIENTALE;2026;05/03/2026;Risolto al secondo livello;false;false;;false
CHIAMAROMA 060606;2026;05/03/2026;Risolto al secondo livello;false;false;;false
CHIAMAROMA 060606;2026;05/03/2026;Risolto al secondo livello;false;false;;false
MUNICIPIO II;2026;05/03/2026;Non più necessario;false;false;;false
POLIZIA LOCALE DI ROMA CAPITALE;2026;05/03/2026;In carico a ente esterno;false;true;POLIZIA LOCALE DI ROMA CAPITALE;false
POLIZIA LOCALE DI ROMA CAPITALE;2026;05/03/2026;In carico a ente esterno;false;true;POLIZIA LOCALE DI ROMA CAPITALE;false
POLIZIA LOCALE DI ROMA CAPITALE;2026;05/03/2026;In carico a ente esterno;false;true;POLIZIA LOCALE DI ROMA CAPITALE;false
POLIZIA LOCALE DI ROMA CAPITALE;2026;05/03/2026;In carico a ente esterno;false;true;POLIZIA LOCALE DI ROMA CAPITALE;false
CHIAMAROMA 060606;2026;05/03/2026;Non più necessario;false;false;;false
CHIAMAROMA 060606;2026;05/03/2026;Risolto al secondo livello;false;false;;false
CHIAMAROMA 060606;2026;05/03/2026;Non più necessario;false;false;;false
CHIAMAROMA 060606;2026;05/03/2026;Risolto al secondo livello;false;false;;false
CHIAMAROMA 060606;2026;05/03/2026;In carico a ente esterno;false;true;POLIZIA LOCALE DI ROMA CAPITALE;true
DIPARTIMENTO TUTELA AMBIENTALE;2026;05/03/2026;Non più necessario;false;false;;false
CHIAMAROMA 060606;2026;05/03/2026;In carico a ente esterno;false;true;POLIZIA LOCALE DI ROMA CAPITALE;true
DIPARTIMENTO TUTELA AMBIENTALE;2026;05/03/2026;Non più necessario;false;false;;false
CHIAMAROMA 060606;2026;05/03/2026;Non più necessario;false;false;;false
CHIAMAROMA 060606;2026;05/03/2026;Non più necessario;false;false;;false
CHIAMAROMA 060606;2026;05/03/2026;Non più necessario;false;false;;false
CHIAMAROMA 060606;2026;05/03/2026;Non più necessario;false;false;;false
DIPARTIMENTO TUTELA AMBIENTALE;2026;05/03/2026;Non più necessario;false;false;;false
MUNICIPIO X;2026;05/03/2026;Risolto al secondo livello;false;false;;false
DIPARTIMENTO TUTELA AMBIENTALE;2026;05/03/2026;Non più necessario;false;false;;false
CHIAMAROMA 060606;2026;05/03/2026;Risolto al secondo livello;false;false;;false
CHIAMAROMA 060606;2026;05/03/2026;Risolto da Ente Esterno;false;true;AMA;false
CHIAMAROMA 060606;2026;05/03/2026;Risolto da Ente Esterno;false;true;AMA;false
BACK OFFICE ROMA CAPITALE;2026;05/03/2026;Risolto da Ente Esterno;false;true;AMA;false
CHIAMAROMA 060606;2026;05/03/2026;Risolto da Ente Esterno;false;true;AMA;false
CHIAMAROMA 060606;2026;05/03/2026;Risolto da Ente Esterno;false;true;AMA;false
BACK OFFICE ROMA CAPITALE;2026;05/03/2026;Risolto da Ente Esterno;false;true;AMA;false
POLIZIA LOCALE (COMANDO GENERALE);2026;05/03/2026;Trasferito telefonicamente a call center esterno o per pronto intervento;false;false;;false
CHIAMAROMA 060606;2026;05/03/2026;Risolto da Ente Esterno;false;true;AMA;false
CHIAMAROMA 060606;2026;05/03/2026;Risolto da Ente Esterno;false;true;AMA;false
CHIAMAROMA 060606;2026;05/03/2026;Risolto da Ente Esterno;false;true;AMA;false
MUNICIPIO VII;2026;05/03/2026;Risolto da Ente Esterno;false;true;AMA;false
CHIAMAROMA 060606;2026;05/03/2026;Risolto da Ente Esterno;false;true;AMA;false
CHIAMAROMA 060606;2026;05/03/2026;Risolto da Ente Esterno;false;true;AMA;false
CHIAMAROMA 060606;2026;05/03/2026;Risolto da Ente Esterno;false;true;AMA;false
CHIAMAROMA 060606;2026;05/03/2026;Risolto da Ente Esterno;false;true;AMA;false
DIPARTIMENTO TUTELA AMBIENTALE;2026;05/03/2026;Non più necessario;false;false;;false
CHIAMAROMA 060606;2026;05/03/2026;Non più necessario;false;false;;false
MUNICIPIO XIII;2026;05/03/2026;Risolto al secondo livello;false;false;;false
POLIZIA LOCALE DI ROMA CAPITALE;2026;05/03/2026;In carico a ente esterno;false;true;POLIZIA LOCALE DI ROMA CAPITALE;false
POLIZIA LOCALE DI ROMA CAPITALE;2026;05/03/2026;In carico a ente esterno;false;true;POLIZIA LOCALE DI ROMA CAPITALE;false
CHIAMAROMA 060606;2026;05/03/2026;Non più necessario;false;false;;false
CHIAMAROMA 060606;2026;05/03/2026;Risolto al secondo livello;true;false;;false
CHIAMAROMA 060606;2026;05/03/2026;Non più necessario;false;false;;false
CHIAMAROMA 060606;2026;05/03/2026;Non più necessario;false;false;;false
CHIAMAROMA 060606;2026;05/03/2026;Non più necessario;false;false;;false
;2026;05/03/2026;Risolto al secondo livello;false;false;;false
MUNICIPIO VII;2026;05/03/2026;Risolto al secondo livello;false;false;;false
;2026;05/03/2026;Risolto al secondo livello;false;false;;false
;2026;05/03/2026;Risolto al secondo livello;false;false;;false
CHIAMAROMA 060606;2026;05/03/2026;Non più necessario;false;false;;false
DIPARTIMENTO TUTELA AMBIENTALE;2026;05/03/2026;Non più necessario;false;false;;false
CHIAMAROMA 060606;2026;05/03/2026;Risolto al secondo livello;false;false;;false
CHIAMAROMA 060606;2026;05/03/2026;Non più necessario;false;false;;false
CHIAMAROMA 060606;2026;05/03/2026;Non più necessario;false;false;;false
CHIAMAROMA 060606;2026;05/03/2026;Non più necessario;false;false;;false
CHIAMAROMA 060606;2026;05/03/2026;Non più necessario;false;false;;false
CHIAMAROMA 060606;2026;05/03/2026;Non più necessario;false;false;;false
DIPARTIMENTO TUTELA AMBIENTALE;2026;05/03/2026;Non più necessario;false;false;;false
CHIAMAROMA 060606;2026;05/03/2026;Risolto al secondo livello;false;false;;false
GABINETTO DEL SINDACO;2026;05/03/2026;Non più necessario;false;false;;false
POLIZIA LOCALE (COMANDO GENERALE);2026;05/03/2026;Risolto al primo livello;false;false;;false
CHIAMAROMA 060606;2026;05/03/2026;Risolto da Ente Esterno;false;true;AMA;false
CHIAMAROMA 060606;2026;05/03/2026;Risolto da Ente Esterno;false;true;AMA;false
CHIAMAROMA 060606;2026;05/03/2026;Risolto da Ente Esterno;false;true;AMA;false
CHIAMAROMA 060606;2026;05/03/2026;In carico a ente esterno;false;true;POLIZIA LOCALE DI ROMA CAPITALE;true
CHIAMAROMA 060606;2026;05/03/2026;Risolto da Ente Esterno;false;true;AMA;false
CHIAMAROMA 060606;2026;05/03/2026;Risolto da Ente Esterno;false;true;AMA;false
POLIZIA LOCALE DI ROMA CAPITALE;2026;05/03/2026;In carico a ente esterno;false;true;POLIZIA LOCALE DI ROMA CAPITALE;false
POLIZIA LOCALE DI ROMA CAPITALE;2026;05/03/2026;In carico a ente esterno;false;true;POLIZIA LOCALE DI ROMA CAPITALE;false
CHIAMAROMA 060606;2026;05/03/2026;In carico a ente esterno;false;true;POLIZIA LOCALE DI ROMA CAPITALE;true
CHIAMAROMA 060606;2026;05/03/2026;In carico a ente esterno;false;true;POLIZIA LOCALE DI ROMA CAPITALE;true
CHIAMAROMA 060606;2026;05/03/2026;In carico a ente esterno;false;true;POLIZIA LOCALE DI ROMA CAPITALE;true
CHIAMAROMA 060606;2026;05/03/2026;In carico a ente esterno;false;true;POLIZIA LOCALE DI ROMA CAPITALE;true
POLIZIA LOCALE DI ROMA CAPITALE;2026;05/03/2026;In carico a ente esterno;false;true;POLIZIA LOCALE DI ROMA CAPITALE;false
CHIAMAROMA 060606;2026;05/03/2026;In carico a ente esterno;false;true;POLIZIA LOCALE DI ROMA CAPITALE;true
POLIZIA LOCALE DI ROMA CAPITALE;2026;05/03/2026;In carico a ente esterno;false;true;POLIZIA LOCALE DI ROMA CAPITALE;false
POLIZIA LOCALE DI ROMA CAPITALE;2026;05/03/2026;In carico a ente esterno;false;true;POLIZIA LOCALE DI ROMA CAPITALE;false
POLIZIA LOCALE DI ROMA CAPITALE;2026;05/03/2026;In carico a ente esterno;false;true;POLIZIA LOCALE DI ROMA CAPITALE;false
POLIZIA LOCALE DI ROMA CAPITALE;2026;05/03/2026;In carico a ente esterno;false;true;POLIZIA LOCALE DI ROMA CAPITALE;false
POLIZIA LOCALE DI ROMA CAPITALE;2026;05/03/2026;In carico a ente esterno;false;true;POLIZIA LOCALE DI ROMA CAPITALE;false
POLIZIA LOCALE DI ROMA CAPITALE;2026;05/03/2026;In carico a ente esterno;false;true;POLIZIA LOCALE DI ROMA CAPITALE;false
CHIAMAROMA 060606;2026;06/03/2026;Risolto da Ente Esterno;false;true;AMA;false
CHIAMAROMA 060606;2026;06/03/2026;Risolto da Ente Esterno;false;true;AMA;false
CHIAMAROMA 060606;2026;06/03/2026;Risolto da Ente Esterno;false;true;AMA;false
CHIAMAROMA 060606;2026;06/03/2026;Risolto da Ente Esterno;false;true;AMA;false
AMA;2026;06/03/2026;Risolto da Ente Esterno;false;true;AMA;false
CHIAMAROMA 060606;2026;06/03/2026;Risolto da Ente Esterno;false;true;AMA;false
CHIAMAROMA 060606;2026;06/03/2026;Risolto da Ente Esterno;false;true;AMA;false
CHIAMAROMA 060606;2026;06/03/2026;Risolto da Ente Esterno;false;true;AMA;false
CHIAMAROMA 060606;2026;06/03/2026;Risolto da Ente Esterno;false;true;AMA;false
BACK OFFICE ROMA CAPITALE;2026;06/03/2026;Risolto da Ente Esterno;false;true;AMA;false
CHIAMAROMA 060606;2026;06/03/2026;Risolto da Ente Esterno;false;true;AMA;false
CHIAMAROMA 060606;2026;06/03/2026;Risolto da Ente Esterno;false;true;AMA;false
BACK OFFICE ROMA CAPITALE;2026;06/03/2026;Risolto da Ente Esterno;false;true;AMA;false
CHIAMAROMA 060606;2026;06/03/2026;Risolto da Ente Esterno;false;true;AMA;false
CHIAMAROMA 060606;2026;06/03/2026;Risolto da Ente Esterno;false;true;AMA;false
CHIAMAROMA 060606;2026;06/03/2026;Risolto da Ente Esterno;false;true;AMA;false
CHIAMAROMA 060606;2026;06/03/2026;Risolto da Ente Esterno;false;true;AMA;false
BACK OFFICE ROMA CAPITALE;2026;06/03/2026;Risolto da Ente Esterno;false;true;AMA;false
BACK OFFICE ROMA CAPITALE;2026;06/03/2026;Risolto da Ente Esterno;false;true;AMA;false
BACK OFFICE ROMA CAPITALE;2026;06/03/2026;Risolto da Ente Esterno;false;true;AMA;false
CHIAMAROMA 060606;2026;06/03/2026;Risolto da Ente Esterno;false;true;AMA;false
CHIAMAROMA 060606;2026;06/03/2026;Risolto da Ente Esterno;false;true;AMA;false
CHIAMAROMA 060606;2026;06/03/2026;Risolto da Ente Esterno;false;true;AMA;false
CHIAMAROMA 060606;2026;06/03/2026;Risolto da Ente Esterno;false;true;AMA;false
CHIAMAROMA 060606;2026;06/03/2026;Risolto da Ente Esterno;false;true;AMA;false
CHIAMAROMA 060606;2026;06/03/2026;Risolto da Ente Esterno;false;true;AMA;false
CHIAMAROMA 060606;2026;06/03/2026;Risolto da Ente Esterno;false;true;AMA;false
CHIAMAROMA 060606;2026;06/03/2026;Risolto da Ente Esterno;false;true;AMA;false
CHIAMAROMA 060606;2026;06/03/2026;Risolto da Ente Esterno;false;true;AMA;false
CHIAMAROMA 060606;2026;06/03/2026;Risolto da Ente Esterno;false;true;AMA;false
CHIAMAROMA 060606;2026;06/03/2026;Risolto da Ente Esterno;false;true;AMA;false
CHIAMAROMA 060606;2026;06/03/2026;Risolto da Ente Esterno;false;true;AMA;false
CHIAMAROMA 060606;2026;06/03/2026;Risolto da Ente Esterno;false;true;AMA;false
CHIAMAROMA 060606;2026;06/03/2026;Risolto da Ente Esterno;false;true;AMA;false
MUNICIPIO I;2026;06/03/2026;Risolto da Ente Esterno;false;true;AMA;false
CHIAMAROMA 060606;2026;06/03/2026;Risolto da Ente Esterno;false;true;AMA;false
CHIAMAROMA 060606;2026;06/03/2026;Risolto da Ente Esterno;false;true;AMA;false
CHIAMAROMA 060606;2026;06/03/2026;Risolto da Ente Esterno;false;true;AMA;false
CHIAMAROMA 060606;2026;06/03/2026;Risolto da Ente Esterno;false;true;AMA;false
CHIAMAROMA 060606;2026;06/03/2026;Risolto da Ente Esterno;false;true;AMA;false
BACK OFFICE ROMA CAPITALE;2026;06/03/2026;Risolto da Ente Esterno;false;true;AMA;false
BACK OFFICE ROMA CAPITALE;2026;06/03/2026;Risolto da Ente Esterno;false;true;AMA;false
CHIAMAROMA 060606;2026;06/03/2026;Risolto da Ente Esterno;false;true;AMA;false
CHIAMAROMA 060606;2026;06/03/2026;Risolto da Ente Esterno;false;true;AMA;false
CHIAMAROMA 060606;2026;06/03/2026;Risolto da Ente Esterno;false;true;AMA;false
AMA;2026;06/03/2026;Risolto da Ente Esterno;false;true;AMA;false
AMA;2026;06/03/2026;Risolto da Ente Esterno;false;true;AMA;false
MUNICIPIO II;2026;06/03/2026;Risolto da Ente Esterno;false;true;AMA;false
CHIAMAROMA 060606;2026;06/03/2026;Risolto da Ente Esterno;false;true;AMA;false
CHIAMAROMA 060606;2026;06/03/2026;Risolto da Ente Esterno;false;true;AMA;false
CHIAMAROMA 060606;2026;06/03/2026;Risolto da Ente Esterno;false;true;AMA;false
CHIAMAROMA 060606;2026;06/03/2026;Risolto da Ente Esterno;false;true;AMA;false
POLIZIA LOCALE (3° Gruppo NOMENTANO);2026;06/03/2026;Risolto al secondo livello;false;false;;false
CHIAMAROMA 060606;2026;06/03/2026;Risolto da Ente Esterno;false;true;AMA;false
CHIAMAROMA 060606;2026;06/03/2026;Risolto da Ente Esterno;false;true;AMA;false
AMA;2026;06/03/2026;Risolto da Ente Esterno;false;true;AMA;false
AMA;2026;06/03/2026;Risolto da Ente Esterno;false;true;AMA;false
CHIAMAROMA 060606;2026;06/03/2026;Risolto da Ente Esterno;false;true;AMA;false
CHIAMAROMA 060606;2026;06/03/2026;Risolto da Ente Esterno;false;true;AMA;false
BACK OFFICE ROMA CAPITALE;2026;06/03/2026;Risolto da Ente Esterno;false;true;AMA;false
CHIAMAROMA 060606;2026;06/03/2026;Risolto da Ente Esterno;false;true;AMA;false
CHIAMAROMA 060606;2026;06/03/2026;Risolto da Ente Esterno;false;true;AMA;false
AMA;2026;06/03/2026;Risolto da Ente Esterno;false;true;AMA;false
CHIAMAROMA 060606;2026;06/03/2026;Risolto al primo livello;false;false;;true
CHIAMAROMA 060606;2026;06/03/2026;Risolto al primo livello;false;false;;true
CHIAMAROMA 060606;2026;06/03/2026;Risolto al secondo livello;false;true;AMA;false
CHIAMAROMA 060606;2026;06/03/2026;Risolto al secondo livello;false;false;;false
CHIAMAROMA 060606;2026;06/03/2026;Risolto al secondo livello;false;false;;false
CHIAMAROMA 060606;2026;06/03/2026;Risolto al secondo livello;false;false;;false
DIPARTIMENTO INFRASTRUTTURE E LAVORI PUBBLICI;2026;06/03/2026;Risolto al secondo livello;false;false;;false
BACK OFFICE ROMA CAPITALE;2026;06/03/2026;Risolto al secondo livello;false;true;AMA;false
CHIAMAROMA 060606;2026;06/03/2026;Risolto al secondo livello;false;false;;false
CHIAMAROMA 060606;2026;06/03/2026;Risolto al secondo livello;false;false;;false
CHIAMAROMA 060606;2026;06/03/2026;Risolto al secondo livello;false;false;;false
DIPARTIMENTO INFRASTRUTTURE E LAVORI PUBBLICI;2026;06/03/2026;Risolto al secondo livello;false;false;;false
POLIZIA LOCALE (3° Gruppo NOMENTANO);2026;06/03/2026;Risolto al secondo livello;false;false;;false
MUNICIPIO VI;2026;06/03/2026;Risolto al secondo livello;false;false;;false
POLIZIA LOCALE (3° Gruppo NOMENTANO);2026;06/03/2026;Risolto al secondo livello;false;false;;false
CHIAMAROMA 060606;2026;06/03/2026;Risolto al secondo livello;false;false;;false
DIPARTIMENTO INFRASTRUTTURE E LAVORI PUBBLICI;2026;06/03/2026;Risolto al secondo livello;false;false;;false
CHIAMAROMA 060606;2026;06/03/2026;Trasferito telefonicamente a call center esterno o per pronto intervento;false;false;;false
CHIAMAROMA 060606;2026;06/03/2026;Risolto al secondo livello;false;false;;false
POLIZIA LOCALE (3° Gruppo NOMENTANO);2026;06/03/2026;Risolto al secondo livello;false;false;;false
CHIAMAROMA 060606;2026;06/03/2026;Risolto al secondo livello;true;false;;false
CHIAMAROMA 060606;2026;06/03/2026;Risolto al secondo livello;true;false;;false
POLIZIA LOCALE (3° Gruppo NOMENTANO);2026;06/03/2026;Risolto al secondo livello;false;false;;false
POLIZIA LOCALE (3° Gruppo NOMENTANO);2026;06/03/2026;Risolto al secondo livello;false;false;;false
POLIZIA LOCALE (3° Gruppo NOMENTANO);2026;06/03/2026;Risolto al secondo livello;false;false;;false
RAGIONERIA GENERALE;2026;06/03/2026;Risolto al secondo livello;false;false;;false
POLIZIA LOCALE (3° Gruppo NOMENTANO);2026;06/03/2026;Risolto al secondo livello;false;false;;false
CHIAMAROMA 060606;2026;06/03/2026;Trasferito telefonicamente a call center esterno o per pronto intervento;false;false;;false
MUNICIPIO II;2026;06/03/2026;Risolto al secondo livello;false;false;;false
CHIAMAROMA 060606;2026;06/03/2026;In carico a ente esterno;false;true;POLIZIA LOCALE DI ROMA CAPITALE;true
CHIAMAROMA 060606;2026;06/03/2026;Risolto al primo livello;false;false;;false
CHIAMAROMA 060606;2026;06/03/2026;Risolto al primo livello;false;false;;false
CHIAMAROMA 060606;2026;06/03/2026;Risolto al primo livello;false;false;;false
CHIAMAROMA 060606;2026;06/03/2026;Risolto al primo livello;false;false;;false
MUNICIPIO VII;2026;06/03/2026;Risolto al primo livello;false;false;;false
DIPARTIMENTO COORDINAMENTO SVILUPPO INFRASTRUTTURE E MANUTENZIONE URBANA;2026;06/03/2026;Risolto al secondo livello;false;false;;false
DIPARTIMENTO TUTELA AMBIENTALE;2026;06/03/2026;Non più necessario;false;false;;false
DIPARTIMENTO COORDINAMENTO SVILUPPO INFRASTRUTTURE E MANUTENZIONE URBANA;2026;06/03/2026;Risolto al secondo livello;false;false;;false
CHIAMAROMA 060606;2026;06/03/2026;Risolto al primo livello;false;false;;false
CHIAMAROMA 060606;2026;06/03/2026;Risolto al secondo livello;false;false;;false
CHIAMAROMA 060606;2026;06/03/2026;Non più necessario;false;false;;false
POLIZIA LOCALE (3° Gruppo NOMENTANO);2026;06/03/2026;Risolto al secondo livello;false;false;;false
CHIAMAROMA 060606;2026;06/03/2026;Risolto al secondo livello;false;false;;false
MUNICIPIO XIII;2026;06/03/2026;Risolto al secondo livello;false;false;;false
POLIZIA LOCALE (3° Gruppo NOMENTANO);2026;06/03/2026;Risolto al secondo livello;false;false;;false
CHIAMAROMA 060606;2026;06/03/2026;Non più necessario;false;false;;false
POLIZIA LOCALE (3° Gruppo NOMENTANO);2026;06/03/2026;Risolto al secondo livello;false;false;;false
CHIAMAROMA 060606;2026;06/03/2026;Non più necessario;false;false;;false
CHIAMAROMA 060606;2026;06/03/2026;Non più necessario;false;false;;false
CHIAMAROMA 060606;2026;06/03/2026;Non più necessario;false;false;;false
DIPARTIMENTO TUTELA AMBIENTALE;2026;06/03/2026;Non più necessario;false;false;;false
CHIAMAROMA 060606;2026;06/03/2026;In carico a ente esterno;false;true;POLIZIA LOCALE DI ROMA CAPITALE;true
CHIAMAROMA 060606;2026;06/03/2026;Non più necessario;false;false;;false
POLIZIA LOCALE (3° Gruppo NOMENTANO);2026;06/03/2026;Risolto al secondo livello;false;false;;false
DIPARTIMENTO TUTELA AMBIENTALE;2026;06/03/2026;Non più necessario;false;false;;false
CHIAMAROMA 060606;2026;06/03/2026;Non più necessario;false;false;;false
POLIZIA LOCALE DI ROMA CAPITALE;2026;06/03/2026;In carico a ente esterno;false;true;POLIZIA LOCALE DI ROMA CAPITALE;false
POLIZIA LOCALE DI ROMA CAPITALE;2026;06/03/2026;In carico a ente esterno;false;true;POLIZIA LOCALE DI ROMA CAPITALE;false
POLIZIA LOCALE DI ROMA CAPITALE;2026;06/03/2026;In carico a ente esterno;false;true;POLIZIA LOCALE DI ROMA CAPITALE;false
POLIZIA LOCALE DI ROMA CAPITALE;2026;06/03/2026;In carico a ente esterno;false;true;POLIZIA LOCALE DI ROMA CAPITALE;false
POLIZIA LOCALE DI ROMA CAPITALE;2026;06/03/2026;In carico a ente esterno;false;true;POLIZIA LOCALE DI ROMA CAPITALE;false
POLIZIA LOCALE DI ROMA CAPITALE;2026;06/03/2026;In carico a ente esterno;false;true;POLIZIA LOCALE DI ROMA CAPITALE;false
POLIZIA LOCALE DI ROMA CAPITALE;2026;06/03/2026;In carico a ente esterno;false;true;POLIZIA LOCALE DI ROMA CAPITALE;false
CHIAMAROMA 060606;2026;06/03/2026;Non più necessario;false;false;;false
CHIAMAROMA 060606;2026;06/03/2026;In carico a ente esterno;false;true;POLIZIA LOCALE DI ROMA CAPITALE;true
CHIAMAROMA 060606;2026;06/03/2026;Non più necessario;false;false;;false
CHIAMAROMA 060606;2026;06/03/2026;Non più necessario;false;false;;false
DIPARTIMENTO TUTELA AMBIENTALE;2026;06/03/2026;Non più necessario;false;false;;false
CHIAMAROMA 060606;2026;06/03/2026;Non più necessario;true;false;;false
CHIAMAROMA 060606;2026;06/03/2026;In carico a ente esterno;false;true;POLIZIA LOCALE DI ROMA CAPITALE;true
DIPARTIMENTO TUTELA AMBIENTALE;2026;06/03/2026;Non più necessario;false;false;;false
DIPARTIMENTO TUTELA AMBIENTALE;2026;06/03/2026;Non più necessario;false;false;;false
POLIZIA LOCALE (3° Gruppo NOMENTANO);2026;06/03/2026;Risolto al secondo livello;false;false;;false
CHIAMAROMA 060606;2026;06/03/2026;Risolto al secondo livello;false;true;AMA;false
CHIAMAROMA 060606;2026;06/03/2026;Non più necessario;false;false;;false
CHIAMAROMA 060606;2026;06/03/2026;Risolto al secondo livello;false;false;;false
MUNICIPIO XIII;2026;06/03/2026;Non più necessario;false;false;;false
CHIAMAROMA 060606;2026;06/03/2026;Non più necessario;false;false;;false
DIPARTIMENTO TUTELA AMBIENTALE;2026;06/03/2026;Non più necessario;false;false;;false
CHIAMAROMA 060606;2026;06/03/2026;In carico a ente esterno;false;true;POLIZIA LOCALE DI ROMA CAPITALE;true
CHIAMAROMA 060606;2026;06/03/2026;In carico a ente esterno;false;true;POLIZIA LOCALE DI ROMA CAPITALE;true
CHIAMAROMA 060606;2026;06/03/2026;Risolto al secondo livello;false;false;;false
CHIAMAROMA 060606;2026;06/03/2026;Risolto al secondo livello;false;false;;false
CHIAMAROMA 060606;2026;06/03/2026;Risolto al secondo livello;false;false;;false
DIPARTIMENTO TUTELA AMBIENTALE;2026;06/03/2026;Risolto al secondo livello;false;false;;false
CHIAMAROMA 060606;2026;06/03/2026;Non più necessario;false;false;;false
CHIAMAROMA 060606;2026;06/03/2026;Risolto al secondo livello;false;false;;false
CHIAMAROMA 060606;2026;06/03/2026;Non più necessario;false;false;;false
CHIAMAROMA 060606;2026;06/03/2026;Risolto al secondo livello;false;false;;false
DIPARTIMENTO TUTELA AMBIENTALE;2026;06/03/2026;Risolto al secondo livello;false;false;;false
CHIAMAROMA 060606;2026;06/03/2026;Non più necessario;false;false;;false
CHIAMAROMA 060606;2026;06/03/2026;Risolto da Ente Esterno;false;true;AMA;false
CHIAMAROMA 060606;2026;06/03/2026;Risolto da Ente Esterno;false;true;AMA;false
CHIAMAROMA 060606;2026;06/03/2026;Risolto da Ente Esterno;false;true;AMA;false
CHIAMAROMA 060606;2026;06/03/2026;Risolto da Ente Esterno;false;true;AMA;false
CHIAMAROMA 060606;2026;06/03/2026;Risolto da Ente Esterno;false;true;AMA;false
CHIAMAROMA 060606;2026;06/03/2026;Risolto da Ente Esterno;false;true;AMA;false
CHIAMAROMA 060606;2026;06/03/2026;Risolto da Ente Esterno;false;true;AMA;false
CHIAMAROMA 060606;2026;06/03/2026;Risolto da Ente Esterno;false;true;AMA;false
CHIAMAROMA 060606;2026;06/03/2026;Risolto da Ente Esterno;false;true;AMA;false
CHIAMAROMA 060606;2026;06/03/2026;Risolto da Ente Esterno;false;true;AMA;false
CHIAMAROMA 060606;2026;06/03/2026;Risolto da Ente Esterno;false;true;AMA;false
CHIAMAROMA 060606;2026;06/03/2026;Risolto da Ente Esterno;false;true;AMA;false
CHIAMAROMA 060606;2026;06/03/2026;Risolto da Ente Esterno;false;true;AMA;false
CHIAMAROMA 060606;2026;06/03/2026;Risolto da Ente Esterno;false;true;AMA;false
CHIAMAROMA 060606;2026;06/03/2026;Risolto da Ente Esterno;false;true;AMA;false
CHIAMAROMA 060606;2026;06/03/2026;Risolto da Ente Esterno;false;true;AMA;false
CHIAMAROMA 060606;2026;06/03/2026;Risolto da Ente Esterno;false;true;AMA;false
MUNICIPIO I;2026;06/03/2026;Risolto da Ente Esterno;false;true;AMA;false
CHIAMAROMA 060606;2026;06/03/2026;Risolto da Ente Esterno;false;true;AMA;false
CHIAMAROMA 060606;2026;06/03/2026;Risolto da Ente Esterno;false;true;AMA;false
CHIAMAROMA 060606;2026;06/03/2026;Non più necessario;false;false;;false
CHIAMAROMA 060606;2026;06/03/2026;Non più necessario;false;false;;false
CHIAMAROMA 060606;2026;06/03/2026;Risolto al secondo livello;false;false;;false
POLIZIA LOCALE DI ROMA CAPITALE;2026;06/03/2026;In carico a ente esterno;false;true;POLIZIA LOCALE DI ROMA CAPITALE;false
POLIZIA LOCALE DI ROMA CAPITALE;2026;06/03/2026;In carico a ente esterno;false;true;POLIZIA LOCALE DI ROMA CAPITALE;false
POLIZIA LOCALE DI ROMA CAPITALE;2026;06/03/2026;In carico a ente esterno;false;true;POLIZIA LOCALE DI ROMA CAPITALE;false
POLIZIA LOCALE DI ROMA CAPITALE;2026;06/03/2026;In carico a ente esterno;false;true;POLIZIA LOCALE DI ROMA CAPITALE;false
POLIZIA LOCALE DI ROMA CAPITALE;2026;06/03/2026;In carico a ente esterno;false;true;POLIZIA LOCALE DI ROMA CAPITALE;false
POLIZIA LOCALE DI ROMA CAPITALE;2026;06/03/2026;In carico a ente esterno;false;true;POLIZIA LOCALE DI ROMA CAPITALE;false
POLIZIA LOCALE DI ROMA CAPITALE;2026;06/03/2026;In carico a ente esterno;false;true;POLIZIA LOCALE DI ROMA CAPITALE;false
CHIAMAROMA 060606;2026;06/03/2026;Non più necessario;false;false;;false
CHIAMAROMA 060606;2026;06/03/2026;Risolto al secondo livello;false;false;;false
CHIAMAROMA 060606;2026;06/03/2026;Non più necessario;false;false;;false
CHIAMAROMA 060606;2026;06/03/2026;In carico a ente esterno;false;true;POLIZIA LOCALE DI ROMA CAPITALE;true
CHIAMAROMA 060606;2026;06/03/2026;In carico a ente esterno;false;true;POLIZIA LOCALE DI ROMA CAPITALE;true
CHIAMAROMA 060606;2026;06/03/2026;Non più necessario;false;false;;false
CHIAMAROMA 060606;2026;06/03/2026;Risolto al secondo livello;false;false;;false
CHIAMAROMA 060606;2026;06/03/2026;Risolto al secondo livello;false;false;;false
CHIAMAROMA 060606;2026;06/03/2026;Risolto al primo livello;false;false;;false
CHIAMAROMA 060606;2026;06/03/2026;Risolto al secondo livello;false;false;;false
CHIAMAROMA 060606;2026;06/03/2026;Risolto al secondo livello;false;false;;false
MUNICIPIO VII;2026;06/03/2026;Risolto al primo livello;false;false;;false
CHIAMAROMA 060606;2026;06/03/2026;Non lavorabile o dati insufficienti;false;false;;false
MUNICIPIO VII;2026;06/03/2026;Risolto al primo livello;false;false;;false
MUNICIPIO VII;2026;06/03/2026;Risolto al primo livello;false;false;;false
CHIAMAROMA 060606;2026;06/03/2026;In carico a ente esterno;false;true;POLIZIA LOCALE DI ROMA CAPITALE;true
MUNICIPIO VII;2026;06/03/2026;Risolto al primo livello;false;false;;false
CHIAMAROMA 060606;2026;06/03/2026;In carico a ente esterno;false;true;POLIZIA LOCALE DI ROMA CAPITALE;true
MUNICIPIO VII;2026;06/03/2026;Risolto al primo livello;false;false;;false
CHIAMAROMA 060606;2026;06/03/2026;Risolto al secondo livello;false;false;;false
POLIZIA LOCALE DI ROMA CAPITALE;2026;06/03/2026;In carico a ente esterno;false;true;POLIZIA LOCALE DI ROMA CAPITALE;false
POLIZIA LOCALE DI ROMA CAPITALE;2026;06/03/2026;In carico a ente esterno;false;true;POLIZIA LOCALE DI ROMA CAPITALE;false
POLIZIA LOCALE DI ROMA CAPITALE;2026;06/03/2026;In carico a ente esterno;false;true;POLIZIA LOCALE DI ROMA CAPITALE;false
POLIZIA LOCALE DI ROMA CAPITALE;2026;06/03/2026;In carico a ente esterno;false;true;POLIZIA LOCALE DI ROMA CAPITALE;false
DIPARTIMENTO MONITORAGGIO QUALITA' DEI SERVIZI E COMUNICAZIONE ISTITUZIONALE;2026;06/03/2026;Risolto al secondo livello;false;false;;false
CHIAMAROMA 060606;2026;06/03/2026;In carico a ente esterno;false;true;POLIZIA LOCALE DI ROMA CAPITALE;true
MUNICIPIO VII;2026;06/03/2026;Risolto al primo livello;false;false;;false
CHIAMAROMA 060606;2026;06/03/2026;In carico a ente esterno;false;true;POLIZIA LOCALE DI ROMA CAPITALE;true
CHIAMAROMA 060606;2026;06/03/2026;In carico a ente esterno;false;true;POLIZIA LOCALE DI ROMA CAPITALE;true
POLIZIA LOCALE (3° Gruppo NOMENTANO);2026;06/03/2026;Risolto al secondo livello;false;false;;false
POLIZIA LOCALE (3° Gruppo NOMENTANO);2026;06/03/2026;Risolto al secondo livello;false;false;;false
POLIZIA LOCALE (3° Gruppo NOMENTANO);2026;06/03/2026;Risolto al secondo livello;false;false;;false
CHIAMAROMA 060606;2026;06/03/2026;In carico a ente esterno;false;true;POLIZIA LOCALE DI ROMA CAPITALE;true
MUNICIPIO VII;2026;06/03/2026;Risolto al primo livello;false;false;;false
CHIAMAROMA 060606;2026;06/03/2026;Risolto al primo livello;false;false;;false
CHIAMAROMA 060606;2026;06/03/2026;In carico a ente esterno;false;true;POLIZIA LOCALE DI ROMA CAPITALE;true
CHIAMAROMA 060606;2026;06/03/2026;Risolto al primo livello;false;false;;false
POLIZIA LOCALE (3° Gruppo NOMENTANO);2026;06/03/2026;Risolto al secondo livello;false;false;;false
CHIAMAROMA 060606;2026;06/03/2026;Risolto al primo livello;false;false;;false
CHIAMAROMA 060606;2026;06/03/2026;In carico a ente esterno;false;true;POLIZIA LOCALE DI ROMA CAPITALE;false
POLIZIA LOCALE DI ROMA CAPITALE;2026;06/03/2026;In carico a ente esterno;false;true;POLIZIA LOCALE DI ROMA CAPITALE;false
POLIZIA LOCALE DI ROMA CAPITALE;2026;06/03/2026;In carico a ente esterno;false;true;POLIZIA LOCALE DI ROMA CAPITALE;false
POLIZIA LOCALE DI ROMA CAPITALE;2026;06/03/2026;In carico a ente esterno;false;true;POLIZIA LOCALE DI ROMA CAPITALE;false
POLIZIA LOCALE DI ROMA CAPITALE;2026;06/03/2026;In carico a ente esterno;false;true;POLIZIA LOCALE DI ROMA CAPITALE;false
POLIZIA LOCALE DI ROMA CAPITALE;2026;06/03/2026;In carico a ente esterno;false;true;POLIZIA LOCALE DI ROMA CAPITALE;false
CHIAMAROMA 060606;2026;06/03/2026;Risolto al secondo livello;false;false;;false
CHIAMAROMA 060606;2026;06/03/2026;In carico a ente esterno;false;true;POLIZIA LOCALE DI ROMA CAPITALE;true
CHIAMAROMA 060606;2026;06/03/2026;Risolto al secondo livello;false;false;;false
CHIAMAROMA 060606;2026;06/03/2026;Risolto al secondo livello;false;false;;false
CHIAMAROMA 060606;2026;06/03/2026;In carico a ente esterno;false;true;POLIZIA LOCALE DI ROMA CAPITALE;true
CHIAMAROMA 060606;2026;06/03/2026;Risolto al secondo livello;false;false;;false
CHIAMAROMA 060606;2026;06/03/2026;Risolto al secondo livello;false;false;;false
MUNICIPIO IX;2026;06/03/2026;Non più necessario;false;false;;false
CHIAMAROMA 060606;2026;06/03/2026;Risolto al secondo livello;false;false;;false
CHIAMAROMA 060606;2026;06/03/2026;In carico a ente esterno;false;true;POLIZIA LOCALE DI ROMA CAPITALE;true
CHIAMAROMA 060606;2026;06/03/2026;Risolto al secondo livello;false;false;;false
CHIAMAROMA 060606;2026;06/03/2026;In carico a ente esterno;false;true;POLIZIA LOCALE DI ROMA CAPITALE;true
CHIAMAROMA 060606;2026;06/03/2026;In carico a ente esterno;false;true;POLIZIA LOCALE DI ROMA CAPITALE;true
CHIAMAROMA 060606;2026;06/03/2026;In carico a ente esterno;false;true;POLIZIA LOCALE DI ROMA CAPITALE;true
POLIZIA LOCALE (3° Gruppo NOMENTANO);2026;06/03/2026;Risolto al secondo livello;false;false;;false
CHIAMAROMA 060606;2026;06/03/2026;In carico a ente esterno;false;true;POLIZIA LOCALE DI ROMA CAPITALE;true
CHIAMAROMA 060606;2026;06/03/2026;Risolto al primo livello;false;false;;false
CHIAMAROMA 060606;2026;06/03/2026;Risolto da Ente Esterno;false;true;AMA;false
CHIAMAROMA 060606;2026;06/03/2026;Risolto da Ente Esterno;false;true;AMA;false
CHIAMAROMA 060606;2026;06/03/2026;Risolto da Ente Esterno;false;true;AMA;false
CHIAMAROMA 060606;2026;06/03/2026;Risolto da Ente Esterno;false;true;AMA;false
CHIAMAROMA 060606;2026;06/03/2026;Risolto da Ente Esterno;false;true;AMA;false
CHIAMAROMA 060606;2026;06/03/2026;Risolto da Ente Esterno;false;true;AMA;false
CHIAMAROMA 060606;2026;06/03/2026;Risolto da Ente Esterno;false;true;AMA;false
CHIAMAROMA 060606;2026;06/03/2026;Risolto da Ente Esterno;false;true;AMA;false
DIPARTIMENTO TUTELA AMBIENTALE;2026;06/03/2026;Risolto da Ente Esterno;false;true;AMA;false
CHIAMAROMA 060606;2026;06/03/2026;Risolto da Ente Esterno;false;true;AMA;false
CHIAMAROMA 060606;2026;06/03/2026;Risolto da Ente Esterno;false;true;AMA;false
CHIAMAROMA 060606;2026;06/03/2026;Risolto da Ente Esterno;false;true;AMA;false
CHIAMAROMA 060606;2026;06/03/2026;Risolto da Ente Esterno;false;true;AMA;false
CHIAMAROMA 060606;2026;06/03/2026;Risolto da Ente Esterno;false;true;AMA;false
CHIAMAROMA 060606;2026;06/03/2026;Risolto da Ente Esterno;false;true;AMA;false
CHIAMAROMA 060606;2026;06/03/2026;Risolto da Ente Esterno;false;true;AMA;false
CHIAMAROMA 060606;2026;06/03/2026;Risolto da Ente Esterno;false;true;AMA;false
CHIAMAROMA 060606;2026;06/03/2026;In carico a ente esterno;false;true;POLIZIA LOCALE DI ROMA CAPITALE;true
CHIAMAROMA 060606;2026;06/03/2026;In carico a ente esterno;false;true;POLIZIA LOCALE DI ROMA CAPITALE;true
POLIZIA LOCALE DI ROMA CAPITALE;2026;06/03/2026;In carico a ente esterno;false;true;POLIZIA LOCALE DI ROMA CAPITALE;false
CHIAMAROMA 060606;2026;06/03/2026;In carico a ente esterno;false;true;POLIZIA LOCALE DI ROMA CAPITALE;true
CHIAMAROMA 060606;2026;06/03/2026;In carico a ente esterno;false;true;POLIZIA LOCALE DI ROMA CAPITALE;true
CHIAMAROMA 060606;2026;06/03/2026;In carico a ente esterno;false;true;POLIZIA LOCALE DI ROMA CAPITALE;true
CHIAMAROMA 060606;2026;06/03/2026;Risolto al secondo livello;false;false;;false
CHIAMAROMA 060606;2026;06/03/2026;In carico a ente esterno;false;true;POLIZIA LOCALE DI ROMA CAPITALE;true
CHIAMAROMA 060606;2026;06/03/2026;In carico a ente esterno;false;true;POLIZIA LOCALE DI ROMA CAPITALE;true
CHIAMAROMA 060606;2026;06/03/2026;Risolto al primo livello;false;false;;true
DIPARTIMENTO TUTELA AMBIENTALE;2026;06/03/2026;Trasferito telefonicamente a call center esterno o per pronto intervento;false;false;;false
CHIAMAROMA 060606;2026;06/03/2026;In carico a ente esterno;false;true;POLIZIA LOCALE DI ROMA CAPITALE;true
CHIAMAROMA 060606;2026;06/03/2026;In carico a ente esterno;false;true;POLIZIA LOCALE DI ROMA CAPITALE;true
CHIAMAROMA 060606;2026;06/03/2026;In carico a ente esterno;false;true;POLIZIA LOCALE DI ROMA CAPITALE;true
CHIAMAROMA 060606;2026;06/03/2026;In carico a ente esterno;false;true;POLIZIA LOCALE DI ROMA CAPITALE;true
POLIZIA LOCALE DI ROMA CAPITALE;2026;06/03/2026;In carico a ente esterno;false;true;POLIZIA LOCALE DI ROMA CAPITALE;false
CHIAMAROMA 060606;2026;06/03/2026;Risolto al secondo livello;false;false;;false
CHIAMAROMA 060606;2026;06/03/2026;In carico a ente esterno;false;true;POLIZIA LOCALE DI ROMA CAPITALE;true
CHIAMAROMA 060606;2026;06/03/2026;In carico a ente esterno;false;true;POLIZIA LOCALE DI ROMA CAPITALE;true
DIPARTIMENTO MOBILITA’ SOSTENIBILE E TRASPORTI;2026;06/03/2026;Risolto al secondo livello;false;false;;false
CHIAMAROMA 060606;2026;06/03/2026;In carico a ente esterno;false;true;POLIZIA LOCALE DI ROMA CAPITALE;true
POLIZIA LOCALE DI ROMA CAPITALE;2026;06/03/2026;In carico a ente esterno;false;true;POLIZIA LOCALE DI ROMA CAPITALE;false
POLIZIA LOCALE DI ROMA CAPITALE;2026;06/03/2026;In carico a ente esterno;false;true;POLIZIA LOCALE DI ROMA CAPITALE;false
POLIZIA LOCALE DI ROMA CAPITALE;2026;06/03/2026;In carico a ente esterno;false;true;POLIZIA LOCALE DI ROMA CAPITALE;false
POLIZIA LOCALE DI ROMA CAPITALE;2026;06/03/2026;In carico a ente esterno;false;true;POLIZIA LOCALE DI ROMA CAPITALE;false
POLIZIA LOCALE DI ROMA CAPITALE;2026;06/03/2026;In carico a ente esterno;false;true;POLIZIA LOCALE DI ROMA CAPITALE;false
POLIZIA LOCALE DI ROMA CAPITALE;2026;06/03/2026;In carico a ente esterno;false;true;POLIZIA LOCALE DI ROMA CAPITALE;false
POLIZIA LOCALE DI ROMA CAPITALE;2026;06/03/2026;In carico a ente esterno;false;true;POLIZIA LOCALE DI ROMA CAPITALE;false
CHIAMAROMA 060606;2026;06/03/2026;In carico a ente esterno;false;true;POLIZIA LOCALE DI ROMA CAPITALE;true
CHIAMAROMA 060606;2026;06/03/2026;In carico a ente esterno;false;true;POLIZIA LOCALE DI ROMA CAPITALE;true
MUNICIPIO IX;2026;06/03/2026;Risolto al secondo livello;false;false;;false
CHIAMAROMA 060606;2026;06/03/2026;Risolto al secondo livello;false;false;;false
CHIAMAROMA 060606;2026;06/03/2026;In carico a ente esterno;false;true;POLIZIA LOCALE DI ROMA CAPITALE;true
CHIAMAROMA 060606;2026;06/03/2026;In carico a ente esterno;false;true;POLIZIA LOCALE DI ROMA CAPITALE;true
MUNICIPIO IX;2026;06/03/2026;Risolto al secondo livello;false;false;;false
DIPARTIMENTO TUTELA AMBIENTALE;2026;06/03/2026;Risolto al secondo livello;false;false;;false
POLIZIA LOCALE (14° Gruppo MONTEMARIO);2026;06/03/2026;Risolto al secondo livello;false;false;;false
CHIAMAROMA 060606;2026;06/03/2026;Risolto al secondo livello;false;false;;false
CHIAMAROMA 060606;2026;06/03/2026;Risolto da Ente Esterno;false;true;AMA;false
BACK OFFICE ROMA CAPITALE;2026;06/03/2026;Risolto da Ente Esterno;false;true;AMA;false
CHIAMAROMA 060606;2026;06/03/2026;Risolto da Ente Esterno;false;true;AMA;false
CHIAMAROMA 060606;2026;06/03/2026;Risolto da Ente Esterno;false;true;AMA;false
CHIAMAROMA 060606;2026;06/03/2026;Risolto da Ente Esterno;false;true;AMA;false
CHIAMAROMA 060606;2026;06/03/2026;Risolto da Ente Esterno;false;true;AMA;false
CHIAMAROMA 060606;2026;06/03/2026;Risolto da Ente Esterno;false;true;AMA;false
CHIAMAROMA 060606;2026;06/03/2026;In carico a ente esterno;false;true;POLIZIA LOCALE DI ROMA CAPITALE;true
POLIZIA LOCALE DI ROMA CAPITALE;2026;06/03/2026;In carico a ente esterno;false;true;POLIZIA LOCALE DI ROMA CAPITALE;false
POLIZIA LOCALE DI ROMA CAPITALE;2026;06/03/2026;In carico a ente esterno;false;true;POLIZIA LOCALE DI ROMA CAPITALE;false
POLIZIA LOCALE DI ROMA CAPITALE;2026;06/03/2026;In carico a ente esterno;false;true;POLIZIA LOCALE DI ROMA CAPITALE;false
POLIZIA LOCALE DI ROMA CAPITALE;2026;06/03/2026;In carico a ente esterno;false;true;POLIZIA LOCALE DI ROMA CAPITALE;false
POLIZIA LOCALE DI ROMA CAPITALE;2026;06/03/2026;In carico a ente esterno;false;true;POLIZIA LOCALE DI ROMA CAPITALE;false
POLIZIA LOCALE DI ROMA CAPITALE;2026;06/03/2026;In carico a ente esterno;false;true;POLIZIA LOCALE DI ROMA CAPITALE;false
POLIZIA LOCALE DI ROMA CAPITALE;2026;06/03/2026;In carico a ente esterno;false;true;POLIZIA LOCALE DI ROMA CAPITALE;false
CHIAMAROMA 060606;2026;06/03/2026;In carico a ente esterno;false;true;POLIZIA LOCALE DI ROMA CAPITALE;true
MUNICIPIO VII;2026;06/03/2026;Risolto al secondo livello;false;false;;false
CHIAMAROMA 060606;2026;06/03/2026;In carico a ente esterno;false;true;POLIZIA LOCALE DI ROMA CAPITALE;true
CHIAMAROMA 060606;2026;06/03/2026;In carico a ente esterno;false;true;POLIZIA LOCALE DI ROMA CAPITALE;true
GABINETTO DEL SINDACO;2026;06/03/2026;In carico a ente esterno;false;true;POLIZIA LOCALE DI ROMA CAPITALE;false
GABINETTO DEL SINDACO;2026;06/03/2026;In carico a ente esterno;false;true;POLIZIA LOCALE DI ROMA CAPITALE;false
GABINETTO DEL SINDACO;2026;06/03/2026;In carico a ente esterno;false;true;POLIZIA LOCALE DI ROMA CAPITALE;false
CHIAMAROMA 060606;2026;06/03/2026;In carico a ente esterno;false;true;POLIZIA LOCALE DI ROMA CAPITALE;true
POLIZIA LOCALE DI ROMA CAPITALE;2026;06/03/2026;In carico a ente esterno;false;true;POLIZIA LOCALE DI ROMA CAPITALE;false
POLIZIA LOCALE DI ROMA CAPITALE;2026;06/03/2026;In carico a ente esterno;false;true;POLIZIA LOCALE DI ROMA CAPITALE;false
DIPARTIMENTO TUTELA AMBIENTALE;2026;06/03/2026;Non lavorabile o dati insufficienti;false;false;;false
CHIAMAROMA 060606;2026;06/03/2026;In carico a ente esterno;false;true;POLIZIA LOCALE DI ROMA CAPITALE;true
CHIAMAROMA 060606;2026;06/03/2026;In carico a ente esterno;false;true;POLIZIA LOCALE DI ROMA CAPITALE;true
CHIAMAROMA 060606;2026;06/03/2026;In carico a ente esterno;false;true;POLIZIA LOCALE DI ROMA CAPITALE;true
CHIAMAROMA 060606;2026;06/03/2026;Risolto al secondo livello;false;false;;false
CHIAMAROMA 060606;2026;06/03/2026;Risolto al secondo livello;false;false;;false
CHIAMAROMA 060606;2026;06/03/2026;Risolto al secondo livello;false;false;;false
BACK OFFICE ROMA CAPITALE;2026;06/03/2026;In carico a ente esterno;false;true;POLIZIA LOCALE DI ROMA CAPITALE;false
BACK OFFICE ROMA CAPITALE;2026;06/03/2026;In carico a ente esterno;false;true;POLIZIA LOCALE DI ROMA CAPITALE;false
BACK OFFICE ROMA CAPITALE;2026;06/03/2026;In carico a ente esterno;false;true;POLIZIA LOCALE DI ROMA CAPITALE;false
BACK OFFICE ROMA CAPITALE;2026;06/03/2026;In carico a ente esterno;false;true;POLIZIA LOCALE DI ROMA CAPITALE;false
CHIAMAROMA 060606;2026;06/03/2026;Risolto al secondo livello;false;false;;false
MUNICIPIO XIV;2026;06/03/2026;Risolto al secondo livello;false;false;;false
AMA;2026;06/03/2026;Risolto da Ente Esterno;false;true;AMA;true
CHIAMAROMA 060606;2026;06/03/2026;Risolto da Ente Esterno;false;true;AMA;false
CHIAMAROMA 060606;2026;06/03/2026;Risolto da Ente Esterno;false;true;AMA;false
CHIAMAROMA 060606;2026;06/03/2026;Risolto da Ente Esterno;false;true;AMA;false
CHIAMAROMA 060606;2026;06/03/2026;In carico a ente esterno;false;true;POLIZIA LOCALE DI ROMA CAPITALE;true
;2026;06/03/2026;In carico a ente esterno;false;true;POLIZIA LOCALE DI ROMA CAPITALE;false
POLIZIA LOCALE DI ROMA CAPITALE;2026;06/03/2026;In carico a ente esterno;false;true;POLIZIA LOCALE DI ROMA CAPITALE;false
POLIZIA LOCALE DI ROMA CAPITALE;2026;06/03/2026;In carico a ente esterno;false;true;POLIZIA LOCALE DI ROMA CAPITALE;false
POLIZIA LOCALE DI ROMA CAPITALE;2026;06/03/2026;In carico a ente esterno;false;true;POLIZIA LOCALE DI ROMA CAPITALE;false
POLIZIA LOCALE DI ROMA CAPITALE;2026;06/03/2026;In carico a ente esterno;false;true;POLIZIA LOCALE DI ROMA CAPITALE;false
CHIAMAROMA 060606;2026;06/03/2026;In carico a ente esterno;false;true;POLIZIA LOCALE DI ROMA CAPITALE;true
CHIAMAROMA 060606;2026;06/03/2026;In carico a ente esterno;false;true;POLIZIA LOCALE DI ROMA CAPITALE;true
POLIZIA LOCALE DI ROMA CAPITALE;2026;06/03/2026;In carico a ente esterno;false;true;POLIZIA LOCALE DI ROMA CAPITALE;false
POLIZIA LOCALE DI ROMA CAPITALE;2026;06/03/2026;In carico a ente esterno;false;true;POLIZIA LOCALE DI ROMA CAPITALE;false
POLIZIA LOCALE DI ROMA CAPITALE;2026;06/03/2026;In carico a ente esterno;false;true;POLIZIA LOCALE DI ROMA CAPITALE;false
POLIZIA LOCALE DI ROMA CAPITALE;2026;06/03/2026;In carico a ente esterno;false;true;POLIZIA LOCALE DI ROMA CAPITALE;false
POLIZIA LOCALE DI ROMA CAPITALE;2026;06/03/2026;In carico a ente esterno;false;true;POLIZIA LOCALE DI ROMA CAPITALE;false
POLIZIA LOCALE DI ROMA CAPITALE;2026;06/03/2026;In carico a ente esterno;false;true;POLIZIA LOCALE DI ROMA CAPITALE;false
POLIZIA LOCALE DI ROMA CAPITALE;2026;06/03/2026;In carico a ente esterno;false;true;POLIZIA LOCALE DI ROMA CAPITALE;false
CHIAMAROMA 060606;2026;06/03/2026;Risolto da Ente Esterno;false;true;AMA;false
CHIAMAROMA 060606;2026;06/03/2026;Risolto da Ente Esterno;false;true;AMA;false
CHIAMAROMA 060606;2026;06/03/2026;In carico a ente esterno;false;true;POLIZIA LOCALE DI ROMA CAPITALE;true
POLIZIA LOCALE DI ROMA CAPITALE;2026;06/03/2026;In carico a ente esterno;false;true;POLIZIA LOCALE DI ROMA CAPITALE;false
POLIZIA LOCALE DI ROMA CAPITALE;2026;06/03/2026;In carico a ente esterno;false;true;POLIZIA LOCALE DI ROMA CAPITALE;false
POLIZIA LOCALE DI ROMA CAPITALE;2026;06/03/2026;In carico a ente esterno;false;true;POLIZIA LOCALE DI ROMA CAPITALE;false
POLIZIA LOCALE DI ROMA CAPITALE;2026;06/03/2026;In carico a ente esterno;false;true;POLIZIA LOCALE DI ROMA CAPITALE;false
POLIZIA LOCALE DI ROMA CAPITALE;2026;06/03/2026;In carico a ente esterno;false;true;POLIZIA LOCALE DI ROMA CAPITALE;false
CHIAMAROMA 060606;2026;06/03/2026;In carico a ente esterno;false;true;POLIZIA LOCALE DI ROMA CAPITALE;true
POLIZIA LOCALE DI ROMA CAPITALE;2026;06/03/2026;In carico a ente esterno;false;true;POLIZIA LOCALE DI ROMA CAPITALE;false
POLIZIA LOCALE DI ROMA CAPITALE;2026;06/03/2026;In carico a ente esterno;false;true;POLIZIA LOCALE DI ROMA CAPITALE;false
CHIAMAROMA 060606;2026;07/03/2026;In carico a ente esterno;false;true;POLIZIA LOCALE DI ROMA CAPITALE;true
POLIZIA LOCALE DI ROMA CAPITALE;2026;07/03/2026;In carico a ente esterno;false;true;POLIZIA LOCALE DI ROMA CAPITALE;false
POLIZIA LOCALE DI ROMA CAPITALE;2026;07/03/2026;In carico a ente esterno;false;true;POLIZIA LOCALE DI ROMA CAPITALE;false
POLIZIA LOCALE DI ROMA CAPITALE;2026;07/03/2026;In carico a ente esterno;false;true;POLIZIA LOCALE DI ROMA CAPITALE;false
CHIAMAROMA 060606;2026;07/03/2026;Risolto da Ente Esterno;false;true;AMA;false
CHIAMAROMA 060606;2026;07/03/2026;Risolto da Ente Esterno;false;true;AMA;false
CHIAMAROMA 060606;2026;07/03/2026;Risolto da Ente Esterno;false;true;AMA;false
CHIAMAROMA 060606;2026;07/03/2026;Risolto da Ente Esterno;false;true;AMA;false
AMA;2026;07/03/2026;Risolto da Ente Esterno;false;true;AMA;false
CHIAMAROMA 060606;2026;07/03/2026;Risolto da Ente Esterno;false;true;AMA;false
CHIAMAROMA 060606;2026;07/03/2026;Risolto da Ente Esterno;false;true;AMA;false
CHIAMAROMA 060606;2026;07/03/2026;Risolto da Ente Esterno;false;true;AMA;false
MUNICIPIO III;2026;07/03/2026;Risolto da Ente Esterno;false;true;AMA;false
CHIAMAROMA 060606;2026;07/03/2026;Risolto da Ente Esterno;false;true;AMA;false
CHIAMAROMA 060606;2026;07/03/2026;Risolto da Ente Esterno;false;true;AMA;false
CHIAMAROMA 060606;2026;07/03/2026;Risolto da Ente Esterno;false;true;AMA;false
CHIAMAROMA 060606;2026;07/03/2026;Risolto da Ente Esterno;false;true;AMA;false
BACK OFFICE ROMA CAPITALE;2026;07/03/2026;Risolto da Ente Esterno;false;true;AMA;false
BACK OFFICE ROMA CAPITALE;2026;07/03/2026;Risolto da Ente Esterno;false;true;AMA;false
BACK OFFICE ROMA CAPITALE;2026;07/03/2026;Risolto da Ente Esterno;false;true;AMA;false
CHIAMAROMA 060606;2026;07/03/2026;Risolto da Ente Esterno;false;true;AMA;false
CHIAMAROMA 060606;2026;07/03/2026;Risolto da Ente Esterno;false;true;AMA;false
CHIAMAROMA 060606;2026;07/03/2026;Risolto da Ente Esterno;false;true;AMA;false
CHIAMAROMA 060606;2026;07/03/2026;Risolto da Ente Esterno;false;true;AMA;false
AMA;2026;07/03/2026;Risolto da Ente Esterno;false;true;AMA;false
CHIAMAROMA 060606;2026;07/03/2026;Risolto da Ente Esterno;false;true;AMA;false
CHIAMAROMA 060606;2026;07/03/2026;Risolto da Ente Esterno;false;true;AMA;false
CHIAMAROMA 060606;2026;07/03/2026;Risolto da Ente Esterno;false;true;AMA;false
BACK OFFICE ROMA CAPITALE;2026;07/03/2026;Risolto da Ente Esterno;false;true;AMA;false
CHIAMAROMA 060606;2026;07/03/2026;Risolto da Ente Esterno;false;true;AMA;false
AMA;2026;07/03/2026;Risolto da Ente Esterno;false;true;AMA;false
CHIAMAROMA 060606;2026;07/03/2026;Risolto da Ente Esterno;false;true;AMA;false
CHIAMAROMA 060606;2026;07/03/2026;Risolto da Ente Esterno;false;true;AMA;false
CHIAMAROMA 060606;2026;07/03/2026;Risolto da Ente Esterno;false;true;AMA;false
CHIAMAROMA 060606;2026;07/03/2026;Risolto da Ente Esterno;false;true;AMA;false
CHIAMAROMA 060606;2026;07/03/2026;Risolto da Ente Esterno;false;true;AMA;false
CHIAMAROMA 060606;2026;07/03/2026;Risolto da Ente Esterno;false;true;AMA;false
CHIAMAROMA 060606;2026;07/03/2026;Risolto da Ente Esterno;false;true;AMA;false
MUNICIPIO II;2026;07/03/2026;Risolto da Ente Esterno;false;true;AMA;false
MUNICIPIO II;2026;07/03/2026;Risolto da Ente Esterno;false;true;AMA;false
CHIAMAROMA 060606;2026;07/03/2026;Risolto da Ente Esterno;false;true;AMA;false
CHIAMAROMA 060606;2026;07/03/2026;Risolto da Ente Esterno;false;true;AMA;false
CHIAMAROMA 060606;2026;07/03/2026;Risolto da Ente Esterno;false;true;AMA;false
CHIAMAROMA 060606;2026;07/03/2026;Risolto da Ente Esterno;false;true;AMA;false
CHIAMAROMA 060606;2026;07/03/2026;Risolto da Ente Esterno;false;true;AMA;false
MUNICIPIO XIV;2026;07/03/2026;Risolto da Ente Esterno;false;true;AMA;false
CHIAMAROMA 060606;2026;07/03/2026;Risolto da Ente Esterno;false;true;AMA;false
CHIAMAROMA 060606;2026;07/03/2026;Risolto da Ente Esterno;false;true;AMA;false
AMA;2026;07/03/2026;Risolto da Ente Esterno;false;true;AMA;false
CHIAMAROMA 060606;2026;07/03/2026;In carico a ente esterno;false;true;POLIZIA LOCALE DI ROMA CAPITALE;true
POLIZIA LOCALE DI ROMA CAPITALE;2026;07/03/2026;In carico a ente esterno;false;true;POLIZIA LOCALE DI ROMA CAPITALE;false
POLIZIA LOCALE DI ROMA CAPITALE;2026;07/03/2026;In carico a ente esterno;false;true;POLIZIA LOCALE DI ROMA CAPITALE;false
POLIZIA LOCALE DI ROMA CAPITALE;2026;07/03/2026;In carico a ente esterno;false;true;POLIZIA LOCALE DI ROMA CAPITALE;false
CHIAMAROMA 060606;2026;07/03/2026;In carico a ente esterno;false;true;POLIZIA LOCALE DI ROMA CAPITALE;true
CHIAMAROMA 060606;2026;07/03/2026;In carico a ente esterno;false;true;POLIZIA LOCALE DI ROMA CAPITALE;true
CHIAMAROMA 060606;2026;07/03/2026;In carico a ente esterno;false;true;POLIZIA LOCALE DI ROMA CAPITALE;true
CHIAMAROMA 060606;2026;07/03/2026;In carico a ente esterno;false;true;POLIZIA LOCALE DI ROMA CAPITALE;true
CHIAMAROMA 060606;2026;07/03/2026;Risolto al secondo livello;false;false;;false
CHIAMAROMA 060606;2026;07/03/2026;In carico a ente esterno;false;true;POLIZIA LOCALE DI ROMA CAPITALE;true
CHIAMAROMA 060606;2026;07/03/2026;Risolto da Ente Esterno;false;true;AMA;false
CHIAMAROMA 060606;2026;07/03/2026;Risolto da Ente Esterno;false;true;AMA;false
CHIAMAROMA 060606;2026;07/03/2026;Risolto da Ente Esterno;false;true;AMA;false
CHIAMAROMA 060606;2026;07/03/2026;Risolto da Ente Esterno;false;true;AMA;false
CHIAMAROMA 060606;2026;07/03/2026;Risolto da Ente Esterno;false;true;AMA;false
CHIAMAROMA 060606;2026;07/03/2026;Risolto da Ente Esterno;false;true;AMA;false
CHIAMAROMA 060606;2026;07/03/2026;Risolto da Ente Esterno;false;true;AMA;false
CHIAMAROMA 060606;2026;07/03/2026;Risolto da Ente Esterno;false;true;AMA;false
CHIAMAROMA 060606;2026;07/03/2026;Risolto da Ente Esterno;false;true;AMA;false
CHIAMAROMA 060606;2026;07/03/2026;Risolto da Ente Esterno;false;true;AMA;false
CHIAMAROMA 060606;2026;07/03/2026;In carico a ente esterno;false;true;POLIZIA LOCALE DI ROMA CAPITALE;true
POLIZIA LOCALE DI ROMA CAPITALE;2026;07/03/2026;In carico a ente esterno;false;true;POLIZIA LOCALE DI ROMA CAPITALE;false
POLIZIA LOCALE DI ROMA CAPITALE;2026;07/03/2026;In carico a ente esterno;false;true;POLIZIA LOCALE DI ROMA CAPITALE;false
CHIAMAROMA 060606;2026;07/03/2026;In carico a ente esterno;false;true;POLIZIA LOCALE DI ROMA CAPITALE;true
CHIAMAROMA 060606;2026;07/03/2026;In carico a ente esterno;false;true;POLIZIA LOCALE DI ROMA CAPITALE;true
CHIAMAROMA 060606;2026;07/03/2026;In carico a ente esterno;false;true;POLIZIA LOCALE DI ROMA CAPITALE;true
CHIAMAROMA 060606;2026;07/03/2026;In carico a ente esterno;false;true;POLIZIA LOCALE DI ROMA CAPITALE;true
POLIZIA LOCALE DI ROMA CAPITALE;2026;07/03/2026;In carico a ente esterno;false;true;POLIZIA LOCALE DI ROMA CAPITALE;false
POLIZIA LOCALE DI ROMA CAPITALE;2026;07/03/2026;In carico a ente esterno;false;true;POLIZIA LOCALE DI ROMA CAPITALE;false
POLIZIA LOCALE DI ROMA CAPITALE;2026;07/03/2026;In carico a ente esterno;false;true;POLIZIA LOCALE DI ROMA CAPITALE;false
POLIZIA LOCALE DI ROMA CAPITALE;2026;07/03/2026;In carico a ente esterno;false;true;POLIZIA LOCALE DI ROMA CAPITALE;false
POLIZIA LOCALE DI ROMA CAPITALE;2026;07/03/2026;In carico a ente esterno;false;true;POLIZIA LOCALE DI ROMA CAPITALE;false
POLIZIA LOCALE DI ROMA CAPITALE;2026;07/03/2026;In carico a ente esterno;false;true;POLIZIA LOCALE DI ROMA CAPITALE;false
CHIAMAROMA 060606;2026;07/03/2026;In carico a ente esterno;false;true;POLIZIA LOCALE DI ROMA CAPITALE;true
CHIAMAROMA 060606;2026;07/03/2026;Risolto al primo livello;false;false;;true
CHIAMAROMA 060606;2026;07/03/2026;In carico a ente esterno;false;true;POLIZIA LOCALE DI ROMA CAPITALE;true
CHIAMAROMA 060606;2026;07/03/2026;In carico a ente esterno;false;true;POLIZIA LOCALE DI ROMA CAPITALE;true
CHIAMAROMA 060606;2026;07/03/2026;In carico a ente esterno;false;true;POLIZIA LOCALE DI ROMA CAPITALE;true
CHIAMAROMA 060606;2026;07/03/2026;In carico a ente esterno;false;true;POLIZIA LOCALE DI ROMA CAPITALE;true
CHIAMAROMA 060606;2026;07/03/2026;In carico a ente esterno;false;true;POLIZIA LOCALE DI ROMA CAPITALE;true
POLIZIA LOCALE DI ROMA CAPITALE;2026;07/03/2026;In carico a ente esterno;false;true;POLIZIA LOCALE DI ROMA CAPITALE;false
POLIZIA LOCALE (COMANDO GENERALE);2026;07/03/2026;Risolto al secondo livello;false;false;;false
CHIAMAROMA 060606;2026;07/03/2026;Risolto al secondo livello;false;true;ATAC;false
CHIAMAROMA 060606;2026;07/03/2026;Risolto al secondo livello;false;true;ATAC;false
BACK OFFICE ROMA CAPITALE;2026;07/03/2026;Risolto al secondo livello;false;true;ATAC;false
CHIAMAROMA 060606;2026;07/03/2026;Risolto al secondo livello;false;true;ATAC;false
CHIAMAROMA 060606;2026;07/03/2026;Non lavorabile o dati insufficienti;false;true;ATAC;false
CHIAMAROMA 060606;2026;07/03/2026;Risolto al secondo livello;false;true;ATAC;false
CHIAMAROMA 060606;2026;07/03/2026;Risolto al secondo livello;false;true;ATAC;false
CHIAMAROMA 060606;2026;07/03/2026;In carico a ente esterno;false;true;POLIZIA LOCALE DI ROMA CAPITALE;true
CHIAMAROMA 060606;2026;07/03/2026;Risolto al secondo livello;false;true;ATAC;false
CHIAMAROMA 060606;2026;07/03/2026;Risolto da Ente Esterno;false;true;AMA;false
CHIAMAROMA 060606;2026;07/03/2026;Risolto da Ente Esterno;false;true;AMA;false
CHIAMAROMA 060606;2026;07/03/2026;Risolto da Ente Esterno;false;true;AMA;false
CHIAMAROMA 060606;2026;07/03/2026;Risolto da Ente Esterno;false;true;AMA;false
CHIAMAROMA 060606;2026;07/03/2026;Risolto da Ente Esterno;false;true;AMA;false
CHIAMAROMA 060606;2026;07/03/2026;Risolto da Ente Esterno;false;true;AMA;false
CHIAMAROMA 060606;2026;07/03/2026;Risolto da Ente Esterno;false;true;AMA;false
CHIAMAROMA 060606;2026;07/03/2026;Risolto da Ente Esterno;false;true;AMA;false
CHIAMAROMA 060606;2026;07/03/2026;Risolto da Ente Esterno;false;true;AMA;false
AMA;2026;07/03/2026;Risolto da Ente Esterno;false;true;AMA;false
CHIAMAROMA 060606;2026;07/03/2026;Risolto al secondo livello;false;true;ATAC;false
CHIAMAROMA 060606;2026;07/03/2026;Risolto al secondo livello;false;true;ATAC;false
CHIAMAROMA 060606;2026;07/03/2026;Risolto al secondo livello;false;true;ATAC;false
POLIZIA LOCALE DI ROMA CAPITALE;2026;07/03/2026;In carico a ente esterno;false;true;POLIZIA LOCALE DI ROMA CAPITALE;false
POLIZIA LOCALE DI ROMA CAPITALE;2026;07/03/2026;In carico a ente esterno;false;true;POLIZIA LOCALE DI ROMA CAPITALE;false
POLIZIA LOCALE DI ROMA CAPITALE;2026;07/03/2026;In carico a ente esterno;false;true;POLIZIA LOCALE DI ROMA CAPITALE;false
CHIAMAROMA 060606;2026;07/03/2026;Risolto al secondo livello;false;true;ATAC;false
ATAC;2026;07/03/2026;Risolto al secondo livello;false;true;ATAC;false
CHIAMAROMA 060606;2026;07/03/2026;In carico a ente esterno;false;true;POLIZIA LOCALE DI ROMA CAPITALE;true
CHIAMAROMA 060606;2026;07/03/2026;Risolto al secondo livello;false;true;ATAC;false
CHIAMAROMA 060606;2026;07/03/2026;Risolto al secondo livello;false;true;ATAC;false
CHIAMAROMA 060606;2026;07/03/2026;Risolto al secondo livello;false;true;ATAC;false
CHIAMAROMA 060606;2026;07/03/2026;In carico a ente esterno;false;true;POLIZIA LOCALE DI ROMA CAPITALE;true
CHIAMAROMA 060606;2026;07/03/2026;Risolto al secondo livello;false;true;TPL (BIS);false
CHIAMAROMA 060606;2026;07/03/2026;Non lavorabile o dati insufficienti;false;true;ATAC;false
CHIAMAROMA 060606;2026;07/03/2026;Risolto al secondo livello;false;true;ATAC;false
CHIAMAROMA 060606;2026;07/03/2026;In carico a ente esterno;false;true;POLIZIA LOCALE DI ROMA CAPITALE;true
CHIAMAROMA 060606;2026;07/03/2026;Risolto al primo livello;false;false;;true
POLIZIA LOCALE DI ROMA CAPITALE;2026;07/03/2026;In carico a ente esterno;false;true;POLIZIA LOCALE DI ROMA CAPITALE;false
POLIZIA LOCALE DI ROMA CAPITALE;2026;07/03/2026;In carico a ente esterno;false;true;POLIZIA LOCALE DI ROMA CAPITALE;false
POLIZIA LOCALE DI ROMA CAPITALE;2026;07/03/2026;In carico a ente esterno;false;true;POLIZIA LOCALE DI ROMA CAPITALE;false
POLIZIA LOCALE DI ROMA CAPITALE;2026;07/03/2026;In carico a ente esterno;false;true;POLIZIA LOCALE DI ROMA CAPITALE;false
POLIZIA LOCALE DI ROMA CAPITALE;2026;07/03/2026;In carico a ente esterno;false;true;POLIZIA LOCALE DI ROMA CAPITALE;false
CHIAMAROMA 060606;2026;07/03/2026;Risolto al secondo livello;false;true;TPL (SAP);false
CHIAMAROMA 060606;2026;07/03/2026;Risolto al secondo livello;false;true;TPL (SAP);false
CHIAMAROMA 060606;2026;07/03/2026;Risolto al secondo livello;false;true;ATAC;false
CHIAMAROMA 060606;2026;07/03/2026;Risolto al secondo livello;false;true;ATAC;false
CHIAMAROMA 060606;2026;07/03/2026;Risolto al secondo livello;false;true;ATAC;false
CHIAMAROMA 060606;2026;07/03/2026;Non lavorabile o dati insufficienti;false;true;ATAC;false
CHIAMAROMA 060606;2026;07/03/2026;Risolto al secondo livello;false;true;ATAC;false
GABINETTO DEL SINDACO;2026;07/03/2026;Risolto al secondo livello;false;true;ACEA;false
GABINETTO DEL SINDACO;2026;07/03/2026;Risolto al secondo livello;false;true;ATAC;false
ROMA SERVIZI PER LA MOBILITA’;2026;07/03/2026;Risolto al secondo livello;false;true;ROMA SERVIZI PER LA MOBILITA’;false
POLIZIA LOCALE DI ROMA CAPITALE;2026;07/03/2026;In carico a ente esterno;false;true;POLIZIA LOCALE DI ROMA CAPITALE;false
POLIZIA LOCALE DI ROMA CAPITALE;2026;07/03/2026;In carico a ente esterno;false;true;POLIZIA LOCALE DI ROMA CAPITALE;false
POLIZIA LOCALE DI ROMA CAPITALE;2026;07/03/2026;In carico a ente esterno;false;true;POLIZIA LOCALE DI ROMA CAPITALE;false
POLIZIA LOCALE DI ROMA CAPITALE;2026;07/03/2026;In carico a ente esterno;false;true;POLIZIA LOCALE DI ROMA CAPITALE;false
POLIZIA LOCALE DI ROMA CAPITALE;2026;07/03/2026;In carico a ente esterno;false;true;POLIZIA LOCALE DI ROMA CAPITALE;false
CHIAMAROMA 060606;2026;07/03/2026;Risolto al secondo livello;false;true;ATAC;false
CHIAMAROMA 060606;2026;07/03/2026;Risolto al secondo livello;false;true;ATAC;false
CHIAMAROMA 060606;2026;07/03/2026;In carico a ente esterno;false;true;POLIZIA LOCALE DI ROMA CAPITALE;true
CHIAMAROMA 060606;2026;07/03/2026;Risolto al secondo livello;false;true;ATAC;false
CHIAMAROMA 060606;2026;07/03/2026;Risolto al secondo livello;false;true;ATAC;false
CHIAMAROMA 060606;2026;07/03/2026;Risolto al secondo livello;false;true;ATAC;false
CHIAMAROMA 060606;2026;07/03/2026;In carico a ente esterno;false;true;POLIZIA LOCALE DI ROMA CAPITALE;true
CHIAMAROMA 060606;2026;07/03/2026;In carico a ente esterno;false;true;POLIZIA LOCALE DI ROMA CAPITALE;true
POLIZIA LOCALE DI ROMA CAPITALE;2026;07/03/2026;In carico a ente esterno;false;true;POLIZIA LOCALE DI ROMA CAPITALE;false
CHIAMAROMA 060606;2026;07/03/2026;Risolto al secondo livello;false;true;ATAC;false
CHIAMAROMA 060606;2026;07/03/2026;Risolto al secondo livello;false;true;ATAC;false
CHIAMAROMA 060606;2026;07/03/2026;Risolto al secondo livello;false;true;ATAC;false
CHIAMAROMA 060606;2026;07/03/2026;Risolto al secondo livello;false;true;ATAC;false
CHIAMAROMA 060606;2026;07/03/2026;Risolto al secondo livello;false;true;ATAC;false
CHIAMAROMA 060606;2026;07/03/2026;Risolto al secondo livello;false;true;ATAC;false
CHIAMAROMA 060606;2026;07/03/2026;Risolto al secondo livello;false;true;ATAC;false
CHIAMAROMA 060606;2026;07/03/2026;Risolto al secondo livello;false;true;ATAC;false
CHIAMAROMA 060606;2026;07/03/2026;Risolto al primo livello;false;false;;true
POLIZIA LOCALE DI ROMA CAPITALE;2026;07/03/2026;In carico a ente esterno;false;true;POLIZIA LOCALE DI ROMA CAPITALE;false
POLIZIA LOCALE DI ROMA CAPITALE;2026;07/03/2026;In carico a ente esterno;false;true;POLIZIA LOCALE DI ROMA CAPITALE;false
POLIZIA LOCALE DI ROMA CAPITALE;2026;07/03/2026;In carico a ente esterno;false;true;POLIZIA LOCALE DI ROMA CAPITALE;false
CHIAMAROMA 060606;2026;07/03/2026;Risolto al secondo livello;false;true;ATAC;false
ATAC;2026;07/03/2026;Risolto al secondo livello;false;true;ATAC;false
CHIAMAROMA 060606;2026;07/03/2026;Risolto al secondo livello;false;true;TPL (BIS);false
CHIAMAROMA 060606;2026;07/03/2026;Risolto al secondo livello;false;true;TPL (BIS);false
CHIAMAROMA 060606;2026;07/03/2026;In carico a ente esterno;false;true;POLIZIA LOCALE DI ROMA CAPITALE;true
CHIAMAROMA 060606;2026;07/03/2026;Risolto al secondo livello;false;true;ATAC;false
CHIAMAROMA 060606;2026;07/03/2026;In carico a ente esterno;false;true;POLIZIA LOCALE DI ROMA CAPITALE;true
CHIAMAROMA 060606;2026;07/03/2026;In carico a ente esterno;false;true;POLIZIA LOCALE DI ROMA CAPITALE;true
CHIAMAROMA 060606;2026;07/03/2026;In carico a ente esterno;false;true;POLIZIA LOCALE DI ROMA CAPITALE;true
CHIAMAROMA 060606;2026;07/03/2026;In carico a ente esterno;false;true;POLIZIA LOCALE DI ROMA CAPITALE;true
POLIZIA LOCALE DI ROMA CAPITALE;2026;07/03/2026;In carico a ente esterno;false;true;POLIZIA LOCALE DI ROMA CAPITALE;false
CHIAMAROMA 060606;2026;07/03/2026;In carico a ente esterno;false;true;POLIZIA LOCALE DI ROMA CAPITALE;true
CHIAMAROMA 060606;2026;07/03/2026;Risolto da Ente Esterno;false;true;AMA;false
CHIAMAROMA 060606;2026;07/03/2026;Risolto da Ente Esterno;false;true;AMA;false
CHIAMAROMA 060606;2026;07/03/2026;In carico a ente esterno;false;true;POLIZIA LOCALE DI ROMA CAPITALE;true
POLIZIA LOCALE DI ROMA CAPITALE;2026;07/03/2026;In carico a ente esterno;false;true;POLIZIA LOCALE DI ROMA CAPITALE;false
POLIZIA LOCALE DI ROMA CAPITALE;2026;07/03/2026;In carico a ente esterno;false;true;POLIZIA LOCALE DI ROMA CAPITALE;false
POLIZIA LOCALE DI ROMA CAPITALE;2026;07/03/2026;In carico a ente esterno;false;true;POLIZIA LOCALE DI ROMA CAPITALE;false
POLIZIA LOCALE DI ROMA CAPITALE;2026;07/03/2026;In carico a ente esterno;false;true;POLIZIA LOCALE DI ROMA CAPITALE;false
POLIZIA LOCALE DI ROMA CAPITALE;2026;07/03/2026;In carico a ente esterno;false;true;POLIZIA LOCALE DI ROMA CAPITALE;false
POLIZIA LOCALE DI ROMA CAPITALE;2026;07/03/2026;In carico a ente esterno;false;true;POLIZIA LOCALE DI ROMA CAPITALE;false
CHIAMAROMA 060606;2026;07/03/2026;Risolto da Ente Esterno;false;true;AMA;false
POLIZIA LOCALE DI ROMA CAPITALE;2026;07/03/2026;In carico a ente esterno;false;true;POLIZIA LOCALE DI ROMA CAPITALE;false
POLIZIA LOCALE DI ROMA CAPITALE;2026;07/03/2026;In carico a ente esterno;false;true;POLIZIA LOCALE DI ROMA CAPITALE;false
POLIZIA LOCALE DI ROMA CAPITALE;2026;07/03/2026;In carico a ente esterno;false;true;POLIZIA LOCALE DI ROMA CAPITALE;false
POLIZIA LOCALE DI ROMA CAPITALE;2026;07/03/2026;In carico a ente esterno;false;true;POLIZIA LOCALE DI ROMA CAPITALE;false
POLIZIA LOCALE DI ROMA CAPITALE;2026;08/03/2026;In carico a ente esterno;false;true;POLIZIA LOCALE DI ROMA CAPITALE;false
POLIZIA LOCALE DI ROMA CAPITALE;2026;08/03/2026;In carico a ente esterno;false;true;POLIZIA LOCALE DI ROMA CAPITALE;false
POLIZIA LOCALE DI ROMA CAPITALE;2026;08/03/2026;In carico a ente esterno;false;true;POLIZIA LOCALE DI ROMA CAPITALE;false
POLIZIA LOCALE DI ROMA CAPITALE;2026;08/03/2026;In carico a ente esterno;false;true;POLIZIA LOCALE DI ROMA CAPITALE;false
POLIZIA LOCALE DI ROMA CAPITALE;2026;08/03/2026;In carico a ente esterno;false;true;POLIZIA LOCALE DI ROMA CAPITALE;false
CHIAMAROMA 060606;2026;08/03/2026;Risolto da Ente Esterno;false;true;AMA;false
CHIAMAROMA 060606;2026;08/03/2026;Risolto da Ente Esterno;false;true;AMA;false
CHIAMAROMA 060606;2026;08/03/2026;Risolto da Ente Esterno;false;true;AMA;false
POLIZIA LOCALE DI ROMA CAPITALE;2026;08/03/2026;In carico a ente esterno;false;true;POLIZIA LOCALE DI ROMA CAPITALE;false
POLIZIA LOCALE DI ROMA CAPITALE;2026;08/03/2026;In carico a ente esterno;false;true;POLIZIA LOCALE DI ROMA CAPITALE;false
POLIZIA LOCALE DI ROMA CAPITALE;2026;08/03/2026;In carico a ente esterno;false;true;POLIZIA LOCALE DI ROMA CAPITALE;false
CHIAMAROMA 060606;2026;08/03/2026;Risolto da Ente Esterno;false;true;AMA;false
CHIAMAROMA 060606;2026;08/03/2026;Risolto da Ente Esterno;false;true;AMA;false
CHIAMAROMA 060606;2026;08/03/2026;Risolto da Ente Esterno;false;true;AMA;false
CHIAMAROMA 060606;2026;08/03/2026;Risolto da Ente Esterno;false;true;AMA;false
CHIAMAROMA 060606;2026;08/03/2026;Risolto da Ente Esterno;false;true;AMA;false
CHIAMAROMA 060606;2026;08/03/2026;Risolto da Ente Esterno;false;true;AMA;false
BACK OFFICE ROMA CAPITALE;2026;08/03/2026;Risolto da Ente Esterno;false;true;AMA;false
CHIAMAROMA 060606;2026;08/03/2026;Risolto da Ente Esterno;false;true;AMA;false
CHIAMAROMA 060606;2026;08/03/2026;Risolto da Ente Esterno;false;true;AMA;false
CHIAMAROMA 060606;2026;08/03/2026;Risolto da Ente Esterno;false;true;AMA;false
CHIAMAROMA 060606;2026;08/03/2026;Risolto da Ente Esterno;false;true;AMA;false
CHIAMAROMA 060606;2026;08/03/2026;Risolto da Ente Esterno;false;true;AMA;false
CHIAMAROMA 060606;2026;08/03/2026;Risolto da Ente Esterno;false;true;AMA;false
CHIAMAROMA 060606;2026;08/03/2026;Risolto da Ente Esterno;false;true;AMA;false
CHIAMAROMA 060606;2026;08/03/2026;Risolto da Ente Esterno;false;true;AMA;false
CHIAMAROMA 060606;2026;08/03/2026;Risolto da Ente Esterno;false;true;AMA;false
CHIAMAROMA 060606;2026;08/03/2026;Risolto da Ente Esterno;false;true;AMA;false
AMA;2026;08/03/2026;Risolto da Ente Esterno;false;true;AMA;false
CHIAMAROMA 060606;2026;08/03/2026;Risolto da Ente Esterno;false;true;AMA;false
AMA;2026;08/03/2026;Risolto da Ente Esterno;false;true;AMA;false
CHIAMAROMA 060606;2026;08/03/2026;Risolto da Ente Esterno;false;true;AMA;false
CHIAMAROMA 060606;2026;08/03/2026;Risolto da Ente Esterno;false;true;AMA;false
POLIZIA LOCALE DI ROMA CAPITALE;2026;08/03/2026;In carico a ente esterno;false;true;POLIZIA LOCALE DI ROMA CAPITALE;false
POLIZIA LOCALE DI ROMA CAPITALE;2026;08/03/2026;In carico a ente esterno;false;true;POLIZIA LOCALE DI ROMA CAPITALE;false
POLIZIA LOCALE DI ROMA CAPITALE;2026;08/03/2026;In carico a ente esterno;false;true;POLIZIA LOCALE DI ROMA CAPITALE;false
DIPARTIMENTO TUTELA AMBIENTALE;2026;08/03/2026;Risolto al secondo livello;false;false;;false
CHIAMAROMA 060606;2026;08/03/2026;Risolto al primo livello;false;false;;true
POLIZIA LOCALE (COMANDO GENERALE);2026;08/03/2026;Risolto al secondo livello;false;false;;false
CHIAMAROMA 060606;2026;08/03/2026;Risolto da Ente Esterno;false;true;AMA;false
AMA;2026;08/03/2026;Risolto da Ente Esterno;false;true;AMA;false
CHIAMAROMA 060606;2026;08/03/2026;Risolto da Ente Esterno;false;true;AMA;false
POLIZIA LOCALE (10° Gruppo MARE);2026;08/03/2026;Risolto da Ente Esterno;false;true;AMA;false
POLIZIA LOCALE DI ROMA CAPITALE;2026;08/03/2026;In carico a ente esterno;false;true;POLIZIA LOCALE DI ROMA CAPITALE;false
POLIZIA LOCALE DI ROMA CAPITALE;2026;08/03/2026;In carico a ente esterno;false;true;POLIZIA LOCALE DI ROMA CAPITALE;false
POLIZIA LOCALE DI ROMA CAPITALE;2026;08/03/2026;In carico a ente esterno;false;true;POLIZIA LOCALE DI ROMA CAPITALE;false
CHIAMAROMA 060606;2026;08/03/2026;In carico a ente esterno;false;true;POLIZIA LOCALE DI ROMA CAPITALE;true
CHIAMAROMA 060606;2026;08/03/2026;In carico a ente esterno;false;true;POLIZIA LOCALE DI ROMA CAPITALE;true
POLIZIA LOCALE DI ROMA CAPITALE;2026;08/03/2026;In carico a ente esterno;false;true;POLIZIA LOCALE DI ROMA CAPITALE;false
POLIZIA LOCALE DI ROMA CAPITALE;2026;08/03/2026;In carico a ente esterno;false;true;POLIZIA LOCALE DI ROMA CAPITALE;false
POLIZIA LOCALE DI ROMA CAPITALE;2026;08/03/2026;In carico a ente esterno;false;true;POLIZIA LOCALE DI ROMA CAPITALE;false
POLIZIA LOCALE DI ROMA CAPITALE;2026;08/03/2026;In carico a ente esterno;false;true;POLIZIA LOCALE DI ROMA CAPITALE;false
POLIZIA LOCALE DI ROMA CAPITALE;2026;08/03/2026;In carico a ente esterno;false;true;POLIZIA LOCALE DI ROMA CAPITALE;false
CHIAMAROMA 060606;2026;08/03/2026;Risolto al primo livello;false;false;;true
CHIAMAROMA 060606;2026;08/03/2026;Risolto al primo livello;false;false;;true
CHIAMAROMA 060606;2026;08/03/2026;Risolto da Ente Esterno;false;true;AMA;false
CHIAMAROMA 060606;2026;08/03/2026;Risolto da Ente Esterno;false;true;AMA;false
CHIAMAROMA 060606;2026;08/03/2026;Risolto da Ente Esterno;false;true;AMA;false
POLIZIA LOCALE DI ROMA CAPITALE;2026;08/03/2026;In carico a ente esterno;false;true;POLIZIA LOCALE DI ROMA CAPITALE;false
POLIZIA LOCALE DI ROMA CAPITALE;2026;08/03/2026;In carico a ente esterno;false;true;POLIZIA LOCALE DI ROMA CAPITALE;false
POLIZIA LOCALE DI ROMA CAPITALE;2026;08/03/2026;In carico a ente esterno;false;true;POLIZIA LOCALE DI ROMA CAPITALE;false
POLIZIA LOCALE DI ROMA CAPITALE;2026;08/03/2026;In carico a ente esterno;false;true;POLIZIA LOCALE DI ROMA CAPITALE;false
CHIAMAROMA 060606;2026;08/03/2026;In carico a ente esterno;false;true;POLIZIA LOCALE DI ROMA CAPITALE;true
POLIZIA LOCALE DI ROMA CAPITALE;2026;08/03/2026;In carico a ente esterno;false;true;POLIZIA LOCALE DI ROMA CAPITALE;false
POLIZIA LOCALE DI ROMA CAPITALE;2026;08/03/2026;In carico a ente esterno;false;true;POLIZIA LOCALE DI ROMA CAPITALE;false
CHIAMAROMA 060606;2026;08/03/2026;In carico a ente esterno;false;true;POLIZIA LOCALE DI ROMA CAPITALE;true
POLIZIA LOCALE DI ROMA CAPITALE;2026;08/03/2026;In carico a ente esterno;false;true;POLIZIA LOCALE DI ROMA CAPITALE;false
POLIZIA LOCALE DI ROMA CAPITALE;2026;08/03/2026;In carico a ente esterno;false;true;POLIZIA LOCALE DI ROMA CAPITALE;false
POLIZIA LOCALE DI ROMA CAPITALE;2026;08/03/2026;In carico a ente esterno;false;true;POLIZIA LOCALE DI ROMA CAPITALE;false
POLIZIA LOCALE DI ROMA CAPITALE;2026;08/03/2026;In carico a ente esterno;false;true;POLIZIA LOCALE DI ROMA CAPITALE;false
CHIAMAROMA 060606;2026;08/03/2026;In carico a ente esterno;false;true;POLIZIA LOCALE DI ROMA CAPITALE;true
POLIZIA LOCALE DI ROMA CAPITALE;2026;08/03/2026;In carico a ente esterno;false;true;POLIZIA LOCALE DI ROMA CAPITALE;false
POLIZIA LOCALE DI ROMA CAPITALE;2026;08/03/2026;In carico a ente esterno;false;true;POLIZIA LOCALE DI ROMA CAPITALE;false
POLIZIA LOCALE DI ROMA CAPITALE;2026;08/03/2026;In carico a ente esterno;false;true;POLIZIA LOCALE DI ROMA CAPITALE;false
POLIZIA LOCALE DI ROMA CAPITALE;2026;08/03/2026;In carico a ente esterno;false;true;POLIZIA LOCALE DI ROMA CAPITALE;false
POLIZIA LOCALE DI ROMA CAPITALE;2026;08/03/2026;In carico a ente esterno;false;true;POLIZIA LOCALE DI ROMA CAPITALE;false
POLIZIA LOCALE DI ROMA CAPITALE;2026;08/03/2026;In carico a ente esterno;false;true;POLIZIA LOCALE DI ROMA CAPITALE;false
POLIZIA LOCALE DI ROMA CAPITALE;2026;08/03/2026;In carico a ente esterno;false;true;POLIZIA LOCALE DI ROMA CAPITALE;false
POLIZIA LOCALE DI ROMA CAPITALE;2026;08/03/2026;In carico a ente esterno;false;true;POLIZIA LOCALE DI ROMA CAPITALE;false
POLIZIA LOCALE DI ROMA CAPITALE;2026;08/03/2026;In carico a ente esterno;false;true;POLIZIA LOCALE DI ROMA CAPITALE;false
POLIZIA LOCALE DI ROMA CAPITALE;2026;08/03/2026;In carico a ente esterno;false;true;POLIZIA LOCALE DI ROMA CAPITALE;false
POLIZIA LOCALE DI ROMA CAPITALE;2026;08/03/2026;In carico a ente esterno;false;true;POLIZIA LOCALE DI ROMA CAPITALE;false
POLIZIA LOCALE DI ROMA CAPITALE;2026;08/03/2026;In carico a ente esterno;false;true;POLIZIA LOCALE DI ROMA CAPITALE;false
POLIZIA LOCALE DI ROMA CAPITALE;2026;08/03/2026;In carico a ente esterno;false;true;POLIZIA LOCALE DI ROMA CAPITALE;false
POLIZIA LOCALE DI ROMA CAPITALE;2026;08/03/2026;In carico a ente esterno;false;true;POLIZIA LOCALE DI ROMA CAPITALE;false
CHIAMAROMA 060606;2026;08/03/2026;Risolto da Ente Esterno;false;true;AMA;false
POLIZIA LOCALE DI ROMA CAPITALE;2026;08/03/2026;In carico a ente esterno;false;true;POLIZIA LOCALE DI ROMA CAPITALE;false
POLIZIA LOCALE DI ROMA CAPITALE;2026;08/03/2026;In carico a ente esterno;false;true;POLIZIA LOCALE DI ROMA CAPITALE;false
POLIZIA LOCALE DI ROMA CAPITALE;2026;08/03/2026;In carico a ente esterno;false;true;POLIZIA LOCALE DI ROMA CAPITALE;false
POLIZIA LOCALE DI ROMA CAPITALE;2026;08/03/2026;In carico a ente esterno;false;true;POLIZIA LOCALE DI ROMA CAPITALE;false
POLIZIA LOCALE DI ROMA CAPITALE;2026;09/03/2026;In carico a ente esterno;false;true;POLIZIA LOCALE DI ROMA CAPITALE;false
POLIZIA LOCALE DI ROMA CAPITALE;2026;09/03/2026;In carico a ente esterno;false;true;POLIZIA LOCALE DI ROMA CAPITALE;false
CHIAMAROMA 060606;2026;09/03/2026;Risolto da Ente Esterno;false;true;AMA;false
CHIAMAROMA 060606;2026;09/03/2026;Risolto da Ente Esterno;false;true;AMA;false
BACK OFFICE ROMA CAPITALE;2026;09/03/2026;Risolto da Ente Esterno;false;true;AMA;false
CHIAMAROMA 060606;2026;09/03/2026;Risolto da Ente Esterno;false;true;AMA;false
CHIAMAROMA 060606;2026;09/03/2026;Risolto da Ente Esterno;false;true;AMA;false
CHIAMAROMA 060606;2026;09/03/2026;Risolto da Ente Esterno;false;true;AMA;false
CHIAMAROMA 060606;2026;09/03/2026;In carico a ente esterno;false;true;POLIZIA LOCALE DI ROMA CAPITALE;true
CHIAMAROMA 060606;2026;09/03/2026;Risolto da Ente Esterno;false;true;AMA;false
CHIAMAROMA 060606;2026;09/03/2026;Risolto da Ente Esterno;false;true;AMA;false
CHIAMAROMA 060606;2026;09/03/2026;Risolto da Ente Esterno;false;true;AMA;false
CHIAMAROMA 060606;2026;09/03/2026;Risolto da Ente Esterno;false;true;AMA;false
CHIAMAROMA 060606;2026;09/03/2026;Risolto da Ente Esterno;false;true;AMA;false
CHIAMAROMA 060606;2026;09/03/2026;Risolto da Ente Esterno;false;true;AMA;false
CHIAMAROMA 060606;2026;09/03/2026;Risolto da Ente Esterno;false;true;AMA;false
CHIAMAROMA 060606;2026;09/03/2026;Risolto da Ente Esterno;false;true;AMA;false
CHIAMAROMA 060606;2026;09/03/2026;Risolto da Ente Esterno;false;true;AMA;false
CHIAMAROMA 060606;2026;09/03/2026;Risolto da Ente Esterno;false;true;AMA;false
CHIAMAROMA 060606;2026;09/03/2026;Risolto da Ente Esterno;false;true;AMA;false
POLIZIA LOCALE DI ROMA CAPITALE;2026;09/03/2026;In carico a ente esterno;false;true;POLIZIA LOCALE DI ROMA CAPITALE;false
CHIAMAROMA 060606;2026;09/03/2026;In carico a ente esterno;false;true;POLIZIA LOCALE DI ROMA CAPITALE;true
CHIAMAROMA 060606;2026;09/03/2026;In carico a ente esterno;false;true;POLIZIA LOCALE DI ROMA CAPITALE;true
CHIAMAROMA 060606;2026;09/03/2026;In carico a ente esterno;false;true;POLIZIA LOCALE DI ROMA CAPITALE;true
POLIZIA LOCALE DI ROMA CAPITALE;2026;09/03/2026;In carico a ente esterno;false;true;POLIZIA LOCALE DI ROMA CAPITALE;false
POLIZIA LOCALE DI ROMA CAPITALE;2026;09/03/2026;In carico a ente esterno;false;true;POLIZIA LOCALE DI ROMA CAPITALE;false
POLIZIA LOCALE DI ROMA CAPITALE;2026;09/03/2026;In carico a ente esterno;false;true;POLIZIA LOCALE DI ROMA CAPITALE;false
POLIZIA LOCALE DI ROMA CAPITALE;2026;09/03/2026;In carico a ente esterno;false;true;POLIZIA LOCALE DI ROMA CAPITALE;false
POLIZIA LOCALE (3° Gruppo NOMENTANO);2026;09/03/2026;Risolto al secondo livello;false;false;;false
POLIZIA LOCALE (3° Gruppo NOMENTANO);2026;09/03/2026;Risolto al secondo livello;false;false;;false
CHIAMAROMA 060606;2026;09/03/2026;Non più necessario;false;false;;false
POLIZIA LOCALE (3° Gruppo NOMENTANO);2026;09/03/2026;Risolto al secondo livello;false;false;;false
CHIAMAROMA 060606;2026;09/03/2026;Non più necessario;false;false;;false
MUNICIPIO II;2026;09/03/2026;Risolto al secondo livello;false;false;;false
POLIZIA LOCALE (3° Gruppo NOMENTANO);2026;09/03/2026;Risolto al secondo livello;false;false;;false
CHIAMAROMA 060606;2026;09/03/2026;In carico a ente esterno;false;true;POLIZIA LOCALE DI ROMA CAPITALE;true
POLIZIA LOCALE (3° Gruppo NOMENTANO);2026;09/03/2026;Risolto al secondo livello;false;false;;false
POLIZIA LOCALE (3° Gruppo NOMENTANO);2026;09/03/2026;Risolto al secondo livello;false;false;;false
CHIAMAROMA 060606;2026;09/03/2026;Risolto al secondo livello;false;false;;false
POLIZIA LOCALE (3° Gruppo NOMENTANO);2026;09/03/2026;Risolto al secondo livello;false;false;;false
CHIAMAROMA 060606;2026;09/03/2026;In carico a ente esterno;false;true;POLIZIA LOCALE DI ROMA CAPITALE;true
POLIZIA LOCALE (3° Gruppo NOMENTANO);2026;09/03/2026;Risolto al secondo livello;false;false;;false
POLIZIA LOCALE (3° Gruppo NOMENTANO);2026;09/03/2026;Risolto al secondo livello;false;false;;false
POLIZIA LOCALE DI ROMA CAPITALE;2026;09/03/2026;Non lavorabile o dati insufficienti;false;false;;false
RAGIONERIA GENERALE;2026;09/03/2026;Risolto al secondo livello;false;false;;false
POLIZIA LOCALE (3° Gruppo NOMENTANO);2026;09/03/2026;Risolto al secondo livello;false;false;;false
CHIAMAROMA 060606;2026;09/03/2026;Risolto al secondo livello;false;false;;false
POLIZIA LOCALE DI ROMA CAPITALE;2026;09/03/2026;Trasferito telefonicamente a call center esterno o per pronto intervento;false;false;;false
BACK OFFICE ROMA CAPITALE;2026;09/03/2026;In carico a ente esterno;false;true;POLIZIA LOCALE DI ROMA CAPITALE;false
BACK OFFICE ROMA CAPITALE;2026;09/03/2026;In carico a ente esterno;false;true;POLIZIA LOCALE DI ROMA CAPITALE;false
CHIAMAROMA 060606;2026;09/03/2026;In carico a ente esterno;false;true;POLIZIA LOCALE DI ROMA CAPITALE;true
CHIAMAROMA 060606;2026;09/03/2026;Risolto al secondo livello;false;false;;false
CHIAMAROMA 060606;2026;09/03/2026;Risolto al secondo livello;false;false;;false
CHIAMAROMA 060606;2026;09/03/2026;In carico a ente esterno;false;true;POLIZIA LOCALE DI ROMA CAPITALE;true
CHIAMAROMA 060606;2026;09/03/2026;In carico a ente esterno;false;true;POLIZIA LOCALE DI ROMA CAPITALE;true
CHIAMAROMA 060606;2026;09/03/2026;Risolto al secondo livello;false;false;;false
POLIZIA LOCALE DI ROMA CAPITALE;2026;09/03/2026;In carico a ente esterno;false;true;POLIZIA LOCALE DI ROMA CAPITALE;false
POLIZIA LOCALE DI ROMA CAPITALE;2026;09/03/2026;In carico a ente esterno;false;true;POLIZIA LOCALE DI ROMA CAPITALE;false
POLIZIA LOCALE DI ROMA CAPITALE;2026;09/03/2026;In carico a ente esterno;false;true;POLIZIA LOCALE DI ROMA CAPITALE;false
POLIZIA LOCALE DI ROMA CAPITALE;2026;09/03/2026;In carico a ente esterno;false;true;POLIZIA LOCALE DI ROMA CAPITALE;false
POLIZIA LOCALE DI ROMA CAPITALE;2026;09/03/2026;In carico a ente esterno;false;true;POLIZIA LOCALE DI ROMA CAPITALE;false
POLIZIA LOCALE DI ROMA CAPITALE;2026;09/03/2026;In carico a ente esterno;false;true;POLIZIA LOCALE DI ROMA CAPITALE;false
MUNICIPIO II;2026;09/03/2026;Risolto al secondo livello;false;false;;false
CHIAMAROMA 060606;2026;09/03/2026;In carico a ente esterno;false;true;POLIZIA LOCALE DI ROMA CAPITALE;true
BACK OFFICE ROMA CAPITALE;2026;09/03/2026;In carico a ente esterno;false;true;POLIZIA LOCALE DI ROMA CAPITALE;false
CHIAMAROMA 060606;2026;09/03/2026;In carico a ente esterno;false;true;POLIZIA LOCALE DI ROMA CAPITALE;true
RAGIONERIA GENERALE;2026;09/03/2026;Risolto al secondo livello;false;false;;false
CHIAMAROMA 060606;2026;09/03/2026;In carico a ente esterno;false;true;POLIZIA LOCALE DI ROMA CAPITALE;true
CHIAMAROMA 060606;2026;09/03/2026;Risolto al secondo livello;false;false;;false
CHIAMAROMA 060606;2026;09/03/2026;In carico a ente esterno;false;true;POLIZIA LOCALE DI ROMA CAPITALE;true
CHIAMAROMA 060606;2026;09/03/2026;In carico a ente esterno;false;true;POLIZIA LOCALE DI ROMA CAPITALE;true
CHIAMAROMA 060606;2026;09/03/2026;In carico a ente esterno;false;true;POLIZIA LOCALE DI ROMA CAPITALE;true
CHIAMAROMA 060606;2026;09/03/2026;In carico a ente esterno;false;true;POLIZIA LOCALE DI ROMA CAPITALE;true
MUNICIPIO III;2026;09/03/2026;In carico a ente esterno;false;true;POLIZIA LOCALE DI ROMA CAPITALE;false
DIPARTIMENTO MOBILITA’ SOSTENIBILE E TRASPORTI;2026;09/03/2026;In carico a ente esterno;false;true;POLIZIA LOCALE DI ROMA CAPITALE;false
CHIAMAROMA 060606;2026;09/03/2026;In carico a ente esterno;false;true;POLIZIA LOCALE DI ROMA CAPITALE;true
CHIAMAROMA 060606;2026;09/03/2026;Risolto da Ente Esterno;false;true;AMA;false
CHIAMAROMA 060606;2026;09/03/2026;Risolto da Ente Esterno;false;true;AMA;false
CHIAMAROMA 060606;2026;09/03/2026;Risolto da Ente Esterno;false;true;AMA;false
CHIAMAROMA 060606;2026;09/03/2026;Risolto da Ente Esterno;false;true;AMA;false
CHIAMAROMA 060606;2026;09/03/2026;Risolto da Ente Esterno;false;true;AMA;false
CHIAMAROMA 060606;2026;09/03/2026;Risolto da Ente Esterno;false;true;AMA;false
CHIAMAROMA 060606;2026;09/03/2026;Risolto da Ente Esterno;false;true;AMA;false
CHIAMAROMA 060606;2026;09/03/2026;Risolto da Ente Esterno;false;true;AMA;false
CHIAMAROMA 060606;2026;09/03/2026;Risolto da Ente Esterno;false;true;AMA;false
DIPARTIMENTO MONITORAGGIO QUALITA' DEI SERVIZI E COMUNICAZIONE ISTITUZIONALE;2026;09/03/2026;Risolto da Ente Esterno;false;true;AMA;false
AMA;2026;09/03/2026;Risolto da Ente Esterno;false;true;AMA;false
CHIAMAROMA 060606;2026;09/03/2026;Risolto da Ente Esterno;false;true;AMA;false
AMA;2026;09/03/2026;Risolto da Ente Esterno;false;true;AMA;false
;2026;09/03/2026;Risolto da Ente Esterno;false;true;AMA;false
AMA;2026;09/03/2026;Risolto da Ente Esterno;false;true;AMA;false
CHIAMAROMA 060606;2026;09/03/2026;Risolto da Ente Esterno;false;true;AMA;false
BACK OFFICE ROMA CAPITALE;2026;09/03/2026;Risolto da Ente Esterno;false;true;AMA;false
CHIAMAROMA 060606;2026;09/03/2026;Risolto da Ente Esterno;false;true;AMA;false
BACK OFFICE ROMA CAPITALE;2026;09/03/2026;Risolto da Ente Esterno;false;true;AMA;false
BACK OFFICE ROMA CAPITALE;2026;09/03/2026;Risolto da Ente Esterno;false;true;AMA;false
BACK OFFICE ROMA CAPITALE;2026;09/03/2026;Risolto da Ente Esterno;false;true;AMA;false
BACK OFFICE ROMA CAPITALE;2026;09/03/2026;Risolto da Ente Esterno;false;true;AMA;false
CHIAMAROMA 060606;2026;09/03/2026;Risolto da Ente Esterno;false;true;AMA;false
POLIZIA LOCALE DI ROMA CAPITALE;2026;09/03/2026;In carico a ente esterno;false;true;POLIZIA LOCALE DI ROMA CAPITALE;false
POLIZIA LOCALE DI ROMA CAPITALE;2026;09/03/2026;In carico a ente esterno;false;true;POLIZIA LOCALE DI ROMA CAPITALE;false
POLIZIA LOCALE DI ROMA CAPITALE;2026;09/03/2026;In carico a ente esterno;false;true;POLIZIA LOCALE DI ROMA CAPITALE;false
POLIZIA LOCALE DI ROMA CAPITALE;2026;09/03/2026;In carico a ente esterno;false;true;POLIZIA LOCALE DI ROMA CAPITALE;false
CHIAMAROMA 060606;2026;09/03/2026;In carico a ente esterno;false;true;POLIZIA LOCALE DI ROMA CAPITALE;true
CHIAMAROMA 060606;2026;09/03/2026;Risolto al secondo livello;false;true;AMA;false
CHIAMAROMA 060606;2026;09/03/2026;Risolto al secondo livello;false;true;AMA;false
CHIAMAROMA 060606;2026;09/03/2026;In carico a ente esterno;false;true;POLIZIA LOCALE DI ROMA CAPITALE;true
MUNICIPIO VII;2026;09/03/2026;Risolto al secondo livello;false;false;;false
DIPARTIMENTO INFRASTRUTTURE E LAVORI PUBBLICI;2026;09/03/2026;Risolto al secondo livello;false;false;;false
CHIAMAROMA 060606;2026;09/03/2026;In carico a ente esterno;false;true;POLIZIA LOCALE DI ROMA CAPITALE;true
DIPARTIMENTO INFRASTRUTTURE E LAVORI PUBBLICI;2026;09/03/2026;Risolto al secondo livello;false;false;;false
DIPARTIMENTO INFRASTRUTTURE E LAVORI PUBBLICI;2026;09/03/2026;Risolto al secondo livello;false;false;;false
DIPARTIMENTO INFRASTRUTTURE E LAVORI PUBBLICI;2026;09/03/2026;Risolto al secondo livello;false;false;;false
DIPARTIMENTO INFRASTRUTTURE E LAVORI PUBBLICI;2026;09/03/2026;Risolto al secondo livello;false;false;;false
DIPARTIMENTO INFRASTRUTTURE E LAVORI PUBBLICI;2026;09/03/2026;Risolto al secondo livello;false;false;;false
DIPARTIMENTO INFRASTRUTTURE E LAVORI PUBBLICI;2026;09/03/2026;Non più necessario;false;false;;false
DIPARTIMENTO INFRASTRUTTURE E LAVORI PUBBLICI;2026;09/03/2026;Risolto al secondo livello;false;false;;false
DIPARTIMENTO INFRASTRUTTURE E LAVORI PUBBLICI;2026;09/03/2026;Risolto al secondo livello;false;false;;false
DIPARTIMENTO INFRASTRUTTURE E LAVORI PUBBLICI;2026;09/03/2026;Risolto al secondo livello;false;false;;false
DIPARTIMENTO INFRASTRUTTURE E LAVORI PUBBLICI;2026;09/03/2026;Risolto al secondo livello;false;false;;false
DIPARTIMENTO INFRASTRUTTURE E LAVORI PUBBLICI;2026;09/03/2026;Risolto al secondo livello;false;false;;false
MUNICIPIO IX;2026;09/03/2026;Non più necessario;false;false;;false
DIPARTIMENTO INFRASTRUTTURE E LAVORI PUBBLICI;2026;09/03/2026;Risolto al secondo livello;false;false;;false
BACK OFFICE ROMA CAPITALE;2026;09/03/2026;Risolto al secondo livello;false;false;;false
DIPARTIMENTO INFRASTRUTTURE E LAVORI PUBBLICI;2026;09/03/2026;Risolto al secondo livello;false;false;;false
DIPARTIMENTO INFRASTRUTTURE E LAVORI PUBBLICI;2026;09/03/2026;Risolto al secondo livello;false;false;;false
DIPARTIMENTO INFRASTRUTTURE E LAVORI PUBBLICI;2026;09/03/2026;Risolto al secondo livello;false;false;;false
DIPARTIMENTO INFRASTRUTTURE E LAVORI PUBBLICI;2026;09/03/2026;Risolto al secondo livello;false;false;;false
CHIAMAROMA 060606;2026;09/03/2026;In carico a ente esterno;false;true;POLIZIA LOCALE DI ROMA CAPITALE;true
DIPARTIMENTO INFRASTRUTTURE E LAVORI PUBBLICI;2026;09/03/2026;Risolto al secondo livello;false;false;;false
DIPARTIMENTO INFRASTRUTTURE E LAVORI PUBBLICI;2026;09/03/2026;Risolto al secondo livello;false;false;;false
DIPARTIMENTO INFRASTRUTTURE E LAVORI PUBBLICI;2026;09/03/2026;Risolto al secondo livello;false;false;;false
DIPARTIMENTO INFRASTRUTTURE E LAVORI PUBBLICI;2026;09/03/2026;Risolto al secondo livello;false;false;;false
DIPARTIMENTO INFRASTRUTTURE E LAVORI PUBBLICI;2026;09/03/2026;Risolto al secondo livello;false;false;;false
DIPARTIMENTO INFRASTRUTTURE E LAVORI PUBBLICI;2026;09/03/2026;Risolto al secondo livello;false;false;;false
DIPARTIMENTO INFRASTRUTTURE E LAVORI PUBBLICI;2026;09/03/2026;Risolto al secondo livello;false;false;;false
DIPARTIMENTO INFRASTRUTTURE E LAVORI PUBBLICI;2026;09/03/2026;Risolto al secondo livello;false;false;;false
DIPARTIMENTO INFRASTRUTTURE E LAVORI PUBBLICI;2026;09/03/2026;Risolto al secondo livello;false;false;;false
DIPARTIMENTO INFRASTRUTTURE E LAVORI PUBBLICI;2026;09/03/2026;Risolto al secondo livello;false;false;;false
DIPARTIMENTO INFRASTRUTTURE E LAVORI PUBBLICI;2026;09/03/2026;Risolto al secondo livello;false;false;;false
DIPARTIMENTO INFRASTRUTTURE E LAVORI PUBBLICI;2026;09/03/2026;Risolto al secondo livello;false;false;;false
DIPARTIMENTO INFRASTRUTTURE E LAVORI PUBBLICI;2026;09/03/2026;Risolto al secondo livello;false;false;;false
DIPARTIMENTO INFRASTRUTTURE E LAVORI PUBBLICI;2026;09/03/2026;Risolto al secondo livello;false;false;;false
CHIAMAROMA 060606;2026;09/03/2026;Risolto al primo livello;false;false;;false
CHIAMAROMA 060606;2026;09/03/2026;Risolto al primo livello;false;false;;false
CHIAMAROMA 060606;2026;09/03/2026;In carico a ente esterno;false;true;POLIZIA LOCALE DI ROMA CAPITALE;true
POLIZIA LOCALE DI ROMA CAPITALE;2026;09/03/2026;In carico a ente esterno;false;true;POLIZIA LOCALE DI ROMA CAPITALE;false
POLIZIA LOCALE DI ROMA CAPITALE;2026;09/03/2026;In carico a ente esterno;false;true;POLIZIA LOCALE DI ROMA CAPITALE;false
POLIZIA LOCALE DI ROMA CAPITALE;2026;09/03/2026;In carico a ente esterno;false;true;POLIZIA LOCALE DI ROMA CAPITALE;false
POLIZIA LOCALE DI ROMA CAPITALE;2026;09/03/2026;In carico a ente esterno;false;true;POLIZIA LOCALE DI ROMA CAPITALE;false
POLIZIA LOCALE DI ROMA CAPITALE;2026;09/03/2026;In carico a ente esterno;false;true;POLIZIA LOCALE DI ROMA CAPITALE;false
POLIZIA LOCALE DI ROMA CAPITALE;2026;09/03/2026;In carico a ente esterno;false;true;POLIZIA LOCALE DI ROMA CAPITALE;false
CHIAMAROMA 060606;2026;09/03/2026;In carico a ente esterno;false;true;POLIZIA LOCALE DI ROMA CAPITALE;true
BACK OFFICE ROMA CAPITALE;2026;09/03/2026;Risolto al primo livello;false;false;;false
CHIAMAROMA 060606;2026;09/03/2026;In carico a ente esterno;false;true;POLIZIA LOCALE DI ROMA CAPITALE;true
CHIAMAROMA 060606;2026;09/03/2026;In carico a ente esterno;false;true;POLIZIA LOCALE DI ROMA CAPITALE;true
CHIAMAROMA 060606;2026;09/03/2026;In carico a ente esterno;false;true;POLIZIA LOCALE DI ROMA CAPITALE;true
CHIAMAROMA 060606;2026;09/03/2026;Risolto al primo livello;false;false;;false
CHIAMAROMA 060606;2026;09/03/2026;In carico a ente esterno;false;true;POLIZIA LOCALE DI ROMA CAPITALE;true
RAGIONERIA GENERALE;2026;09/03/2026;Non lavorabile o dati insufficienti;false;false;;false
CHIAMAROMA 060606;2026;09/03/2026;In carico a ente esterno;false;true;POLIZIA LOCALE DI ROMA CAPITALE;true
CHIAMAROMA 060606;2026;09/03/2026;Risolto al secondo livello;false;false;;false
BACK OFFICE ROMA CAPITALE;2026;09/03/2026;Risolto al secondo livello;false;false;;false
CHIAMAROMA 060606;2026;09/03/2026;Risolto al secondo livello;false;false;;false
BACK OFFICE ROMA CAPITALE;2026;09/03/2026;Risolto al primo livello;false;false;;false
CHIAMAROMA 060606;2026;09/03/2026;Risolto al secondo livello;false;false;;false
MUNICIPIO XIII;2026;09/03/2026;Non più necessario;false;false;;false
CHIAMAROMA 060606;2026;09/03/2026;Risolto al secondo livello;false;false;;false
CHIAMAROMA 060606;2026;09/03/2026;Risolto al primo livello;false;false;;false
DIPARTIMENTO SCUOLA, LAVORO E FORMAZIONE PROFESSIONALE;2026;09/03/2026;Risolto al secondo livello;false;false;;false
CHIAMAROMA 060606;2026;09/03/2026;Risolto al secondo livello;false;false;;false
CHIAMAROMA 060606;2026;09/03/2026;In carico a ente esterno;false;true;POLIZIA LOCALE DI ROMA CAPITALE;true
CHIAMAROMA 060606;2026;09/03/2026;Risolto al primo livello;false;false;;false
CHIAMAROMA 060606;2026;09/03/2026;In carico a ente esterno;false;true;POLIZIA LOCALE DI ROMA CAPITALE;true
CHIAMAROMA 060606;2026;09/03/2026;In carico a ente esterno;false;true;POLIZIA LOCALE DI ROMA CAPITALE;true
POLIZIA LOCALE DI ROMA CAPITALE;2026;09/03/2026;In carico a ente esterno;false;true;POLIZIA LOCALE DI ROMA CAPITALE;false
POLIZIA LOCALE DI ROMA CAPITALE;2026;09/03/2026;In carico a ente esterno;false;true;POLIZIA LOCALE DI ROMA CAPITALE;false
POLIZIA LOCALE DI ROMA CAPITALE;2026;09/03/2026;In carico a ente esterno;false;true;POLIZIA LOCALE DI ROMA CAPITALE;false
MUNICIPIO III;2026;09/03/2026;In carico a ente esterno;false;true;POLIZIA LOCALE DI ROMA CAPITALE;false
MUNICIPIO III;2026;09/03/2026;Risolto al secondo livello;false;false;;false
CHIAMAROMA 060606;2026;09/03/2026;In carico a ente esterno;false;true;POLIZIA LOCALE DI ROMA CAPITALE;true
CHIAMAROMA 060606;2026;09/03/2026;Risolto al secondo livello;false;false;;false
MUNICIPIO III;2026;09/03/2026;In carico a ente esterno;false;true;POLIZIA LOCALE DI ROMA CAPITALE;false
MUNICIPIO III;2026;09/03/2026;In carico a ente esterno;false;true;POLIZIA LOCALE DI ROMA CAPITALE;false
CHIAMAROMA 060606;2026;09/03/2026;Risolto al primo livello;false;false;;true
CHIAMAROMA 060606;2026;09/03/2026;In carico a ente esterno;false;true;POLIZIA LOCALE DI ROMA CAPITALE;true
CHIAMAROMA 060606;2026;09/03/2026;Risolto al secondo livello;false;false;;false
CHIAMAROMA 060606;2026;09/03/2026;In carico a ente esterno;false;true;POLIZIA LOCALE DI ROMA CAPITALE;true
CHIAMAROMA 060606;2026;09/03/2026;In carico a ente esterno;false;true;POLIZIA LOCALE DI ROMA CAPITALE;true
CHIAMAROMA 060606;2026;09/03/2026;In carico a ente esterno;false;true;POLIZIA LOCALE DI ROMA CAPITALE;true
CHIAMAROMA 060606;2026;09/03/2026;In carico a ente esterno;false;true;POLIZIA LOCALE DI ROMA CAPITALE;true
AMA;2026;09/03/2026;Risolto da Ente Esterno;false;true;AMA;false
CHIAMAROMA 060606;2026;09/03/2026;Risolto da Ente Esterno;false;true;AMA;false
CHIAMAROMA 060606;2026;09/03/2026;Risolto da Ente Esterno;false;true;AMA;false
CHIAMAROMA 060606;2026;09/03/2026;Risolto da Ente Esterno;false;true;AMA;false
CHIAMAROMA 060606;2026;09/03/2026;Risolto da Ente Esterno;false;true;AMA;false
CHIAMAROMA 060606;2026;09/03/2026;Risolto da Ente Esterno;false;true;AMA;false
CHIAMAROMA 060606;2026;09/03/2026;Risolto da Ente Esterno;false;true;AMA;false
CHIAMAROMA 060606;2026;09/03/2026;Risolto da Ente Esterno;false;true;AMA;false
CHIAMAROMA 060606;2026;09/03/2026;Risolto da Ente Esterno;false;true;AMA;false
CHIAMAROMA 060606;2026;09/03/2026;Risolto da Ente Esterno;false;true;AMA;false
CHIAMAROMA 060606;2026;09/03/2026;Risolto da Ente Esterno;false;true;AMA;false
CHIAMAROMA 060606;2026;09/03/2026;Risolto da Ente Esterno;false;true;AMA;false
CHIAMAROMA 060606;2026;09/03/2026;Risolto da Ente Esterno;false;true;AMA;false
CHIAMAROMA 060606;2026;09/03/2026;Risolto da Ente Esterno;false;true;AMA;false
BACK OFFICE ROMA CAPITALE;2026;09/03/2026;Risolto da Ente Esterno;false;true;AMA;false
BACK OFFICE ROMA CAPITALE;2026;09/03/2026;Risolto da Ente Esterno;false;true;AMA;false
CHIAMAROMA 060606;2026;09/03/2026;Risolto da Ente Esterno;false;true;AMA;false
CHIAMAROMA 060606;2026;09/03/2026;Risolto da Ente Esterno;false;true;AMA;false
POLIZIA LOCALE DI ROMA CAPITALE;2026;09/03/2026;In carico a ente esterno;false;true;POLIZIA LOCALE DI ROMA CAPITALE;false
POLIZIA LOCALE DI ROMA CAPITALE;2026;09/03/2026;In carico a ente esterno;false;true;POLIZIA LOCALE DI ROMA CAPITALE;false
POLIZIA LOCALE DI ROMA CAPITALE;2026;09/03/2026;In carico a ente esterno;false;true;POLIZIA LOCALE DI ROMA CAPITALE;false
POLIZIA LOCALE DI ROMA CAPITALE;2026;09/03/2026;In carico a ente esterno;false;true;POLIZIA LOCALE DI ROMA CAPITALE;false
POLIZIA LOCALE DI ROMA CAPITALE;2026;09/03/2026;In carico a ente esterno;false;true;POLIZIA LOCALE DI ROMA CAPITALE;false
CHIAMAROMA 060606;2026;09/03/2026;Risolto al primo livello;false;false;;false
BACK OFFICE ROMA CAPITALE;2026;09/03/2026;Risolto al primo livello;false;false;;false
CHIAMAROMA 060606;2026;09/03/2026;Non lavorabile o dati insufficienti;false;false;;false
CHIAMAROMA 060606;2026;09/03/2026;In carico a ente esterno;false;true;POLIZIA LOCALE DI ROMA CAPITALE;true
RAGIONERIA GENERALE;2026;09/03/2026;Risolto al secondo livello;false;false;;false
CHIAMAROMA 060606;2026;09/03/2026;Risolto al secondo livello;false;true;AMA;false
BACK OFFICE ROMA CAPITALE;2026;09/03/2026;Risolto al primo livello;false;false;;false
MUNICIPIO XIV;2026;09/03/2026;Risolto al secondo livello;false;false;;false
CHIAMAROMA 060606;2026;09/03/2026;In carico a ente esterno;false;true;POLIZIA LOCALE DI ROMA CAPITALE;true
POLIZIA LOCALE DI ROMA CAPITALE;2026;09/03/2026;In carico a ente esterno;false;true;POLIZIA LOCALE DI ROMA CAPITALE;false
POLIZIA LOCALE DI ROMA CAPITALE;2026;09/03/2026;In carico a ente esterno;false;true;POLIZIA LOCALE DI ROMA CAPITALE;false
GABINETTO DEL SINDACO;2026;09/03/2026;Risolto al secondo livello;false;false;;false
CHIAMAROMA 060606;2026;09/03/2026;In carico a ente esterno;false;true;POLIZIA LOCALE DI ROMA CAPITALE;true
BACK OFFICE ROMA CAPITALE;2026;09/03/2026;Risolto al secondo livello;false;false;;false
CHIAMAROMA 060606;2026;09/03/2026;Risolto al secondo livello;false;false;;false
CHIAMAROMA 060606;2026;09/03/2026;Risolto al secondo livello;false;false;;false
CHIAMAROMA 060606;2026;09/03/2026;Risolto al secondo livello;false;true;TPL (TROIANI);false
CHIAMAROMA 060606;2026;09/03/2026;Risolto al secondo livello;false;true;TPL (SAP);false
CHIAMAROMA 060606;2026;09/03/2026;Risolto al secondo livello;false;true;TPL (BIS);false
;2026;09/03/2026;Risolto al secondo livello;false;true;ATAC;false
CHIAMAROMA 060606;2026;09/03/2026;Risolto al secondo livello;false;true;ATAC;false
CHIAMAROMA 060606;2026;09/03/2026;In carico a ente esterno;false;true;POLIZIA LOCALE DI ROMA CAPITALE;true
CHIAMAROMA 060606;2026;09/03/2026;Risolto al secondo livello;false;true;ATAC;false
CHIAMAROMA 060606;2026;09/03/2026;Risolto al secondo livello;false;true;ATAC;false
CHIAMAROMA 060606;2026;09/03/2026;Risolto al secondo livello;false;true;ATAC;false
CHIAMAROMA 060606;2026;09/03/2026;Risolto al secondo livello;false;true;ATAC;false
CHIAMAROMA 060606;2026;09/03/2026;Risolto al secondo livello;false;true;ATAC;false
CHIAMAROMA 060606;2026;09/03/2026;Risolto al secondo livello;false;true;ATAC;false
CHIAMAROMA 060606;2026;09/03/2026;Risolto al secondo livello;false;true;ATAC;false
DIPARTIMENTO TUTELA AMBIENTALE;2026;09/03/2026;Non lavorabile o dati insufficienti;false;false;;false
POLIZIA LOCALE DI ROMA CAPITALE;2026;09/03/2026;In carico a ente esterno;false;true;POLIZIA LOCALE DI ROMA CAPITALE;false
CHIAMAROMA 060606;2026;09/03/2026;In carico a ente esterno;false;true;POLIZIA LOCALE DI ROMA CAPITALE;true
CHIAMAROMA 060606;2026;09/03/2026;Risolto al secondo livello;false;false;;false
CHIAMAROMA 060606;2026;09/03/2026;Risolto al secondo livello;false;false;;false
CHIAMAROMA 060606;2026;09/03/2026;Risolto al secondo livello;false;false;;false
CHIAMAROMA 060606;2026;09/03/2026;Risolto al secondo livello;false;false;;false
CHIAMAROMA 060606;2026;09/03/2026;Risolto al secondo livello;false;false;;false
CHIAMAROMA 060606;2026;09/03/2026;Risolto al secondo livello;false;false;;false
CHIAMAROMA 060606;2026;09/03/2026;Risolto al secondo livello;false;false;;false
CHIAMAROMA 060606;2026;09/03/2026;Risolto al secondo livello;false;false;;false
CHIAMAROMA 060606;2026;09/03/2026;Risolto al secondo livello;false;false;;false
MUNICIPIO II;2026;09/03/2026;Risolto da Ente Esterno;false;true;AMA;false
MUNICIPIO II;2026;09/03/2026;Risolto da Ente Esterno;false;true;AMA;false
MUNICIPIO II;2026;09/03/2026;Risolto da Ente Esterno;false;true;AMA;false
MUNICIPIO II;2026;09/03/2026;Risolto da Ente Esterno;false;true;AMA;false
MUNICIPIO II;2026;09/03/2026;Risolto da Ente Esterno;false;true;AMA;false
MUNICIPIO II;2026;09/03/2026;Risolto da Ente Esterno;false;true;AMA;false
CHIAMAROMA 060606;2026;09/03/2026;Risolto da Ente Esterno;false;true;AMA;false
CHIAMAROMA 060606;2026;09/03/2026;Risolto al secondo livello;false;false;;false
CHIAMAROMA 060606;2026;09/03/2026;Risolto al secondo livello;false;false;;false
POLIZIA LOCALE DI ROMA CAPITALE;2026;09/03/2026;In carico a ente esterno;false;true;POLIZIA LOCALE DI ROMA CAPITALE;false
POLIZIA LOCALE DI ROMA CAPITALE;2026;09/03/2026;In carico a ente esterno;false;true;POLIZIA LOCALE DI ROMA CAPITALE;false
CHIAMAROMA 060606;2026;09/03/2026;Risolto al secondo livello;false;false;;false
CHIAMAROMA 060606;2026;09/03/2026;Risolto al secondo livello;false;false;;false
CHIAMAROMA 060606;2026;09/03/2026;Risolto al secondo livello;false;false;;false
MUNICIPIO XII;2026;09/03/2026;Risolto al secondo livello;false;false;;false
CHIAMAROMA 060606;2026;09/03/2026;Risolto al secondo livello;false;false;;false
BACK OFFICE ROMA CAPITALE;2026;09/03/2026;Risolto al secondo livello;false;false;;false
POLIZIA LOCALE DI ROMA CAPITALE;2026;09/03/2026;In carico a ente esterno;false;true;POLIZIA LOCALE DI ROMA CAPITALE;false
MUNICIPIO V;2026;09/03/2026;Non lavorabile o dati insufficienti;false;false;;false
CHIAMAROMA 060606;2026;09/03/2026;Risolto al secondo livello;false;false;;false
CHIAMAROMA 060606;2026;09/03/2026;In carico a ente esterno;false;true;POLIZIA LOCALE DI ROMA CAPITALE;true
CHIAMAROMA 060606;2026;09/03/2026;In carico a ente esterno;false;true;POLIZIA LOCALE DI ROMA CAPITALE;true
MUNICIPIO V;2026;09/03/2026;Risolto al secondo livello;false;false;;false
POLIZIA LOCALE DI ROMA CAPITALE;2026;09/03/2026;In carico a ente esterno;false;true;POLIZIA LOCALE DI ROMA CAPITALE;false
POLIZIA LOCALE DI ROMA CAPITALE;2026;09/03/2026;In carico a ente esterno;false;true;POLIZIA LOCALE DI ROMA CAPITALE;false
POLIZIA LOCALE DI ROMA CAPITALE;2026;09/03/2026;In carico a ente esterno;false;true;POLIZIA LOCALE DI ROMA CAPITALE;false
POLIZIA LOCALE DI ROMA CAPITALE;2026;09/03/2026;In carico a ente esterno;false;true;POLIZIA LOCALE DI ROMA CAPITALE;false
POLIZIA LOCALE DI ROMA CAPITALE;2026;09/03/2026;In carico a ente esterno;false;true;POLIZIA LOCALE DI ROMA CAPITALE;false
POLIZIA LOCALE DI ROMA CAPITALE;2026;09/03/2026;In carico a ente esterno;false;true;POLIZIA LOCALE DI ROMA CAPITALE;false
POLIZIA LOCALE DI ROMA CAPITALE;2026;09/03/2026;In carico a ente esterno;false;true;POLIZIA LOCALE DI ROMA CAPITALE;false
POLIZIA LOCALE DI ROMA CAPITALE;2026;09/03/2026;In carico a ente esterno;false;true;POLIZIA LOCALE DI ROMA CAPITALE;false
POLIZIA LOCALE DI ROMA CAPITALE;2026;09/03/2026;In carico a ente esterno;false;true;POLIZIA LOCALE DI ROMA CAPITALE;false
CHIAMAROMA 060606;2026;09/03/2026;Trasferito telefonicamente a call center esterno o per pronto intervento;false;false;;false
MUNICIPIO V;2026;09/03/2026;Risolto al secondo livello;false;false;;false
MUNICIPIO VI;2026;09/03/2026;Risolto al secondo livello;false;false;;false
CHIAMAROMA 060606;2026;09/03/2026;In carico a ente esterno;false;true;POLIZIA LOCALE DI ROMA CAPITALE;true
CHIAMAROMA 060606;2026;09/03/2026;In carico a ente esterno;false;true;POLIZIA LOCALE DI ROMA CAPITALE;true
CHIAMAROMA 060606;2026;09/03/2026;In carico a ente esterno;false;true;POLIZIA LOCALE DI ROMA CAPITALE;true
CHIAMAROMA 060606;2026;09/03/2026;In carico a ente esterno;false;true;POLIZIA LOCALE DI ROMA CAPITALE;true
;2026;09/03/2026;In carico a ente esterno;false;true;POLIZIA LOCALE DI ROMA CAPITALE;false
CHIAMAROMA 060606;2026;09/03/2026;Risolto da Ente Esterno;false;true;AMA;false
CHIAMAROMA 060606;2026;09/03/2026;Risolto da Ente Esterno;false;true;AMA;false
CHIAMAROMA 060606;2026;09/03/2026;Risolto da Ente Esterno;false;true;AMA;false
MUNICIPIO II;2026;09/03/2026;Risolto da Ente Esterno;false;true;AMA;false
CHIAMAROMA 060606;2026;09/03/2026;In carico a ente esterno;false;true;POLIZIA LOCALE DI ROMA CAPITALE;true
CHIAMAROMA 060606;2026;09/03/2026;In carico a ente esterno;false;true;POLIZIA LOCALE DI ROMA CAPITALE;true
POLIZIA LOCALE DI ROMA CAPITALE;2026;09/03/2026;In carico a ente esterno;false;true;POLIZIA LOCALE DI ROMA CAPITALE;false
POLIZIA LOCALE DI ROMA CAPITALE;2026;09/03/2026;In carico a ente esterno;false;true;POLIZIA LOCALE DI ROMA CAPITALE;false
POLIZIA LOCALE DI ROMA CAPITALE;2026;09/03/2026;In carico a ente esterno;false;true;POLIZIA LOCALE DI ROMA CAPITALE;false
POLIZIA LOCALE DI ROMA CAPITALE;2026;09/03/2026;In carico a ente esterno;false;true;POLIZIA LOCALE DI ROMA CAPITALE;false
POLIZIA LOCALE DI ROMA CAPITALE;2026;09/03/2026;In carico a ente esterno;false;true;POLIZIA LOCALE DI ROMA CAPITALE;false
POLIZIA LOCALE DI ROMA CAPITALE;2026;09/03/2026;In carico a ente esterno;false;true;POLIZIA LOCALE DI ROMA CAPITALE;false
POLIZIA LOCALE DI ROMA CAPITALE;2026;09/03/2026;In carico a ente esterno;false;true;POLIZIA LOCALE DI ROMA CAPITALE;false
POLIZIA LOCALE DI ROMA CAPITALE;2026;09/03/2026;In carico a ente esterno;false;true;POLIZIA LOCALE DI ROMA CAPITALE;false
CHIAMAROMA 060606;2026;09/03/2026;In carico a ente esterno;false;true;POLIZIA LOCALE DI ROMA CAPITALE;true
POLIZIA LOCALE DI ROMA CAPITALE;2026;09/03/2026;In carico a ente esterno;false;true;POLIZIA LOCALE DI ROMA CAPITALE;false
POLIZIA LOCALE DI ROMA CAPITALE;2026;09/03/2026;In carico a ente esterno;false;true;POLIZIA LOCALE DI ROMA CAPITALE;false
POLIZIA LOCALE DI ROMA CAPITALE;2026;09/03/2026;In carico a ente esterno;false;true;POLIZIA LOCALE DI ROMA CAPITALE;false
CHIAMAROMA 060606;2026;09/03/2026;In carico a ente esterno;false;true;POLIZIA LOCALE DI ROMA CAPITALE;true
POLIZIA LOCALE DI ROMA CAPITALE;2026;09/03/2026;In carico a ente esterno;false;true;POLIZIA LOCALE DI ROMA CAPITALE;false
CHIAMAROMA 060606;2026;09/03/2026;Risolto da Ente Esterno;false;true;AMA;false
CHIAMAROMA 060606;2026;09/03/2026;Risolto da Ente Esterno;false;true;AMA;false
CHIAMAROMA 060606;2026;09/03/2026;Risolto da Ente Esterno;false;true;AMA;false
CHIAMAROMA 060606;2026;09/03/2026;Risolto da Ente Esterno;false;true;AMA;false
CHIAMAROMA 060606;2026;09/03/2026;Risolto da Ente Esterno;false;true;AMA;false
CHIAMAROMA 060606;2026;09/03/2026;Risolto da Ente Esterno;false;true;AMA;false
POLIZIA LOCALE DI ROMA CAPITALE;2026;09/03/2026;In carico a ente esterno;false;true;POLIZIA LOCALE DI ROMA CAPITALE;false
POLIZIA LOCALE DI ROMA CAPITALE;2026;09/03/2026;In carico a ente esterno;false;true;POLIZIA LOCALE DI ROMA CAPITALE;false
POLIZIA LOCALE DI ROMA CAPITALE;2026;09/03/2026;In carico a ente esterno;false;true;POLIZIA LOCALE DI ROMA CAPITALE;false
CHIAMAROMA 060606;2026;10/03/2026;Risolto da Ente Esterno;false;true;AMA;false
CHIAMAROMA 060606;2026;10/03/2026;Risolto da Ente Esterno;false;true;AMA;false
CHIAMAROMA 060606;2026;10/03/2026;Risolto da Ente Esterno;false;true;AMA;false
CHIAMAROMA 060606;2026;10/03/2026;Risolto da Ente Esterno;false;true;AMA;false
POLIZIA LOCALE DI ROMA CAPITALE;2026;10/03/2026;In carico a ente esterno;false;true;POLIZIA LOCALE DI ROMA CAPITALE;false
CHIAMAROMA 060606;2026;10/03/2026;Risolto da Ente Esterno;false;true;AMA;false
CHIAMAROMA 060606;2026;10/03/2026;Risolto da Ente Esterno;false;true;AMA;false
CHIAMAROMA 060606;2026;10/03/2026;Risolto da Ente Esterno;false;true;AMA;false
BACK OFFICE ROMA CAPITALE;2026;10/03/2026;Risolto da Ente Esterno;false;true;AMA;false
BACK OFFICE ROMA CAPITALE;2026;10/03/2026;Risolto da Ente Esterno;false;true;AMA;false
CHIAMAROMA 060606;2026;10/03/2026;Risolto da Ente Esterno;false;true;AMA;false
BACK OFFICE ROMA CAPITALE;2026;10/03/2026;Risolto da Ente Esterno;false;true;AMA;false
BACK OFFICE ROMA CAPITALE;2026;10/03/2026;Risolto da Ente Esterno;false;true;AMA;false
CHIAMAROMA 060606;2026;10/03/2026;Risolto da Ente Esterno;false;true;AMA;false
CHIAMAROMA 060606;2026;10/03/2026;Risolto da Ente Esterno;false;true;AMA;false
CHIAMAROMA 060606;2026;10/03/2026;Risolto da Ente Esterno;false;true;AMA;false
CHIAMAROMA 060606;2026;10/03/2026;Risolto da Ente Esterno;false;true;AMA;false
CHIAMAROMA 060606;2026;10/03/2026;Risolto da Ente Esterno;false;true;AMA;false
CHIAMAROMA 060606;2026;10/03/2026;Risolto da Ente Esterno;false;true;AMA;false
CHIAMAROMA 060606;2026;10/03/2026;Risolto da Ente Esterno;false;true;AMA;false
CHIAMAROMA 060606;2026;10/03/2026;Risolto da Ente Esterno;false;true;AMA;false
CHIAMAROMA 060606;2026;10/03/2026;Risolto da Ente Esterno;false;true;AMA;false
CHIAMAROMA 060606;2026;10/03/2026;Risolto da Ente Esterno;false;true;AMA;false
CHIAMAROMA 060606;2026;10/03/2026;Risolto da Ente Esterno;false;true;AMA;false
AMA;2026;10/03/2026;Risolto da Ente Esterno;false;true;AMA;false
CHIAMAROMA 060606;2026;10/03/2026;Risolto da Ente Esterno;false;true;AMA;false
AMA;2026;10/03/2026;Risolto da Ente Esterno;false;true;AMA;false
CHIAMAROMA 060606;2026;10/03/2026;Risolto da Ente Esterno;false;true;AMA;false
CHIAMAROMA 060606;2026;10/03/2026;Risolto da Ente Esterno;false;true;AMA;false
CHIAMAROMA 060606;2026;10/03/2026;Risolto da Ente Esterno;false;true;AMA;false
CHIAMAROMA 060606;2026;10/03/2026;Risolto da Ente Esterno;false;true;AMA;false
AMA;2026;10/03/2026;Risolto da Ente Esterno;false;true;AMA;false
CHIAMAROMA 060606;2026;10/03/2026;Risolto da Ente Esterno;false;true;AMA;false
CHIAMAROMA 060606;2026;10/03/2026;Risolto da Ente Esterno;false;true;AMA;false
CHIAMAROMA 060606;2026;10/03/2026;Risolto da Ente Esterno;false;true;AMA;false
CHIAMAROMA 060606;2026;10/03/2026;Risolto da Ente Esterno;false;true;AMA;false
CHIAMAROMA 060606;2026;10/03/2026;Risolto da Ente Esterno;false;true;AMA;false
AMA;2026;10/03/2026;Risolto da Ente Esterno;false;true;AMA;false
CHIAMAROMA 060606;2026;10/03/2026;Risolto da Ente Esterno;false;true;AMA;false
MUNICIPIO III;2026;10/03/2026;Risolto da Ente Esterno;false;true;AMA;false
CHIAMAROMA 060606;2026;10/03/2026;Risolto da Ente Esterno;false;true;AMA;false
CHIAMAROMA 060606;2026;10/03/2026;Risolto da Ente Esterno;false;true;AMA;false
CHIAMAROMA 060606;2026;10/03/2026;Risolto da Ente Esterno;false;true;AMA;false
BACK OFFICE ROMA CAPITALE;2026;10/03/2026;Risolto da Ente Esterno;false;true;AMA;false
CHIAMAROMA 060606;2026;10/03/2026;Risolto da Ente Esterno;false;true;AMA;false
CHIAMAROMA 060606;2026;10/03/2026;Risolto da Ente Esterno;false;true;AMA;false
CHIAMAROMA 060606;2026;10/03/2026;Risolto da Ente Esterno;false;true;AMA;false
CHIAMAROMA 060606;2026;10/03/2026;Risolto da Ente Esterno;false;true;AMA;false
CHIAMAROMA 060606;2026;10/03/2026;Risolto da Ente Esterno;false;true;AMA;false
CHIAMAROMA 060606;2026;10/03/2026;Risolto da Ente Esterno;false;true;AMA;false
AMA;2026;10/03/2026;Risolto da Ente Esterno;false;true;AMA;false
CHIAMAROMA 060606;2026;10/03/2026;Risolto da Ente Esterno;false;true;AMA;false
DIPARTIMENTO CICLO RIFIUTI;2026;10/03/2026;Risolto da Ente Esterno;false;true;AMA;false
CHIAMAROMA 060606;2026;10/03/2026;Risolto da Ente Esterno;false;true;AMA;false
CHIAMAROMA 060606;2026;10/03/2026;Risolto da Ente Esterno;false;true;AMA;false
CHIAMAROMA 060606;2026;10/03/2026;Risolto da Ente Esterno;false;true;AMA;false
CHIAMAROMA 060606;2026;10/03/2026;Risolto da Ente Esterno;false;true;AMA;false
CHIAMAROMA 060606;2026;10/03/2026;Risolto da Ente Esterno;false;true;AMA;false
CHIAMAROMA 060606;2026;10/03/2026;Risolto da Ente Esterno;false;true;AMA;false
CHIAMAROMA 060606;2026;10/03/2026;Risolto da Ente Esterno;false;true;AMA;false
CHIAMAROMA 060606;2026;10/03/2026;Risolto da Ente Esterno;false;true;AMA;false
CHIAMAROMA 060606;2026;10/03/2026;In carico a ente esterno;false;true;POLIZIA LOCALE DI ROMA CAPITALE;true
CHIAMAROMA 060606;2026;10/03/2026;Risolto al secondo livello;false;true;AMA;false
CHIAMAROMA 060606;2026;10/03/2026;In carico a ente esterno;false;true;POLIZIA LOCALE DI ROMA CAPITALE;true
CHIAMAROMA 060606;2026;10/03/2026;In carico a ente esterno;false;true;POLIZIA LOCALE DI ROMA CAPITALE;true
DIPARTIMENTO MOBILITA’ SOSTENIBILE E TRASPORTI;2026;10/03/2026;Risolto al primo livello;false;false;;false
CHIAMAROMA 060606;2026;10/03/2026;In carico a ente esterno;false;true;POLIZIA LOCALE DI ROMA CAPITALE;true
POLIZIA LOCALE DI ROMA CAPITALE;2026;10/03/2026;In carico a ente esterno;false;true;POLIZIA LOCALE DI ROMA CAPITALE;false
CHIAMAROMA 060606;2026;10/03/2026;In carico a ente esterno;false;true;POLIZIA LOCALE DI ROMA CAPITALE;true
CHIAMAROMA 060606;2026;10/03/2026;Risolto al secondo livello;false;false;;false
CHIAMAROMA 060606;2026;10/03/2026;Risolto al secondo livello;true;false;;false
CHIAMAROMA 060606;2026;10/03/2026;In carico a ente esterno;false;true;POLIZIA LOCALE DI ROMA CAPITALE;true
POLIZIA LOCALE (3° Gruppo NOMENTANO);2026;10/03/2026;Risolto al secondo livello;false;false;;false
CHIAMAROMA 060606;2026;10/03/2026;Risolto al secondo livello;false;false;;false
POLIZIA LOCALE (3° Gruppo NOMENTANO);2026;10/03/2026;Risolto al secondo livello;false;false;;false
DIPARTIMENTO TUTELA AMBIENTALE;2026;10/03/2026;Risolto al secondo livello;false;false;;false
CHIAMAROMA 060606;2026;10/03/2026;In carico a ente esterno;false;true;POLIZIA LOCALE DI ROMA CAPITALE;true
CHIAMAROMA 060606;2026;10/03/2026;Risolto al secondo livello;false;false;;false
CHIAMAROMA 060606;2026;10/03/2026;In carico a ente esterno;false;true;POLIZIA LOCALE DI ROMA CAPITALE;true
BACK OFFICE ROMA CAPITALE;2026;10/03/2026;Risolto al primo livello;false;false;;false
CHIAMAROMA 060606;2026;10/03/2026;Risolto al secondo livello;false;false;;false
CHIAMAROMA 060606;2026;10/03/2026;In carico a ente esterno;false;true;POLIZIA LOCALE DI ROMA CAPITALE;true
CHIAMAROMA 060606;2026;10/03/2026;Risolto al secondo livello;false;false;;false
DIPARTIMENTO TUTELA AMBIENTALE;2026;10/03/2026;Risolto al secondo livello;false;false;;false
CHIAMAROMA 060606;2026;10/03/2026;In carico a ente esterno;false;true;POLIZIA LOCALE DI ROMA CAPITALE;true
POLIZIA LOCALE DI ROMA CAPITALE;2026;10/03/2026;In carico a ente esterno;false;true;POLIZIA LOCALE DI ROMA CAPITALE;false
POLIZIA LOCALE DI ROMA CAPITALE;2026;10/03/2026;In carico a ente esterno;false;true;POLIZIA LOCALE DI ROMA CAPITALE;false
POLIZIA LOCALE DI ROMA CAPITALE;2026;10/03/2026;In carico a ente esterno;false;true;POLIZIA LOCALE DI ROMA CAPITALE;false
POLIZIA LOCALE DI ROMA CAPITALE;2026;10/03/2026;In carico a ente esterno;false;true;POLIZIA LOCALE DI ROMA CAPITALE;false
POLIZIA LOCALE DI ROMA CAPITALE;2026;10/03/2026;In carico a ente esterno;false;true;POLIZIA LOCALE DI ROMA CAPITALE;false
CHIAMAROMA 060606;2026;10/03/2026;In carico a ente esterno;false;true;POLIZIA LOCALE DI ROMA CAPITALE;true
DIPARTIMENTO INFRASTRUTTURE E LAVORI PUBBLICI;2026;10/03/2026;Non più necessario;false;false;;false
MUNICIPIO I;2026;10/03/2026;Risolto al primo livello;false;false;;false
CHIAMAROMA 060606;2026;10/03/2026;Risolto al secondo livello;false;false;;false
CHIAMAROMA 060606;2026;10/03/2026;In carico a ente esterno;false;true;POLIZIA LOCALE DI ROMA CAPITALE;true
CHIAMAROMA 060606;2026;10/03/2026;Risolto al secondo livello;false;true;ATAC;false
CHIAMAROMA 060606;2026;10/03/2026;Risolto al secondo livello;false;true;ATAC;false
CHIAMAROMA 060606;2026;10/03/2026;Risolto al secondo livello;false;false;;false
CHIAMAROMA 060606;2026;10/03/2026;Risolto al secondo livello;false;true;ATAC;false
CHIAMAROMA 060606;2026;10/03/2026;In carico a ente esterno;false;true;POLIZIA LOCALE DI ROMA CAPITALE;true
CHIAMAROMA 060606;2026;10/03/2026;In carico a ente esterno;false;true;POLIZIA LOCALE DI ROMA CAPITALE;true
POLIZIA LOCALE (COMANDO GENERALE);2026;10/03/2026;Trasferito telefonicamente a call center esterno o per pronto intervento;false;false;;false
MUNICIPIO IV;2026;10/03/2026;Risolto da Ente Esterno;false;true;AMA;false
CHIAMAROMA 060606;2026;10/03/2026;Risolto da Ente Esterno;false;true;AMA;false
CHIAMAROMA 060606;2026;10/03/2026;Risolto da Ente Esterno;false;true;AMA;false
CHIAMAROMA 060606;2026;10/03/2026;Risolto da Ente Esterno;false;true;AMA;false
CHIAMAROMA 060606;2026;10/03/2026;Risolto da Ente Esterno;false;true;AMA;false
BACK OFFICE ROMA CAPITALE;2026;10/03/2026;Risolto da Ente Esterno;false;true;AMA;false
CHIAMAROMA 060606;2026;10/03/2026;Risolto da Ente Esterno;false;true;AMA;false
CHIAMAROMA 060606;2026;10/03/2026;Risolto da Ente Esterno;false;true;AMA;false
CHIAMAROMA 060606;2026;10/03/2026;Risolto da Ente Esterno;false;true;AMA;false
CHIAMAROMA 060606;2026;10/03/2026;Risolto da Ente Esterno;false;true;AMA;false
CHIAMAROMA 060606;2026;10/03/2026;Risolto da Ente Esterno;false;true;AMA;false
BACK OFFICE ROMA CAPITALE;2026;10/03/2026;Risolto da Ente Esterno;false;true;AMA;false
CHIAMAROMA 060606;2026;10/03/2026;Risolto da Ente Esterno;false;true;AMA;false
CHIAMAROMA 060606;2026;10/03/2026;Risolto da Ente Esterno;false;true;AMA;false
CHIAMAROMA 060606;2026;10/03/2026;Risolto da Ente Esterno;false;true;AMA;false
CHIAMAROMA 060606;2026;10/03/2026;Risolto da Ente Esterno;false;true;AMA;false
CHIAMAROMA 060606;2026;10/03/2026;Risolto da Ente Esterno;false;true;AMA;false
CHIAMAROMA 060606;2026;10/03/2026;Risolto da Ente Esterno;false;true;AMA;false
CHIAMAROMA 060606;2026;10/03/2026;Risolto da Ente Esterno;false;true;AMA;false
CHIAMAROMA 060606;2026;10/03/2026;Risolto da Ente Esterno;false;true;AMA;false
CHIAMAROMA 060606;2026;10/03/2026;In carico a ente esterno;false;true;POLIZIA LOCALE DI ROMA CAPITALE;true
CHIAMAROMA 060606;2026;10/03/2026;Risolto al secondo livello;false;true;AMA;false
CHIAMAROMA 060606;2026;10/03/2026;In carico a ente esterno;false;true;POLIZIA LOCALE DI ROMA CAPITALE;true
CHIAMAROMA 060606;2026;10/03/2026;Risolto al secondo livello;false;true;ATAC;false
CHIAMAROMA 060606;2026;10/03/2026;Risolto al primo livello;false;false;;false
POLIZIA LOCALE DI ROMA CAPITALE;2026;10/03/2026;In carico a ente esterno;false;true;POLIZIA LOCALE DI ROMA CAPITALE;false
POLIZIA LOCALE DI ROMA CAPITALE;2026;10/03/2026;In carico a ente esterno;false;true;POLIZIA LOCALE DI ROMA CAPITALE;false
POLIZIA LOCALE DI ROMA CAPITALE;2026;10/03/2026;In carico a ente esterno;false;true;POLIZIA LOCALE DI ROMA CAPITALE;false
CHIAMAROMA 060606;2026;10/03/2026;Risolto al secondo livello;false;false;;false
CHIAMAROMA 060606;2026;10/03/2026;Risolto al secondo livello;false;true;ATAC;false
CHIAMAROMA 060606;2026;10/03/2026;Risolto al secondo livello;false;true;ATAC;false
CHIAMAROMA 060606;2026;10/03/2026;Risolto al secondo livello;false;true;ATAC;false
CHIAMAROMA 060606;2026;10/03/2026;Risolto al secondo livello;false;true;ATAC;false
CHIAMAROMA 060606;2026;10/03/2026;Risolto al secondo livello;false;true;ATAC;false
CHIAMAROMA 060606;2026;10/03/2026;In carico a ente esterno;false;true;POLIZIA LOCALE DI ROMA CAPITALE;true
CHIAMAROMA 060606;2026;10/03/2026;Risolto al secondo livello;false;true;ATAC;false
;2026;10/03/2026;Risolto al secondo livello;false;false;;false
CHIAMAROMA 060606;2026;10/03/2026;Risolto da Ente Esterno;false;true;AEQUAROMA;false
POLIZIA LOCALE (8° Gruppo TINTORETTO);2026;10/03/2026;Non lavorabile o dati insufficienti;false;false;;false
CHIAMAROMA 060606;2026;10/03/2026;Risolto al secondo livello;false;true;ATAC;false
CHIAMAROMA 060606;2026;10/03/2026;Risolto al secondo livello;false;true;ATAC;false
CHIAMAROMA 060606;2026;10/03/2026;Risolto al primo livello;false;false;;true
CHIAMAROMA 060606;2026;10/03/2026;Mancata risposta del cittadino;false;true;ATAC;false
CHIAMAROMA 060606;2026;10/03/2026;Non lavorabile o dati insufficienti;false;false;;false
CHIAMAROMA 060606;2026;10/03/2026;Risolto al secondo livello;false;false;;false
CHIAMAROMA 060606;2026;10/03/2026;Risolto al secondo livello;false;true;ATAC;false
CHIAMAROMA 060606;2026;10/03/2026;Risolto al secondo livello;false;false;;false
CHIAMAROMA 060606;2026;10/03/2026;Risolto al secondo livello;false;true;ATAC;false
CHIAMAROMA 060606;2026;10/03/2026;Risolto al primo livello;false;false;;false
CHIAMAROMA 060606;2026;10/03/2026;In carico a ente esterno;false;true;POLIZIA LOCALE DI ROMA CAPITALE;true
CHIAMAROMA 060606;2026;10/03/2026;Risolto al secondo livello;false;false;;false
CHIAMAROMA 060606;2026;10/03/2026;Risolto al secondo livello;false;true;ATAC;false
CHIAMAROMA 060606;2026;10/03/2026;In carico a ente esterno;false;true;POLIZIA LOCALE DI ROMA CAPITALE;true
CHIAMAROMA 060606;2026;10/03/2026;In carico a ente esterno;false;true;POLIZIA LOCALE DI ROMA CAPITALE;true
CHIAMAROMA 060606;2026;10/03/2026;Risolto al primo livello;false;false;;false
CHIAMAROMA 060606;2026;10/03/2026;In carico a ente esterno;false;true;POLIZIA LOCALE DI ROMA CAPITALE;true
CHIAMAROMA 060606;2026;10/03/2026;Risolto al secondo livello;false;true;AMA;false
CHIAMAROMA 060606;2026;10/03/2026;In carico a ente esterno;false;true;POLIZIA LOCALE DI ROMA CAPITALE;true
CHIAMAROMA 060606;2026;10/03/2026;Risolto da Ente Esterno;false;true;AEQUAROMA;false
POLIZIA LOCALE (3° Gruppo NOMENTANO);2026;10/03/2026;Risolto al secondo livello;false;false;;false
MUNICIPIO V;2026;10/03/2026;Risolto al secondo livello;false;false;;false
POLIZIA LOCALE DI ROMA CAPITALE;2026;10/03/2026;In carico a ente esterno;false;true;POLIZIA LOCALE DI ROMA CAPITALE;false
CHIAMAROMA 060606;2026;10/03/2026;Risolto al secondo livello;false;false;;false
CHIAMAROMA 060606;2026;10/03/2026;Risolto al secondo livello;false;true;AMA;false
CHIAMAROMA 060606;2026;10/03/2026;In carico a ente esterno;false;true;POLIZIA LOCALE DI ROMA CAPITALE;true
CHIAMAROMA 060606;2026;10/03/2026;Risolto al secondo livello;false;false;;false
BACK OFFICE ROMA CAPITALE;2026;10/03/2026;Risolto al primo livello;false;false;;false
POLIZIA LOCALE (8° Gruppo TINTORETTO);2026;10/03/2026;Risolto al secondo livello;false;false;;false
CHIAMAROMA 060606;2026;10/03/2026;Risolto al secondo livello;false;false;;false
CHIAMAROMA 060606;2026;10/03/2026;Non di competenza di Roma Capitale o enti controllati;false;false;;false
CHIAMAROMA 060606;2026;10/03/2026;Risolto al secondo livello;false;false;;false
CHIAMAROMA 060606;2026;10/03/2026;In carico a ente esterno;false;true;POLIZIA LOCALE DI ROMA CAPITALE;true
CHIAMAROMA 060606;2026;10/03/2026;Risolto al secondo livello;false;false;;false
CHIAMAROMA 060606;2026;10/03/2026;Risolto al secondo livello;false;false;;false
CHIAMAROMA 060606;2026;10/03/2026;Risolto al secondo livello;false;false;;false
CHIAMAROMA 060606;2026;10/03/2026;In carico a ente esterno;false;true;POLIZIA LOCALE DI ROMA CAPITALE;true
DIPARTIMENTO MOBILITA’ SOSTENIBILE E TRASPORTI;2026;10/03/2026;Non lavorabile o dati insufficienti;false;false;;false
CHIAMAROMA 060606;2026;10/03/2026;Risolto al secondo livello;false;false;;false
MUNICIPIO IX;2026;10/03/2026;Non lavorabile o dati insufficienti;false;false;;false
CHIAMAROMA 060606;2026;10/03/2026;Risolto al secondo livello;false;false;;false
CHIAMAROMA 060606;2026;10/03/2026;Risolto al secondo livello;false;false;;false
ATAC;2026;10/03/2026;Risolto al secondo livello;false;false;;false
CHIAMAROMA 060606;2026;10/03/2026;Non più necessario;false;false;;false
CHIAMAROMA 060606;2026;10/03/2026;Risolto al secondo livello;false;false;;false
CHIAMAROMA 060606;2026;10/03/2026;In carico a ente esterno;false;true;POLIZIA LOCALE DI ROMA CAPITALE;true
CHIAMAROMA 060606;2026;10/03/2026;Risolto al secondo livello;false;false;;false
POLIZIA LOCALE DI ROMA CAPITALE;2026;10/03/2026;In carico a ente esterno;false;true;POLIZIA LOCALE DI ROMA CAPITALE;false
CHIAMAROMA 060606;2026;10/03/2026;In carico a ente esterno;false;true;POLIZIA LOCALE DI ROMA CAPITALE;true
GABINETTO DEL SINDACO;2026;10/03/2026;Risolto al secondo livello;false;false;;false
CHIAMAROMA 060606;2026;10/03/2026;Risolto al secondo livello;false;false;;false
GABINETTO DEL SINDACO;2026;10/03/2026;Risolto al secondo livello;false;false;;false
MUNICIPIO XI;2026;10/03/2026;Non lavorabile o dati insufficienti;false;false;;false
CHIAMAROMA 060606;2026;10/03/2026;Risolto al secondo livello;false;false;;false
CHIAMAROMA 060606;2026;10/03/2026;In carico a ente esterno;false;true;POLIZIA LOCALE DI ROMA CAPITALE;true
MUNICIPIO XIV;2026;10/03/2026;Risolto al secondo livello;false;false;;false
CHIAMAROMA 060606;2026;10/03/2026;In carico a ente esterno;false;true;POLIZIA LOCALE DI ROMA CAPITALE;true
CHIAMAROMA 060606;2026;10/03/2026;Risolto al secondo livello;false;false;;false
CHIAMAROMA 060606;2026;10/03/2026;In carico a ente esterno;false;true;POLIZIA LOCALE DI ROMA CAPITALE;true
GABINETTO DEL SINDACO;2026;10/03/2026;Risolto al secondo livello;false;false;;false
CHIAMAROMA 060606;2026;10/03/2026;Risolto al secondo livello;false;false;;false
CHIAMAROMA 060606;2026;10/03/2026;In carico a ente esterno;false;true;POLIZIA LOCALE DI ROMA CAPITALE;true
GABINETTO DEL SINDACO;2026;10/03/2026;Risolto al secondo livello;false;false;;false
CHIAMAROMA 060606;2026;10/03/2026;Risolto al secondo livello;false;false;;false
CHIAMAROMA 060606;2026;10/03/2026;Risolto al secondo livello;false;false;;false
GABINETTO DEL SINDACO;2026;10/03/2026;Risolto al secondo livello;false;false;;false
CHIAMAROMA 060606;2026;10/03/2026;Risolto al secondo livello;false;false;;false
AMA;2026;10/03/2026;Risolto da Ente Esterno;false;true;AMA;false
CHIAMAROMA 060606;2026;10/03/2026;Risolto da Ente Esterno;false;true;AMA;false
CHIAMAROMA 060606;2026;10/03/2026;Risolto da Ente Esterno;false;true;AMA;false
CHIAMAROMA 060606;2026;10/03/2026;Risolto da Ente Esterno;false;true;AMA;false
CHIAMAROMA 060606;2026;10/03/2026;Risolto da Ente Esterno;false;true;AMA;false
CHIAMAROMA 060606;2026;10/03/2026;Risolto da Ente Esterno;false;true;AMA;false
CHIAMAROMA 060606;2026;10/03/2026;Risolto da Ente Esterno;false;true;AMA;false
CHIAMAROMA 060606;2026;10/03/2026;Risolto da Ente Esterno;false;true;AMA;false
CHIAMAROMA 060606;2026;10/03/2026;Risolto da Ente Esterno;false;true;AMA;false
CHIAMAROMA 060606;2026;10/03/2026;Risolto da Ente Esterno;false;true;AMA;false
CHIAMAROMA 060606;2026;10/03/2026;Risolto da Ente Esterno;false;true;AMA;false
CHIAMAROMA 060606;2026;10/03/2026;Risolto da Ente Esterno;false;true;AMA;false
CHIAMAROMA 060606;2026;10/03/2026;Risolto da Ente Esterno;false;true;AMA;false
CHIAMAROMA 060606;2026;10/03/2026;Risolto da Ente Esterno;false;true;AMA;false
CHIAMAROMA 060606;2026;10/03/2026;Risolto da Ente Esterno;false;true;AMA;false
CHIAMAROMA 060606;2026;10/03/2026;Risolto da Ente Esterno;false;true;AMA;false
CHIAMAROMA 060606;2026;10/03/2026;Risolto da Ente Esterno;false;true;AMA;false
CHIAMAROMA 060606;2026;10/03/2026;Risolto da Ente Esterno;false;true;AMA;false
CHIAMAROMA 060606;2026;10/03/2026;Risolto da Ente Esterno;false;true;AMA;false
BACK OFFICE ROMA CAPITALE;2026;10/03/2026;Risolto da Ente Esterno;false;true;AMA;false
CHIAMAROMA 060606;2026;10/03/2026;Risolto da Ente Esterno;false;true;AMA;false
CHIAMAROMA 060606;2026;10/03/2026;Risolto da Ente Esterno;false;true;AMA;false
CHIAMAROMA 060606;2026;10/03/2026;Risolto da Ente Esterno;false;true;AMA;false
CHIAMAROMA 060606;2026;10/03/2026;Risolto da Ente Esterno;false;true;AMA;false
CHIAMAROMA 060606;2026;10/03/2026;Risolto da Ente Esterno;false;true;AMA;false
CHIAMAROMA 060606;2026;10/03/2026;Risolto da Ente Esterno;false;true;AMA;false
CHIAMAROMA 060606;2026;10/03/2026;In carico a ente esterno;false;true;POLIZIA LOCALE DI ROMA CAPITALE;true
POLIZIA LOCALE DI ROMA CAPITALE;2026;10/03/2026;In carico a ente esterno;false;true;POLIZIA LOCALE DI ROMA CAPITALE;false
POLIZIA LOCALE DI ROMA CAPITALE;2026;10/03/2026;In carico a ente esterno;false;true;POLIZIA LOCALE DI ROMA CAPITALE;false
POLIZIA LOCALE DI ROMA CAPITALE;2026;10/03/2026;In carico a ente esterno;false;true;POLIZIA LOCALE DI ROMA CAPITALE;false
POLIZIA LOCALE DI ROMA CAPITALE;2026;10/03/2026;In carico a ente esterno;false;true;POLIZIA LOCALE DI ROMA CAPITALE;false
POLIZIA LOCALE DI ROMA CAPITALE;2026;10/03/2026;In carico a ente esterno;false;true;POLIZIA LOCALE DI ROMA CAPITALE;false
POLIZIA LOCALE DI ROMA CAPITALE;2026;10/03/2026;In carico a ente esterno;false;true;POLIZIA LOCALE DI ROMA CAPITALE;false
CHIAMAROMA 060606;2026;10/03/2026;Risolto al secondo livello;false;true;AMA;false
DIPARTIMENTO TUTELA AMBIENTALE;2026;10/03/2026;Risolto al secondo livello;false;false;;false
CHIAMAROMA 060606;2026;10/03/2026;In carico a ente esterno;false;true;POLIZIA LOCALE DI ROMA CAPITALE;true
DIPARTIMENTO TUTELA AMBIENTALE;2026;10/03/2026;Risolto al secondo livello;false;false;;false
MUNICIPIO I;2026;10/03/2026;Non più necessario;false;false;;true
CHIAMAROMA 060606;2026;10/03/2026;In carico a ente esterno;false;true;POLIZIA LOCALE DI ROMA CAPITALE;true
CHIAMAROMA 060606;2026;10/03/2026;Risolto al secondo livello;false;false;;false
CHIAMAROMA 060606;2026;10/03/2026;In carico a ente esterno;false;true;POLIZIA LOCALE DI ROMA CAPITALE;true
CHIAMAROMA 060606;2026;10/03/2026;In carico a ente esterno;false;true;POLIZIA LOCALE DI ROMA CAPITALE;true
POLIZIA LOCALE DI ROMA CAPITALE;2026;10/03/2026;In carico a ente esterno;false;true;POLIZIA LOCALE DI ROMA CAPITALE;false
POLIZIA LOCALE DI ROMA CAPITALE;2026;10/03/2026;In carico a ente esterno;false;true;POLIZIA LOCALE DI ROMA CAPITALE;false
POLIZIA LOCALE DI ROMA CAPITALE;2026;10/03/2026;In carico a ente esterno;false;true;POLIZIA LOCALE DI ROMA CAPITALE;false
POLIZIA LOCALE DI ROMA CAPITALE;2026;10/03/2026;In carico a ente esterno;false;true;POLIZIA LOCALE DI ROMA CAPITALE;false
DIPARTIMENTO SVILUPPO ECONOMICO E ATTIVITA’ PRODUTTIVE;2026;10/03/2026;Risolto al secondo livello;false;false;;false
DIPARTIMENTO SVILUPPO ECONOMICO E ATTIVITA’ PRODUTTIVE;2026;10/03/2026;Risolto al secondo livello;false;false;;false
MUNICIPIO IX;2026;10/03/2026;Risolto al secondo livello;false;false;;false
MUNICIPIO II;2026;10/03/2026;Risolto al secondo livello;false;false;;false
CHIAMAROMA 060606;2026;10/03/2026;In carico a ente esterno;false;true;POLIZIA LOCALE DI ROMA CAPITALE;true
CHIAMAROMA 060606;2026;10/03/2026;Risolto al secondo livello;false;false;;false
BACK OFFICE ROMA CAPITALE;2026;10/03/2026;In carico a ente esterno;false;true;POLIZIA LOCALE DI ROMA CAPITALE;false
CHIAMAROMA 060606;2026;10/03/2026;In carico a ente esterno;false;true;POLIZIA LOCALE DI ROMA CAPITALE;true
BACK OFFICE ROMA CAPITALE;2026;10/03/2026;In carico a ente esterno;false;true;POLIZIA LOCALE DI ROMA CAPITALE;false
CHIAMAROMA 060606;2026;10/03/2026;Risolto al secondo livello;false;false;;false
BACK OFFICE ROMA CAPITALE;2026;10/03/2026;In carico a ente esterno;false;true;POLIZIA LOCALE DI ROMA CAPITALE;false
BACK OFFICE ROMA CAPITALE;2026;10/03/2026;In carico a ente esterno;false;true;POLIZIA LOCALE DI ROMA CAPITALE;false
CHIAMAROMA 060606;2026;10/03/2026;Risolto al secondo livello;false;false;;false
CHIAMAROMA 060606;2026;10/03/2026;Risolto al primo livello;false;false;;false
CHIAMAROMA 060606;2026;10/03/2026;Risolto al secondo livello;false;false;;false
BACK OFFICE ROMA CAPITALE;2026;10/03/2026;In carico a ente esterno;false;true;POLIZIA LOCALE DI ROMA CAPITALE;false
CHIAMAROMA 060606;2026;10/03/2026;Risolto al primo livello;false;false;;false
CHIAMAROMA 060606;2026;10/03/2026;Risolto al primo livello;false;false;;false
CHIAMAROMA 060606;2026;10/03/2026;Risolto al primo livello;false;false;;false
MUNICIPIO III;2026;10/03/2026;Risolto al secondo livello;false;false;;false
CHIAMAROMA 060606;2026;10/03/2026;Risolto al primo livello;false;false;;false
CHIAMAROMA 060606;2026;10/03/2026;Risolto al secondo livello;false;false;;false
CHIAMAROMA 060606;2026;10/03/2026;Risolto al secondo livello;false;false;;false
CHIAMAROMA 060606;2026;10/03/2026;Risolto al secondo livello;false;false;;false
CHIAMAROMA 060606;2026;10/03/2026;Risolto al primo livello;false;false;;false
CHIAMAROMA 060606;2026;10/03/2026;Risolto al secondo livello;false;false;;false
MUNICIPIO III;2026;10/03/2026;Risolto al secondo livello;false;false;;false
MUNICIPIO VII;2026;10/03/2026;Risolto al secondo livello;false;false;;false
CHIAMAROMA 060606;2026;10/03/2026;Risolto al secondo livello;false;false;;false
CHIAMAROMA 060606;2026;10/03/2026;Risolto al secondo livello;false;false;;false
CHIAMAROMA 060606;2026;10/03/2026;Risolto al secondo livello;false;false;;false
CHIAMAROMA 060606;2026;10/03/2026;Risolto al secondo livello;false;false;;false
CHIAMAROMA 060606;2026;10/03/2026;Risolto al secondo livello;false;true;AMA;false
CHIAMAROMA 060606;2026;10/03/2026;Risolto al secondo livello;false;true;AMA;false
CHIAMAROMA 060606;2026;10/03/2026;Risolto al primo livello;false;false;;false
CHIAMAROMA 060606;2026;10/03/2026;Risolto al primo livello;false;false;;false
CHIAMAROMA 060606;2026;10/03/2026;Risolto al secondo livello;false;true;AMA;false
CHIAMAROMA 060606;2026;10/03/2026;Risolto al secondo livello;false;true;AMA;false
CHIAMAROMA 060606;2026;10/03/2026;Risolto al primo livello;false;false;;false
CHIAMAROMA 060606;2026;10/03/2026;Risolto al primo livello;false;false;;false
CHIAMAROMA 060606;2026;10/03/2026;Risolto al secondo livello;false;true;AMA;false
CHIAMAROMA 060606;2026;10/03/2026;Risolto al secondo livello;false;true;AMA;false
CHIAMAROMA 060606;2026;10/03/2026;Risolto al secondo livello;false;false;;false
CHIAMAROMA 060606;2026;10/03/2026;Risolto al secondo livello;false;true;AMA;false
CHIAMAROMA 060606;2026;10/03/2026;Risolto al secondo livello;false;true;AMA;false
CHIAMAROMA 060606;2026;10/03/2026;Risolto al secondo livello;false;true;AMA;false
CHIAMAROMA 060606;2026;10/03/2026;Risolto al secondo livello;false;true;AMA;false
CHIAMAROMA 060606;2026;10/03/2026;Risolto al secondo livello;false;true;AMA;false
CHIAMAROMA 060606;2026;10/03/2026;Risolto al secondo livello;false;true;AMA;false
CHIAMAROMA 060606;2026;10/03/2026;Risolto al secondo livello;false;false;;false
CHIAMAROMA 060606;2026;10/03/2026;Risolto al secondo livello;false;true;AMA;false
CHIAMAROMA 060606;2026;10/03/2026;Risolto al secondo livello;false;false;;false
CHIAMAROMA 060606;2026;10/03/2026;Risolto al secondo livello;false;true;AMA;false
CHIAMAROMA 060606;2026;10/03/2026;Risolto al secondo livello;false;true;AMA;false
CHIAMAROMA 060606;2026;10/03/2026;Risolto al secondo livello;false;false;;false
CHIAMAROMA 060606;2026;10/03/2026;Risolto al secondo livello;false;false;;false
MUNICIPIO IX;2026;10/03/2026;Risolto al secondo livello;false;false;;false
MUNICIPIO IX;2026;10/03/2026;Risolto al secondo livello;false;false;;false
POLIZIA LOCALE DI ROMA CAPITALE;2026;10/03/2026;In carico a ente esterno;false;true;POLIZIA LOCALE DI ROMA CAPITALE;false
POLIZIA LOCALE DI ROMA CAPITALE;2026;10/03/2026;In carico a ente esterno;false;true;POLIZIA LOCALE DI ROMA CAPITALE;false
POLIZIA LOCALE DI ROMA CAPITALE;2026;10/03/2026;In carico a ente esterno;false;true;POLIZIA LOCALE DI ROMA CAPITALE;false
GABINETTO DEL SINDACO;2026;10/03/2026;In carico a ente esterno;false;true;POLIZIA LOCALE DI ROMA CAPITALE;false
CHIAMAROMA 060606;2026;10/03/2026;In carico a ente esterno;false;true;POLIZIA LOCALE DI ROMA CAPITALE;true
CHIAMAROMA 060606;2026;10/03/2026;In carico a ente esterno;false;true;POLIZIA LOCALE DI ROMA CAPITALE;true
CHIAMAROMA 060606;2026;10/03/2026;Risolto al secondo livello;false;false;;false
CHIAMAROMA 060606;2026;10/03/2026;In carico a ente esterno;false;true;POLIZIA LOCALE DI ROMA CAPITALE;true
CHIAMAROMA 060606;2026;10/03/2026;Risolto al secondo livello;false;false;;false
CHIAMAROMA 060606;2026;10/03/2026;In carico a ente esterno;false;true;POLIZIA LOCALE DI ROMA CAPITALE;true
CHIAMAROMA 060606;2026;10/03/2026;In carico a ente esterno;false;true;POLIZIA LOCALE DI ROMA CAPITALE;true
CHIAMAROMA 060606;2026;10/03/2026;In carico a ente esterno;false;true;POLIZIA LOCALE DI ROMA CAPITALE;true
CHIAMAROMA 060606;2026;10/03/2026;Risolto da Ente Esterno;false;true;AMA;false
CHIAMAROMA 060606;2026;10/03/2026;Risolto da Ente Esterno;false;true;AMA;false
CHIAMAROMA 060606;2026;10/03/2026;Risolto da Ente Esterno;false;true;AMA;false
CHIAMAROMA 060606;2026;10/03/2026;Risolto da Ente Esterno;false;true;AMA;false
CHIAMAROMA 060606;2026;10/03/2026;Risolto da Ente Esterno;false;true;AMA;false
CHIAMAROMA 060606;2026;10/03/2026;Risolto da Ente Esterno;false;true;AMA;false
CHIAMAROMA 060606;2026;10/03/2026;Risolto da Ente Esterno;false;true;AMA;false
CHIAMAROMA 060606;2026;10/03/2026;Risolto da Ente Esterno;false;true;AMA;false
CHIAMAROMA 060606;2026;10/03/2026;Risolto da Ente Esterno;false;true;AMA;false
CHIAMAROMA 060606;2026;10/03/2026;Risolto da Ente Esterno;false;true;AMA;false
CHIAMAROMA 060606;2026;10/03/2026;Risolto da Ente Esterno;false;true;AMA;false
CHIAMAROMA 060606;2026;10/03/2026;Risolto da Ente Esterno;false;true;AMA;false
CHIAMAROMA 060606;2026;10/03/2026;Risolto da Ente Esterno;false;true;AMA;false
CHIAMAROMA 060606;2026;10/03/2026;Risolto da Ente Esterno;false;true;AMA;false
CHIAMAROMA 060606;2026;10/03/2026;Risolto da Ente Esterno;false;true;AMA;false
CHIAMAROMA 060606;2026;10/03/2026;Risolto da Ente Esterno;false;true;AMA;false
BACK OFFICE ROMA CAPITALE;2026;10/03/2026;Risolto da Ente Esterno;false;true;AMA;false
CHIAMAROMA 060606;2026;10/03/2026;Risolto da Ente Esterno;false;true;AMA;false
CHIAMAROMA 060606;2026;10/03/2026;Risolto da Ente Esterno;false;true;AMA;false
CHIAMAROMA 060606;2026;10/03/2026;Risolto da Ente Esterno;false;true;AMA;false
CHIAMAROMA 060606;2026;10/03/2026;Risolto da Ente Esterno;false;true;AMA;false
CHIAMAROMA 060606;2026;10/03/2026;Risolto da Ente Esterno;false;true;AMA;false
CHIAMAROMA 060606;2026;10/03/2026;Risolto da Ente Esterno;false;true;AMA;false
CHIAMAROMA 060606;2026;10/03/2026;Risolto da Ente Esterno;false;true;AMA;false
CHIAMAROMA 060606;2026;10/03/2026;Risolto da Ente Esterno;false;true;AMA;false
AMA;2026;10/03/2026;Risolto da Ente Esterno;false;true;AMA;false
CHIAMAROMA 060606;2026;10/03/2026;Risolto da Ente Esterno;false;true;AMA;false
CHIAMAROMA 060606;2026;10/03/2026;Risolto da Ente Esterno;false;true;AMA;false
CHIAMAROMA 060606;2026;10/03/2026;Risolto da Ente Esterno;false;true;AMA;false
CHIAMAROMA 060606;2026;10/03/2026;Risolto da Ente Esterno;false;true;AMA;false
MUNICIPIO XIII;2026;10/03/2026;Risolto al secondo livello;false;false;;false
POLIZIA LOCALE DI ROMA CAPITALE;2026;10/03/2026;In carico a ente esterno;false;true;POLIZIA LOCALE DI ROMA CAPITALE;false
POLIZIA LOCALE DI ROMA CAPITALE;2026;10/03/2026;In carico a ente esterno;false;true;POLIZIA LOCALE DI ROMA CAPITALE;false
CHIAMAROMA 060606;2026;10/03/2026;Risolto al primo livello;false;false;;true
CHIAMAROMA 060606;2026;10/03/2026;In carico a ente esterno;false;true;POLIZIA LOCALE DI ROMA CAPITALE;true
CHIAMAROMA 060606;2026;10/03/2026;Risolto al primo livello;false;false;;true
CHIAMAROMA 060606;2026;10/03/2026;Risolto al secondo livello;false;false;;false
CHIAMAROMA 060606;2026;10/03/2026;Risolto al secondo livello;false;false;;false
CHIAMAROMA 060606;2026;10/03/2026;In carico a ente esterno;false;true;POLIZIA LOCALE DI ROMA CAPITALE;true
CHIAMAROMA 060606;2026;10/03/2026;In carico a ente esterno;false;true;POLIZIA LOCALE DI ROMA CAPITALE;true
MUNICIPIO X;2026;10/03/2026;Risolto al secondo livello;false;false;;false
POLIZIA LOCALE DI ROMA CAPITALE;2026;10/03/2026;In carico a ente esterno;false;true;POLIZIA LOCALE DI ROMA CAPITALE;false
CHIAMAROMA 060606;2026;10/03/2026;In carico a ente esterno;false;true;POLIZIA LOCALE DI ROMA CAPITALE;true
CHIAMAROMA 060606;2026;10/03/2026;In carico a ente esterno;false;true;POLIZIA LOCALE DI ROMA CAPITALE;true
CHIAMAROMA 060606;2026;10/03/2026;Risolto al primo livello;false;false;;true
CHIAMAROMA 060606;2026;10/03/2026;Risolto al secondo livello;false;false;;false
POLIZIA LOCALE (8° Gruppo TINTORETTO);2026;10/03/2026;Risolto al secondo livello;false;false;;false
MUNICIPIO X;2026;10/03/2026;Risolto al secondo livello;false;false;;false
CHIAMAROMA 060606;2026;10/03/2026;In carico a ente esterno;false;true;POLIZIA LOCALE DI ROMA CAPITALE;true
CHIAMAROMA 060606;2026;10/03/2026;Risolto al secondo livello;false;false;;false
CHIAMAROMA 060606;2026;10/03/2026;In carico a ente esterno;false;true;POLIZIA LOCALE DI ROMA CAPITALE;true
CHIAMAROMA 060606;2026;10/03/2026;In carico a ente esterno;false;true;POLIZIA LOCALE DI ROMA CAPITALE;true
CHIAMAROMA 060606;2026;10/03/2026;In carico a ente esterno;false;true;POLIZIA LOCALE DI ROMA CAPITALE;true
POLIZIA LOCALE DI ROMA CAPITALE;2026;10/03/2026;In carico a ente esterno;false;true;POLIZIA LOCALE DI ROMA CAPITALE;false
POLIZIA LOCALE DI ROMA CAPITALE;2026;10/03/2026;In carico a ente esterno;false;true;POLIZIA LOCALE DI ROMA CAPITALE;false
CHIAMAROMA 060606;2026;10/03/2026;In carico a ente esterno;false;true;POLIZIA LOCALE DI ROMA CAPITALE;true
CHIAMAROMA 060606;2026;10/03/2026;In carico a ente esterno;false;true;POLIZIA LOCALE DI ROMA CAPITALE;true
CHIAMAROMA 060606;2026;10/03/2026;In carico a ente esterno;false;true;POLIZIA LOCALE DI ROMA CAPITALE;true
CHIAMAROMA 060606;2026;10/03/2026;Risolto al secondo livello;false;true;TPL (BIS);false
CHIAMAROMA 060606;2026;10/03/2026;Risolto da Ente Esterno;false;true;AMA;false
CHIAMAROMA 060606;2026;10/03/2026;Risolto da Ente Esterno;false;true;AMA;false
MUNICIPIO VII;2026;10/03/2026;Risolto da Ente Esterno;false;true;AMA;false
CHIAMAROMA 060606;2026;10/03/2026;Risolto da Ente Esterno;false;true;AMA;false
CHIAMAROMA 060606;2026;10/03/2026;In carico a ente esterno;false;true;POLIZIA LOCALE DI ROMA CAPITALE;true
POLIZIA LOCALE DI ROMA CAPITALE;2026;10/03/2026;In carico a ente esterno;false;true;POLIZIA LOCALE DI ROMA CAPITALE;false
CHIAMAROMA 060606;2026;10/03/2026;In carico a ente esterno;false;true;POLIZIA LOCALE DI ROMA CAPITALE;true
CHIAMAROMA 060606;2026;10/03/2026;In carico a ente esterno;false;true;POLIZIA LOCALE DI ROMA CAPITALE;true
POLIZIA LOCALE DI ROMA CAPITALE;2026;10/03/2026;Risolto al secondo livello;false;false;;false
CHIAMAROMA 060606;2026;10/03/2026;In carico a ente esterno;false;true;POLIZIA LOCALE DI ROMA CAPITALE;true
POLIZIA LOCALE DI ROMA CAPITALE;2026;10/03/2026;In carico a ente esterno;false;true;POLIZIA LOCALE DI ROMA CAPITALE;false
POLIZIA LOCALE DI ROMA CAPITALE;2026;10/03/2026;In carico a ente esterno;false;true;POLIZIA LOCALE DI ROMA CAPITALE;false
POLIZIA LOCALE DI ROMA CAPITALE;2026;10/03/2026;In carico a ente esterno;false;true;POLIZIA LOCALE DI ROMA CAPITALE;false
CHIAMAROMA 060606;2026;10/03/2026;In carico a ente esterno;false;true;POLIZIA LOCALE DI ROMA CAPITALE;true
POLIZIA LOCALE DI ROMA CAPITALE;2026;10/03/2026;In carico a ente esterno;false;true;POLIZIA LOCALE DI ROMA CAPITALE;false
POLIZIA LOCALE DI ROMA CAPITALE;2026;10/03/2026;In carico a ente esterno;false;true;POLIZIA LOCALE DI ROMA CAPITALE;false
POLIZIA LOCALE DI ROMA CAPITALE;2026;10/03/2026;In carico a ente esterno;false;true;POLIZIA LOCALE DI ROMA CAPITALE;false
POLIZIA LOCALE DI ROMA CAPITALE;2026;10/03/2026;In carico a ente esterno;false;true;POLIZIA LOCALE DI ROMA CAPITALE;false
POLIZIA LOCALE DI ROMA CAPITALE;2026;10/03/2026;In carico a ente esterno;false;true;POLIZIA LOCALE DI ROMA CAPITALE;false
POLIZIA LOCALE DI ROMA CAPITALE;2026;10/03/2026;In carico a ente esterno;false;true;POLIZIA LOCALE DI ROMA CAPITALE;false
CHIAMAROMA 060606;2026;10/03/2026;Risolto da Ente Esterno;false;true;AMA;false
CHIAMAROMA 060606;2026;10/03/2026;Risolto da Ente Esterno;false;true;AMA;false
POLIZIA LOCALE DI ROMA CAPITALE;2026;10/03/2026;In carico a ente esterno;false;true;POLIZIA LOCALE DI ROMA CAPITALE;false
POLIZIA LOCALE DI ROMA CAPITALE;2026;10/03/2026;In carico a ente esterno;false;true;POLIZIA LOCALE DI ROMA CAPITALE;false
CHIAMAROMA 060606;2026;10/03/2026;In carico a ente esterno;false;true;POLIZIA LOCALE DI ROMA CAPITALE;true
POLIZIA LOCALE DI ROMA CAPITALE;2026;10/03/2026;In carico a ente esterno;false;true;POLIZIA LOCALE DI ROMA CAPITALE;false
POLIZIA LOCALE DI ROMA CAPITALE;2026;10/03/2026;In carico a ente esterno;false;true;POLIZIA LOCALE DI ROMA CAPITALE;false
POLIZIA LOCALE DI ROMA CAPITALE;2026;10/03/2026;In carico a ente esterno;false;true;POLIZIA LOCALE DI ROMA CAPITALE;false
POLIZIA LOCALE DI ROMA CAPITALE;2026;10/03/2026;In carico a ente esterno;false;true;POLIZIA LOCALE DI ROMA CAPITALE;false
POLIZIA LOCALE DI ROMA CAPITALE;2026;10/03/2026;In carico a ente esterno;false;true;POLIZIA LOCALE DI ROMA CAPITALE;false
POLIZIA LOCALE DI ROMA CAPITALE;2026;10/03/2026;In carico a ente esterno;false;true;POLIZIA LOCALE DI ROMA CAPITALE;false
POLIZIA LOCALE DI ROMA CAPITALE;2026;10/03/2026;In carico a ente esterno;false;true;POLIZIA LOCALE DI ROMA CAPITALE;false
MUNICIPIO IX;2026;11/03/2026;Risolto da Ente Esterno;false;true;AMA;false
CHIAMAROMA 060606;2026;11/03/2026;Risolto da Ente Esterno;false;true;AMA;false
CHIAMAROMA 060606;2026;11/03/2026;Risolto da Ente Esterno;false;true;AMA;false
CHIAMAROMA 060606;2026;11/03/2026;Risolto da Ente Esterno;false;true;AMA;false
CHIAMAROMA 060606;2026;11/03/2026;Risolto da Ente Esterno;false;true;AMA;false
CHIAMAROMA 060606;2026;11/03/2026;Risolto da Ente Esterno;false;true;AMA;false
CHIAMAROMA 060606;2026;11/03/2026;Risolto da Ente Esterno;false;true;AMA;false
CHIAMAROMA 060606;2026;11/03/2026;Risolto da Ente Esterno;false;true;AMA;false
CHIAMAROMA 060606;2026;11/03/2026;Risolto da Ente Esterno;false;true;AMA;false
CHIAMAROMA 060606;2026;11/03/2026;Risolto da Ente Esterno;false;true;AMA;false
CHIAMAROMA 060606;2026;11/03/2026;Risolto da Ente Esterno;false;true;AMA;false
AMA;2026;11/03/2026;Risolto da Ente Esterno;false;true;AMA;false
CHIAMAROMA 060606;2026;11/03/2026;Risolto da Ente Esterno;false;true;AMA;false
AMA;2026;11/03/2026;Risolto da Ente Esterno;false;true;AMA;false
CHIAMAROMA 060606;2026;11/03/2026;Risolto da Ente Esterno;false;true;AMA;false
CHIAMAROMA 060606;2026;11/03/2026;Risolto da Ente Esterno;false;true;AMA;false
CHIAMAROMA 060606;2026;11/03/2026;Risolto al primo livello;false;false;;false
CHIAMAROMA 060606;2026;11/03/2026;Risolto al primo livello;false;false;;false
MUNICIPIO I;2026;11/03/2026;Risolto da Ente Esterno;false;true;AMA;false
CHIAMAROMA 060606;2026;11/03/2026;Risolto da Ente Esterno;false;true;AMA;false
CHIAMAROMA 060606;2026;11/03/2026;Risolto da Ente Esterno;false;true;AMA;false
CHIAMAROMA 060606;2026;11/03/2026;Risolto da Ente Esterno;false;true;AMA;false
CHIAMAROMA 060606;2026;11/03/2026;Risolto da Ente Esterno;false;true;AMA;false
CHIAMAROMA 060606;2026;11/03/2026;Risolto da Ente Esterno;false;true;AMA;false
CHIAMAROMA 060606;2026;11/03/2026;Risolto da Ente Esterno;false;true;AMA;false
CHIAMAROMA 060606;2026;11/03/2026;In carico a ente esterno;false;true;POLIZIA LOCALE DI ROMA CAPITALE;true
POLIZIA LOCALE DI ROMA CAPITALE;2026;11/03/2026;In carico a ente esterno;false;true;POLIZIA LOCALE DI ROMA CAPITALE;false
POLIZIA LOCALE DI ROMA CAPITALE;2026;11/03/2026;In carico a ente esterno;false;true;POLIZIA LOCALE DI ROMA CAPITALE;false
POLIZIA LOCALE DI ROMA CAPITALE;2026;11/03/2026;In carico a ente esterno;false;true;POLIZIA LOCALE DI ROMA CAPITALE;false
CHIAMAROMA 060606;2026;11/03/2026;Risolto al secondo livello;false;true;AMA;false
CHIAMAROMA 060606;2026;11/03/2026;Risolto al secondo livello;false;true;AMA;false
CHIAMAROMA 060606;2026;11/03/2026;Risolto al primo livello;false;false;;false
CHIAMAROMA 060606;2026;11/03/2026;Risolto al secondo livello;false;true;AMA;false
CHIAMAROMA 060606;2026;11/03/2026;Risolto al secondo livello;false;true;AMA;false
CHIAMAROMA 060606;2026;11/03/2026;Risolto al secondo livello;false;true;AMA;false
CHIAMAROMA 060606;2026;11/03/2026;Risolto al secondo livello;false;true;AMA;false
CHIAMAROMA 060606;2026;11/03/2026;In carico a ente esterno;false;true;POLIZIA LOCALE DI ROMA CAPITALE;true
CHIAMAROMA 060606;2026;11/03/2026;Risolto al secondo livello;false;true;AMA;false
CHIAMAROMA 060606;2026;11/03/2026;Risolto al secondo livello;false;true;AMA;false
CHIAMAROMA 060606;2026;11/03/2026;Risolto al secondo livello;false;true;AMA;false
CHIAMAROMA 060606;2026;11/03/2026;In carico a ente esterno;false;true;POLIZIA LOCALE DI ROMA CAPITALE;true
CHIAMAROMA 060606;2026;11/03/2026;Risolto al secondo livello;false;true;AMA;false
CHIAMAROMA 060606;2026;11/03/2026;Risolto al secondo livello;false;true;AMA;false
CHIAMAROMA 060606;2026;11/03/2026;Risolto al secondo livello;false;true;AMA;false
CHIAMAROMA 060606;2026;11/03/2026;Risolto al secondo livello;false;true;AMA;false
CHIAMAROMA 060606;2026;11/03/2026;Risolto al secondo livello;false;true;AMA;false
POLIZIA LOCALE DI ROMA CAPITALE;2026;11/03/2026;In carico a ente esterno;false;true;POLIZIA LOCALE DI ROMA CAPITALE;false
POLIZIA LOCALE DI ROMA CAPITALE;2026;11/03/2026;In carico a ente esterno;false;true;POLIZIA LOCALE DI ROMA CAPITALE;false
POLIZIA LOCALE DI ROMA CAPITALE;2026;11/03/2026;In carico a ente esterno;false;true;POLIZIA LOCALE DI ROMA CAPITALE;false
POLIZIA LOCALE DI ROMA CAPITALE;2026;11/03/2026;In carico a ente esterno;false;true;POLIZIA LOCALE DI ROMA CAPITALE;false
POLIZIA LOCALE DI ROMA CAPITALE;2026;11/03/2026;In carico a ente esterno;false;true;POLIZIA LOCALE DI ROMA CAPITALE;false
CHIAMAROMA 060606;2026;11/03/2026;In carico a ente esterno;false;true;POLIZIA LOCALE DI ROMA CAPITALE;true
CHIAMAROMA 060606;2026;11/03/2026;Risolto al primo livello;false;false;;false
CHIAMAROMA 060606;2026;11/03/2026;In carico a ente esterno;false;true;POLIZIA LOCALE DI ROMA CAPITALE;true
CHIAMAROMA 060606;2026;11/03/2026;In carico a ente esterno;false;true;POLIZIA LOCALE DI ROMA CAPITALE;true
CHIAMAROMA 060606;2026;11/03/2026;Risolto al secondo livello;false;false;;false
CHIAMAROMA 060606;2026;11/03/2026;Risolto al secondo livello;false;false;;false
CHIAMAROMA 060606;2026;11/03/2026;Risolto al secondo livello;false;false;;false
CHIAMAROMA 060606;2026;11/03/2026;Risolto al secondo livello;false;false;;false
CHIAMAROMA 060606;2026;11/03/2026;Risolto al secondo livello;false;false;;false
CHIAMAROMA 060606;2026;11/03/2026;Risolto al secondo livello;false;false;;false
CHIAMAROMA 060606;2026;11/03/2026;In carico a ente esterno;false;true;POLIZIA LOCALE DI ROMA CAPITALE;true
CHIAMAROMA 060606;2026;11/03/2026;In carico a ente esterno;false;true;POLIZIA LOCALE DI ROMA CAPITALE;true
CHIAMAROMA 060606;2026;11/03/2026;In carico a ente esterno;false;true;POLIZIA LOCALE DI ROMA CAPITALE;true
CHIAMAROMA 060606;2026;11/03/2026;In carico a ente esterno;false;true;POLIZIA LOCALE DI ROMA CAPITALE;true
CHIAMAROMA 060606;2026;11/03/2026;In carico a ente esterno;false;true;POLIZIA LOCALE DI ROMA CAPITALE;true
CHIAMAROMA 060606;2026;11/03/2026;In carico a ente esterno;false;true;POLIZIA LOCALE DI ROMA CAPITALE;true
DIPARTIMENTO TUTELA AMBIENTALE;2026;11/03/2026;Risolto al secondo livello;false;false;;false
CHIAMAROMA 060606;2026;11/03/2026;Risolto al secondo livello;false;false;;false
CHIAMAROMA 060606;2026;11/03/2026;In carico a ente esterno;false;true;POLIZIA LOCALE DI ROMA CAPITALE;true
CHIAMAROMA 060606;2026;11/03/2026;In carico a ente esterno;false;true;POLIZIA LOCALE DI ROMA CAPITALE;true
CHIAMAROMA 060606;2026;11/03/2026;Risolto al secondo livello;false;false;;false
CHIAMAROMA 060606;2026;11/03/2026;Risolto al secondo livello;false;false;;false
POLIZIA LOCALE DI ROMA CAPITALE;2026;11/03/2026;In carico a ente esterno;false;true;POLIZIA LOCALE DI ROMA CAPITALE;false
POLIZIA LOCALE DI ROMA CAPITALE;2026;11/03/2026;In carico a ente esterno;false;true;POLIZIA LOCALE DI ROMA CAPITALE;false
CHIAMAROMA 060606;2026;11/03/2026;In carico a ente esterno;false;true;POLIZIA LOCALE DI ROMA CAPITALE;true
DIPARTIMENTO TUTELA AMBIENTALE;2026;11/03/2026;Non più necessario;false;false;;false
GABINETTO DEL SINDACO;2026;11/03/2026;Risolto al secondo livello;false;false;;false
CHIAMAROMA 060606;2026;11/03/2026;Risolto al primo livello;false;false;;false
CHIAMAROMA 060606;2026;11/03/2026;Non più necessario;false;false;;false
DIPARTIMENTO COORDINAMENTO SVILUPPO INFRASTRUTTURE E MANUTENZIONE URBANA;2026;11/03/2026;Non più necessario;false;false;;false
CHIAMAROMA 060606;2026;11/03/2026;Non più necessario;false;false;;false
DIPARTIMENTO COORDINAMENTO SVILUPPO INFRASTRUTTURE E MANUTENZIONE URBANA;2026;11/03/2026;Non più necessario;false;false;;false
DIPARTIMENTO INFRASTRUTTURE E LAVORI PUBBLICI;2026;11/03/2026;Non più necessario;false;false;;false
CHIAMAROMA 060606;2026;11/03/2026;Non più necessario;false;false;;false
CHIAMAROMA 060606;2026;11/03/2026;Non più necessario;false;false;;false
CHIAMAROMA 060606;2026;11/03/2026;Non più necessario;false;false;;false
CHIAMAROMA 060606;2026;11/03/2026;Non più necessario;false;false;;false
MUNICIPIO IX;2026;11/03/2026;Non più necessario;false;false;;false
CHIAMAROMA 060606;2026;11/03/2026;Non più necessario;false;false;;false
CHIAMAROMA 060606;2026;11/03/2026;Risolto al secondo livello;false;true;AMA;false
CHIAMAROMA 060606;2026;11/03/2026;Risolto al secondo livello;false;false;;false
CHIAMAROMA 060606;2026;11/03/2026;Non più necessario;false;false;;false
CHIAMAROMA 060606;2026;11/03/2026;Non più necessario;false;false;;false
CHIAMAROMA 060606;2026;11/03/2026;Non più necessario;false;false;;false
CHIAMAROMA 060606;2026;11/03/2026;Non più necessario;false;false;;false
MUNICIPIO IX;2026;11/03/2026;Non più necessario;false;false;;false
CHIAMAROMA 060606;2026;11/03/2026;Non più necessario;false;false;;false
CHIAMAROMA 060606;2026;11/03/2026;Non più necessario;false;false;;false
CHIAMAROMA 060606;2026;11/03/2026;Risolto al secondo livello;false;false;;false
RAGIONERIA GENERALE;2026;11/03/2026;Risolto al secondo livello;false;false;;false
CHIAMAROMA 060606;2026;11/03/2026;Non più necessario;false;false;;false
DIPARTIMENTO TUTELA AMBIENTALE;2026;11/03/2026;Non più necessario;false;false;;false
CHIAMAROMA 060606;2026;11/03/2026;Non più necessario;false;false;;false
CHIAMAROMA 060606;2026;11/03/2026;Non più necessario;false;false;;false
CHIAMAROMA 060606;2026;11/03/2026;Non più necessario;false;false;;false
CHIAMAROMA 060606;2026;11/03/2026;Non più necessario;false;false;;false
CHIAMAROMA 060606;2026;11/03/2026;Non più necessario;false;false;;false
DIPARTIMENTO TUTELA AMBIENTALE;2026;11/03/2026;Non più necessario;false;false;;false
CHIAMAROMA 060606;2026;11/03/2026;Non più necessario;false;false;;false
CHIAMAROMA 060606;2026;11/03/2026;Non più necessario;false;false;;false
CHIAMAROMA 060606;2026;11/03/2026;Non più necessario;false;false;;false
CHIAMAROMA 060606;2026;11/03/2026;Non più necessario;false;false;;false
CHIAMAROMA 060606;2026;11/03/2026;Non più necessario;false;false;;false
GABINETTO DEL SINDACO;2026;11/03/2026;Risolto al primo livello;false;false;;false
CHIAMAROMA 060606;2026;11/03/2026;Non più necessario;false;false;;false
CHIAMAROMA 060606;2026;11/03/2026;In carico a ente esterno;false;true;POLIZIA LOCALE DI ROMA CAPITALE;true
CHIAMAROMA 060606;2026;11/03/2026;Non più necessario;false;false;;false
CHIAMAROMA 060606;2026;11/03/2026;Non più necessario;false;false;;false
CHIAMAROMA 060606;2026;11/03/2026;Non più necessario;false;false;;false
CHIAMAROMA 060606;2026;11/03/2026;Non più necessario;false;false;;false
CHIAMAROMA 060606;2026;11/03/2026;Non più necessario;false;false;;false
CHIAMAROMA 060606;2026;11/03/2026;Non più necessario;false;false;;false
MUNICIPIO XV;2026;11/03/2026;In carico a ente esterno;false;false;;false
CHIAMAROMA 060606;2026;11/03/2026;Non più necessario;false;false;;false
CHIAMAROMA 060606;2026;11/03/2026;In carico a ente esterno;false;true;POLIZIA LOCALE DI ROMA CAPITALE;true
CHIAMAROMA 060606;2026;11/03/2026;Non più necessario;false;false;;false
CHIAMAROMA 060606;2026;11/03/2026;Non più necessario;false;false;;false
CHIAMAROMA 060606;2026;11/03/2026;Non più necessario;false;false;;false
CHIAMAROMA 060606;2026;11/03/2026;Non più necessario;false;false;;false
CHIAMAROMA 060606;2026;11/03/2026;Non più necessario;false;false;;false
GABINETTO DEL SINDACO;2026;11/03/2026;Risolto da Ente Esterno;false;true;AMA;false
CHIAMAROMA 060606;2026;11/03/2026;Risolto da Ente Esterno;false;true;AMA;false
CHIAMAROMA 060606;2026;11/03/2026;Risolto da Ente Esterno;false;true;AMA;false
CHIAMAROMA 060606;2026;11/03/2026;Risolto da Ente Esterno;false;true;AMA;false
CHIAMAROMA 060606;2026;11/03/2026;Risolto da Ente Esterno;false;true;AMA;false
CHIAMAROMA 060606;2026;11/03/2026;Risolto da Ente Esterno;false;true;AMA;false
CHIAMAROMA 060606;2026;11/03/2026;Risolto da Ente Esterno;false;true;AMA;false
CHIAMAROMA 060606;2026;11/03/2026;Non più necessario;false;false;;false
MUNICIPIO II;2026;11/03/2026;Risolto al primo livello;false;false;;false
POLIZIA LOCALE DI ROMA CAPITALE;2026;11/03/2026;In carico a ente esterno;false;true;POLIZIA LOCALE DI ROMA CAPITALE;false
POLIZIA LOCALE DI ROMA CAPITALE;2026;11/03/2026;In carico a ente esterno;false;true;POLIZIA LOCALE DI ROMA CAPITALE;false
POLIZIA LOCALE DI ROMA CAPITALE;2026;11/03/2026;In carico a ente esterno;false;true;POLIZIA LOCALE DI ROMA CAPITALE;false
POLIZIA LOCALE DI ROMA CAPITALE;2026;11/03/2026;In carico a ente esterno;false;true;POLIZIA LOCALE DI ROMA CAPITALE;false
POLIZIA LOCALE DI ROMA CAPITALE;2026;11/03/2026;In carico a ente esterno;false;true;POLIZIA LOCALE DI ROMA CAPITALE;false
POLIZIA LOCALE DI ROMA CAPITALE;2026;11/03/2026;In carico a ente esterno;false;true;POLIZIA LOCALE DI ROMA CAPITALE;false
POLIZIA LOCALE DI ROMA CAPITALE;2026;11/03/2026;In carico a ente esterno;false;true;POLIZIA LOCALE DI ROMA CAPITALE;false
POLIZIA LOCALE DI ROMA CAPITALE;2026;11/03/2026;In carico a ente esterno;false;true;POLIZIA LOCALE DI ROMA CAPITALE;false
CHIAMAROMA 060606;2026;11/03/2026;In carico a ente esterno;false;true;POLIZIA LOCALE DI ROMA CAPITALE;true
CHIAMAROMA 060606;2026;11/03/2026;Risolto al secondo livello;false;false;;false
MUNICIPIO II;2026;11/03/2026;Non più necessario;false;false;;false
CHIAMAROMA 060606;2026;11/03/2026;Non più necessario;false;false;;false
CHIAMAROMA 060606;2026;11/03/2026;Non più necessario;false;false;;false
CHIAMAROMA 060606;2026;11/03/2026;In carico a ente esterno;false;true;POLIZIA LOCALE DI ROMA CAPITALE;true
DIPARTIMENTO TUTELA AMBIENTALE;2026;11/03/2026;Non più necessario;false;false;;false
CHIAMAROMA 060606;2026;11/03/2026;Non più necessario;false;false;;false
CHIAMAROMA 060606;2026;11/03/2026;Non più necessario;false;false;;false
CHIAMAROMA 060606;2026;11/03/2026;Non più necessario;false;false;;false
CHIAMAROMA 060606;2026;11/03/2026;In carico a ente esterno;false;true;POLIZIA LOCALE DI ROMA CAPITALE;true
CHIAMAROMA 060606;2026;11/03/2026;Non più necessario;false;false;;false
CHIAMAROMA 060606;2026;11/03/2026;Non più necessario;false;false;;false
CHIAMAROMA 060606;2026;11/03/2026;In carico a ente esterno;false;true;POLIZIA LOCALE DI ROMA CAPITALE;true
CHIAMAROMA 060606;2026;11/03/2026;Non più necessario;false;false;;false
CHIAMAROMA 060606;2026;11/03/2026;Non più necessario;false;false;;false
CHIAMAROMA 060606;2026;11/03/2026;In carico a ente esterno;false;true;POLIZIA LOCALE DI ROMA CAPITALE;true
CHIAMAROMA 060606;2026;11/03/2026;Non più necessario;false;false;;false
CHIAMAROMA 060606;2026;11/03/2026;Risolto da Ente Esterno;false;true;AEQUAROMA;false
CHIAMAROMA 060606;2026;11/03/2026;Risolto al secondo livello;false;false;;false
DIPARTIMENTO TUTELA AMBIENTALE;2026;11/03/2026;Non più necessario;false;false;;false
CHIAMAROMA 060606;2026;11/03/2026;Risolto al secondo livello;false;false;;false
CHIAMAROMA 060606;2026;11/03/2026;Non più necessario;false;false;;false
CHIAMAROMA 060606;2026;11/03/2026;Risolto al secondo livello;false;false;;false
CHIAMAROMA 060606;2026;11/03/2026;In carico a ente esterno;false;true;POLIZIA LOCALE DI ROMA CAPITALE;true
CHIAMAROMA 060606;2026;11/03/2026;Non più necessario;false;false;;false
DIPARTIMENTO TUTELA AMBIENTALE;2026;11/03/2026;Non più necessario;false;false;;false
CHIAMAROMA 060606;2026;11/03/2026;Non di competenza di Roma Capitale o enti controllati;false;false;;false
CHIAMAROMA 060606;2026;11/03/2026;Non lavorabile o dati insufficienti;false;false;;false
CHIAMAROMA 060606;2026;11/03/2026;Risolto al secondo livello;false;false;;false
CHIAMAROMA 060606;2026;11/03/2026;In carico a ente esterno;false;true;POLIZIA LOCALE DI ROMA CAPITALE;true
CHIAMAROMA 060606;2026;11/03/2026;Risolto al secondo livello;false;false;;false
CHIAMAROMA 060606;2026;11/03/2026;Risolto al secondo livello;false;true;AMA;false
DIPARTIMENTO INFRASTRUTTURE E LAVORI PUBBLICI;2026;11/03/2026;Risolto al secondo livello;false;false;;false
DIPARTIMENTO INFRASTRUTTURE E LAVORI PUBBLICI;2026;11/03/2026;Non più necessario;false;false;;false
CHIAMAROMA 060606;2026;11/03/2026;Non più necessario;false;false;;false
CHIAMAROMA 060606;2026;11/03/2026;Risolto al secondo livello;false;false;;false
CHIAMAROMA 060606;2026;11/03/2026;Non più necessario;false;false;;false
CHIAMAROMA 060606;2026;11/03/2026;Risolto al secondo livello;false;false;;false
DIPARTIMENTO TUTELA AMBIENTALE;2026;11/03/2026;Non più necessario;false;false;;false
MUNICIPIO II;2026;11/03/2026;Risolto al secondo livello;false;false;;false
MUNICIPIO II;2026;11/03/2026;Risolto al primo livello;false;false;;false
CHIAMAROMA 060606;2026;11/03/2026;Non lavorabile o dati insufficienti;false;true;AEQUAROMA;false
CHIAMAROMA 060606;2026;11/03/2026;Non più necessario;false;false;;false
DIPARTIMENTO TUTELA AMBIENTALE;2026;11/03/2026;Risolto al secondo livello;false;false;;false
MUNICIPIO VII;2026;11/03/2026;Non più necessario;false;false;;false
CHIAMAROMA 060606;2026;11/03/2026;Non più necessario;false;false;;false
CHIAMAROMA 060606;2026;11/03/2026;Risolto al secondo livello;false;false;;false
CHIAMAROMA 060606;2026;11/03/2026;Non più necessario;false;false;;false
CHIAMAROMA 060606;2026;11/03/2026;Non più necessario;false;false;;false
CHIAMAROMA 060606;2026;11/03/2026;Non più necessario;false;false;;false
CHIAMAROMA 060606;2026;11/03/2026;Non più necessario;false;false;;false
POLIZIA LOCALE DI ROMA CAPITALE;2026;11/03/2026;In carico a ente esterno;false;true;POLIZIA LOCALE DI ROMA CAPITALE;false
POLIZIA LOCALE DI ROMA CAPITALE;2026;11/03/2026;In carico a ente esterno;false;true;POLIZIA LOCALE DI ROMA CAPITALE;false
POLIZIA LOCALE DI ROMA CAPITALE;2026;11/03/2026;In carico a ente esterno;false;true;POLIZIA LOCALE DI ROMA CAPITALE;false
POLIZIA LOCALE DI ROMA CAPITALE;2026;11/03/2026;In carico a ente esterno;false;true;POLIZIA LOCALE DI ROMA CAPITALE;false
CHIAMAROMA 060606;2026;11/03/2026;In carico a ente esterno;false;true;POLIZIA LOCALE DI ROMA CAPITALE;true
CHIAMAROMA 060606;2026;11/03/2026;Risolto al secondo livello;false;false;;false
CHIAMAROMA 060606;2026;11/03/2026;Non più necessario;false;false;;false
DIPARTIMENTO TUTELA AMBIENTALE;2026;11/03/2026;Non più necessario;false;false;;false
CHIAMAROMA 060606;2026;11/03/2026;Non più necessario;false;false;;false
DIPARTIMENTO TUTELA AMBIENTALE;2026;11/03/2026;Non più necessario;false;false;;false
CHIAMAROMA 060606;2026;11/03/2026;Non più necessario;false;false;;false
DIPARTIMENTO INFRASTRUTTURE E LAVORI PUBBLICI;2026;11/03/2026;Non più necessario;false;false;;false
CHIAMAROMA 060606;2026;11/03/2026;Non più necessario;false;false;;false
CHIAMAROMA 060606;2026;11/03/2026;Non più necessario;false;false;;false
CHIAMAROMA 060606;2026;11/03/2026;Non più necessario;false;false;;false
DIPARTIMENTO TUTELA AMBIENTALE;2026;11/03/2026;Non più necessario;false;false;;false
CHIAMAROMA 060606;2026;11/03/2026;Non più necessario;false;false;;false
CHIAMAROMA 060606;2026;11/03/2026;Non più necessario;false;false;;false
DIPARTIMENTO TUTELA AMBIENTALE;2026;11/03/2026;Non più necessario;false;false;;false
CHIAMAROMA 060606;2026;11/03/2026;Risolto al secondo livello;false;false;;false
CHIAMAROMA 060606;2026;11/03/2026;Non più necessario;false;false;;false
CHIAMAROMA 060606;2026;11/03/2026;Non più necessario;false;false;;false
CHIAMAROMA 060606;2026;11/03/2026;Risolto al secondo livello;false;false;;false
CHIAMAROMA 060606;2026;11/03/2026;In carico a ente esterno;false;true;POLIZIA LOCALE DI ROMA CAPITALE;true
CHIAMAROMA 060606;2026;11/03/2026;Non più necessario;false;false;;false
CHIAMAROMA 060606;2026;11/03/2026;Non più necessario;false;false;;false
CHIAMAROMA 060606;2026;11/03/2026;Non più necessario;false;false;;false
DIPARTIMENTO INFRASTRUTTURE E LAVORI PUBBLICI;2026;11/03/2026;Non più necessario;false;false;;false
CHIAMAROMA 060606;2026;11/03/2026;Risolto al secondo livello;false;false;;false
CHIAMAROMA 060606;2026;11/03/2026;In carico a ente esterno;false;true;POLIZIA LOCALE DI ROMA CAPITALE;true
CHIAMAROMA 060606;2026;11/03/2026;Non più necessario;false;false;;false
CHIAMAROMA 060606;2026;11/03/2026;Non più necessario;false;false;;false
MUNICIPIO XIV;2026;11/03/2026;Non più necessario;false;false;;false
CHIAMAROMA 060606;2026;11/03/2026;Non più necessario;false;false;;false
DIPARTIMENTO TUTELA AMBIENTALE;2026;11/03/2026;Non più necessario;false;false;;false
DIPARTIMENTO TUTELA AMBIENTALE;2026;11/03/2026;Non più necessario;false;false;;false
SOVRINTENDENZA CAPITOLINA;2026;11/03/2026;Risolto al primo livello;false;false;;false
CHIAMAROMA 060606;2026;11/03/2026;In carico a ente esterno;false;true;POLIZIA LOCALE DI ROMA CAPITALE;true
DIPARTIMENTO TUTELA AMBIENTALE;2026;11/03/2026;Non più necessario;false;false;;false
CHIAMAROMA 060606;2026;11/03/2026;Risolto al secondo livello;false;false;;false
MUNICIPIO II;2026;11/03/2026;Risolto al secondo livello;false;false;;false
DIPARTIMENTO TUTELA AMBIENTALE;2026;11/03/2026;Non più necessario;false;false;;false
POLIZIA LOCALE DI ROMA CAPITALE;2026;11/03/2026;In carico a ente esterno;false;true;POLIZIA LOCALE DI ROMA CAPITALE;false
POLIZIA LOCALE DI ROMA CAPITALE;2026;11/03/2026;In carico a ente esterno;false;true;POLIZIA LOCALE DI ROMA CAPITALE;false
POLIZIA LOCALE DI ROMA CAPITALE;2026;11/03/2026;In carico a ente esterno;false;true;POLIZIA LOCALE DI ROMA CAPITALE;false
POLIZIA LOCALE DI ROMA CAPITALE;2026;11/03/2026;In carico a ente esterno;false;true;POLIZIA LOCALE DI ROMA CAPITALE;false
POLIZIA LOCALE DI ROMA CAPITALE;2026;11/03/2026;In carico a ente esterno;false;true;POLIZIA LOCALE DI ROMA CAPITALE;false
POLIZIA LOCALE DI ROMA CAPITALE;2026;11/03/2026;In carico a ente esterno;false;true;POLIZIA LOCALE DI ROMA CAPITALE;false
POLIZIA LOCALE DI ROMA CAPITALE;2026;11/03/2026;In carico a ente esterno;false;true;POLIZIA LOCALE DI ROMA CAPITALE;false
POLIZIA LOCALE DI ROMA CAPITALE;2026;11/03/2026;In carico a ente esterno;false;true;POLIZIA LOCALE DI ROMA CAPITALE;false
POLIZIA LOCALE DI ROMA CAPITALE;2026;11/03/2026;In carico a ente esterno;false;true;POLIZIA LOCALE DI ROMA CAPITALE;false
POLIZIA LOCALE DI ROMA CAPITALE;2026;11/03/2026;In carico a ente esterno;false;true;POLIZIA LOCALE DI ROMA CAPITALE;false
CHIAMAROMA 060606;2026;11/03/2026;In carico a ente esterno;false;true;POLIZIA LOCALE DI ROMA CAPITALE;true
CHIAMAROMA 060606;2026;11/03/2026;Non più necessario;false;false;;false
CHIAMAROMA 060606;2026;11/03/2026;Non più necessario;false;false;;false
CHIAMAROMA 060606;2026;11/03/2026;Risolto al secondo livello;false;false;;false
DIPARTIMENTO MOBILITA’ SOSTENIBILE E TRASPORTI;2026;11/03/2026;Risolto al primo livello;false;false;;false
CHIAMAROMA 060606;2026;11/03/2026;Non più necessario;false;false;;false
DIPARTIMENTO TUTELA AMBIENTALE;2026;11/03/2026;Risolto al secondo livello;false;false;;false
CHIAMAROMA 060606;2026;11/03/2026;In carico a ente esterno;false;true;POLIZIA LOCALE DI ROMA CAPITALE;true
CHIAMAROMA 060606;2026;11/03/2026;Non più necessario;false;false;;false
CHIAMAROMA 060606;2026;11/03/2026;Non più necessario;false;false;;false
CHIAMAROMA 060606;2026;11/03/2026;In carico a ente esterno;false;true;POLIZIA LOCALE DI ROMA CAPITALE;true
DIPARTIMENTO TUTELA AMBIENTALE;2026;11/03/2026;Non più necessario;false;false;;false
DIPARTIMENTO MOBILITA’ SOSTENIBILE E TRASPORTI;2026;11/03/2026;Risolto al secondo livello;false;false;;false
CHIAMAROMA 060606;2026;11/03/2026;Risolto al secondo livello;false;false;;false
DIPARTIMENTO TUTELA AMBIENTALE;2026;11/03/2026;Risolto al secondo livello;false;false;;false
CHIAMAROMA 060606;2026;11/03/2026;Risolto al secondo livello;false;true;AMA;false
MUNICIPIO VI;2026;11/03/2026;Risolto al secondo livello;false;false;;false
CHIAMAROMA 060606;2026;11/03/2026;In carico a ente esterno;false;true;POLIZIA LOCALE DI ROMA CAPITALE;true
MUNICIPIO XIV;2026;11/03/2026;Risolto al secondo livello;false;false;;false
CHIAMAROMA 060606;2026;11/03/2026;In carico a ente esterno;false;true;POLIZIA LOCALE DI ROMA CAPITALE;true
CHIAMAROMA 060606;2026;11/03/2026;In carico a ente esterno;false;true;POLIZIA LOCALE DI ROMA CAPITALE;true
CHIAMAROMA 060606;2026;11/03/2026;In carico a ente esterno;false;true;POLIZIA LOCALE DI ROMA CAPITALE;true
CHIAMAROMA 060606;2026;11/03/2026;Risolto da Ente Esterno;false;true;AMA;false
CHIAMAROMA 060606;2026;11/03/2026;Risolto da Ente Esterno;false;true;AMA;false
CHIAMAROMA 060606;2026;11/03/2026;Risolto da Ente Esterno;false;true;AMA;false
CHIAMAROMA 060606;2026;11/03/2026;Risolto da Ente Esterno;false;true;AMA;false
CHIAMAROMA 060606;2026;11/03/2026;Risolto da Ente Esterno;false;true;AMA;false
CHIAMAROMA 060606;2026;11/03/2026;Risolto da Ente Esterno;false;true;AMA;false
DIPARTIMENTO TUTELA AMBIENTALE;2026;11/03/2026;Risolto da Ente Esterno;false;true;AMA;false
CHIAMAROMA 060606;2026;11/03/2026;Risolto da Ente Esterno;false;true;AMA;false
CHIAMAROMA 060606;2026;11/03/2026;Risolto da Ente Esterno;false;true;AMA;false
CHIAMAROMA 060606;2026;11/03/2026;Risolto da Ente Esterno;false;true;AMA;false
CHIAMAROMA 060606;2026;11/03/2026;Risolto da Ente Esterno;false;true;AMA;false
BACK OFFICE ROMA CAPITALE;2026;11/03/2026;Risolto da Ente Esterno;false;true;AMA;false
BACK OFFICE ROMA CAPITALE;2026;11/03/2026;Risolto da Ente Esterno;false;true;AMA;false
BACK OFFICE ROMA CAPITALE;2026;11/03/2026;Risolto da Ente Esterno;false;true;AMA;false
AMA;2026;11/03/2026;Risolto da Ente Esterno;false;true;AMA;true
CHIAMAROMA 060606;2026;11/03/2026;Risolto da Ente Esterno;false;true;AMA;false
CHIAMAROMA 060606;2026;11/03/2026;Risolto al secondo livello;false;true;AMA;false
CHIAMAROMA 060606;2026;11/03/2026;In carico a ente esterno;false;true;POLIZIA LOCALE DI ROMA CAPITALE;true
POLIZIA LOCALE DI ROMA CAPITALE;2026;11/03/2026;In carico a ente esterno;false;true;POLIZIA LOCALE DI ROMA CAPITALE;false
POLIZIA LOCALE DI ROMA CAPITALE;2026;11/03/2026;In carico a ente esterno;false;true;POLIZIA LOCALE DI ROMA CAPITALE;false
POLIZIA LOCALE DI ROMA CAPITALE;2026;11/03/2026;In carico a ente esterno;false;true;POLIZIA LOCALE DI ROMA CAPITALE;false
DIPARTIMENTO SVILUPPO ECONOMICO E ATTIVITA’ PRODUTTIVE;2026;11/03/2026;Risolto al secondo livello;false;false;;false
CHIAMAROMA 060606;2026;11/03/2026;Risolto al secondo livello;false;true;AMA;false
CHIAMAROMA 060606;2026;11/03/2026;In carico a ente esterno;false;true;POLIZIA LOCALE DI ROMA CAPITALE;true
CHIAMAROMA 060606;2026;11/03/2026;In carico a ente esterno;false;true;POLIZIA LOCALE DI ROMA CAPITALE;true
CHIAMAROMA 060606;2026;11/03/2026;Risolto al primo livello;false;false;;true
MUNICIPIO II;2026;11/03/2026;Risolto al secondo livello;false;false;;false
CHIAMAROMA 060606;2026;11/03/2026;In carico a ente esterno;false;true;POLIZIA LOCALE DI ROMA CAPITALE;true
CHIAMAROMA 060606;2026;11/03/2026;In carico a ente esterno;false;true;POLIZIA LOCALE DI ROMA CAPITALE;true
CHIAMAROMA 060606;2026;11/03/2026;Risolto al secondo livello;false;false;;false
CHIAMAROMA 060606;2026;11/03/2026;In carico a ente esterno;false;true;POLIZIA LOCALE DI ROMA CAPITALE;true
CHIAMAROMA 060606;2026;11/03/2026;Risolto al secondo livello;false;false;;false
CHIAMAROMA 060606;2026;11/03/2026;Risolto al secondo livello;false;false;;false
CHIAMAROMA 060606;2026;11/03/2026;Risolto al secondo livello;false;false;;false
CHIAMAROMA 060606;2026;11/03/2026;Risolto al secondo livello;false;false;;false
CHIAMAROMA 060606;2026;11/03/2026;Risolto al secondo livello;false;false;;false
CHIAMAROMA 060606;2026;11/03/2026;Non più necessario;false;false;;false
CHIAMAROMA 060606;2026;11/03/2026;Non più necessario;false;false;;false
MUNICIPIO XIII;2026;11/03/2026;Non più necessario;false;false;;false
CHIAMAROMA 060606;2026;11/03/2026;Non più necessario;false;false;;false
CHIAMAROMA 060606;2026;11/03/2026;In carico a ente esterno;false;true;POLIZIA LOCALE DI ROMA CAPITALE;true
CHIAMAROMA 060606;2026;11/03/2026;Risolto al secondo livello;false;false;;false
CHIAMAROMA 060606;2026;11/03/2026;In carico a ente esterno;false;true;POLIZIA LOCALE DI ROMA CAPITALE;true
CHIAMAROMA 060606;2026;11/03/2026;Non più necessario;false;false;;false
CHIAMAROMA 060606;2026;11/03/2026;Non più necessario;false;false;;false
POLIZIA LOCALE DI ROMA CAPITALE;2026;11/03/2026;In carico a ente esterno;false;true;POLIZIA LOCALE DI ROMA CAPITALE;false
POLIZIA LOCALE DI ROMA CAPITALE;2026;11/03/2026;In carico a ente esterno;false;true;POLIZIA LOCALE DI ROMA CAPITALE;false
CHIAMAROMA 060606;2026;11/03/2026;Risolto al secondo livello;false;false;;false
CHIAMAROMA 060606;2026;11/03/2026;Non più necessario;false;false;;false
CHIAMAROMA 060606;2026;11/03/2026;Non più necessario;false;false;;false
CHIAMAROMA 060606;2026;11/03/2026;Non più necessario;false;false;;false
CHIAMAROMA 060606;2026;11/03/2026;Non più necessario;false;false;;false
CHIAMAROMA 060606;2026;11/03/2026;Non più necessario;false;false;;false
DIPARTIMENTO INFRASTRUTTURE E LAVORI PUBBLICI;2026;11/03/2026;Non più necessario;false;false;;false
CHIAMAROMA 060606;2026;11/03/2026;Non più necessario;false;false;;false
CHIAMAROMA 060606;2026;11/03/2026;Risolto al primo livello;false;false;;false
CHIAMAROMA 060606;2026;11/03/2026;Risolto al primo livello;false;false;;false
CHIAMAROMA 060606;2026;11/03/2026;Non più necessario;false;false;;false
CHIAMAROMA 060606;2026;11/03/2026;Risolto al primo livello;false;false;;false
CHIAMAROMA 060606;2026;11/03/2026;Risolto al primo livello;false;false;;false
CHIAMAROMA 060606;2026;11/03/2026;Non più necessario;false;false;;false
CHIAMAROMA 060606;2026;11/03/2026;Non più necessario;false;false;;false
CHIAMAROMA 060606;2026;11/03/2026;Non più necessario;false;false;;false
CHIAMAROMA 060606;2026;11/03/2026;Non più necessario;false;false;;false
CHIAMAROMA 060606;2026;11/03/2026;In carico a ente esterno;false;true;POLIZIA LOCALE DI ROMA CAPITALE;true
CHIAMAROMA 060606;2026;11/03/2026;Non più necessario;false;false;;false
CHIAMAROMA 060606;2026;11/03/2026;Non più necessario;false;false;;false
CHIAMAROMA 060606;2026;11/03/2026;Risolto al primo livello;false;false;;false
DIPARTIMENTO INFRASTRUTTURE E LAVORI PUBBLICI;2026;11/03/2026;Non più necessario;false;false;;false
DIPARTIMENTO INFRASTRUTTURE E LAVORI PUBBLICI;2026;11/03/2026;Non più necessario;false;false;;false
CHIAMAROMA 060606;2026;11/03/2026;Risolto al primo livello;false;false;;false
CHIAMAROMA 060606;2026;11/03/2026;Non più necessario;false;false;;false
CHIAMAROMA 060606;2026;11/03/2026;Non più necessario;false;false;;false
CHIAMAROMA 060606;2026;11/03/2026;Non più necessario;false;false;;false
CHIAMAROMA 060606;2026;11/03/2026;In carico a ente esterno;false;true;POLIZIA LOCALE DI ROMA CAPITALE;true
BACK OFFICE ROMA CAPITALE;2026;11/03/2026;Non più necessario;false;false;;false
POLIZIA LOCALE DI ROMA CAPITALE;2026;11/03/2026;In carico a ente esterno;false;true;POLIZIA LOCALE DI ROMA CAPITALE;false
POLIZIA LOCALE DI ROMA CAPITALE;2026;11/03/2026;In carico a ente esterno;false;true;POLIZIA LOCALE DI ROMA CAPITALE;false
CHIAMAROMA 060606;2026;11/03/2026;In carico a ente esterno;false;true;POLIZIA LOCALE DI ROMA CAPITALE;true
GABINETTO DEL SINDACO;2026;11/03/2026;In carico a ente esterno;false;true;POLIZIA LOCALE DI ROMA CAPITALE;false
POLIZIA LOCALE (8° Gruppo TINTORETTO);2026;11/03/2026;Risolto al secondo livello;false;false;;false
CHIAMAROMA 060606;2026;11/03/2026;Risolto al primo livello;false;false;;false
CHIAMAROMA 060606;2026;11/03/2026;Risolto al secondo livello;false;false;;false
DIPARTIMENTO TUTELA AMBIENTALE;2026;11/03/2026;Risolto al secondo livello;false;false;;false
CHIAMAROMA 060606;2026;11/03/2026;In carico a ente esterno;false;true;POLIZIA LOCALE DI ROMA CAPITALE;true
BACK OFFICE ROMA CAPITALE;2026;11/03/2026;In carico a ente esterno;false;true;POLIZIA LOCALE DI ROMA CAPITALE;false
CHIAMAROMA 060606;2026;11/03/2026;Non più necessario;false;false;;false
POLIZIA LOCALE (COMANDO GENERALE);2026;11/03/2026;Risolto al secondo livello;false;false;;false
BACK OFFICE ROMA CAPITALE;2026;11/03/2026;In carico a ente esterno;false;true;POLIZIA LOCALE DI ROMA CAPITALE;false
BACK OFFICE ROMA CAPITALE;2026;11/03/2026;In carico a ente esterno;false;true;POLIZIA LOCALE DI ROMA CAPITALE;false
DIPARTIMENTO TUTELA AMBIENTALE;2026;11/03/2026;Risolto al secondo livello;false;false;;false
BACK OFFICE ROMA CAPITALE;2026;11/03/2026;In carico a ente esterno;false;true;POLIZIA LOCALE DI ROMA CAPITALE;false
BACK OFFICE ROMA CAPITALE;2026;11/03/2026;In carico a ente esterno;false;true;POLIZIA LOCALE DI ROMA CAPITALE;false
CHIAMAROMA 060606;2026;11/03/2026;Risolto da Ente Esterno;false;true;AMA;false
CHIAMAROMA 060606;2026;11/03/2026;Risolto da Ente Esterno;false;true;AMA;false
AMA;2026;11/03/2026;Risolto da Ente Esterno;false;true;AMA;true
CHIAMAROMA 060606;2026;11/03/2026;Risolto da Ente Esterno;false;true;AMA;false
CHIAMAROMA 060606;2026;11/03/2026;Risolto da Ente Esterno;false;true;AMA;false
CHIAMAROMA 060606;2026;11/03/2026;Risolto da Ente Esterno;false;true;AMA;false
AMA;2026;11/03/2026;Risolto da Ente Esterno;false;true;AMA;false
CHIAMAROMA 060606;2026;11/03/2026;Risolto da Ente Esterno;false;true;AMA;false
AMA;2026;11/03/2026;Risolto da Ente Esterno;false;true;AMA;false
CHIAMAROMA 060606;2026;11/03/2026;Risolto da Ente Esterno;false;true;AMA;false
CHIAMAROMA 060606;2026;11/03/2026;Risolto da Ente Esterno;false;true;AMA;false
CHIAMAROMA 060606;2026;11/03/2026;Risolto da Ente Esterno;false;true;AMA;false
CHIAMAROMA 060606;2026;11/03/2026;Risolto da Ente Esterno;false;true;AMA;false
AMA;2026;11/03/2026;Risolto da Ente Esterno;false;true;AMA;false
CHIAMAROMA 060606;2026;11/03/2026;Risolto da Ente Esterno;false;true;AMA;false
CHIAMAROMA 060606;2026;11/03/2026;Risolto da Ente Esterno;false;true;AMA;false
AMA;2026;11/03/2026;Risolto da Ente Esterno;false;true;AMA;false
MUNICIPIO XIV;2026;11/03/2026;Risolto da Ente Esterno;false;true;AMA;false
CHIAMAROMA 060606;2026;11/03/2026;Risolto da Ente Esterno;false;true;AMA;false
CHIAMAROMA 060606;2026;11/03/2026;Risolto da Ente Esterno;false;true;AMA;false
POLIZIA LOCALE DI ROMA CAPITALE;2026;11/03/2026;In carico a ente esterno;false;true;POLIZIA LOCALE DI ROMA CAPITALE;false
CHIAMAROMA 060606;2026;11/03/2026;Risolto al secondo livello;false;false;;false
CHIAMAROMA 060606;2026;11/03/2026;Risolto al primo livello;false;false;;false
CHIAMAROMA 060606;2026;11/03/2026;Risolto al secondo livello;false;false;;false
CHIAMAROMA 060606;2026;11/03/2026;In carico a ente esterno;false;true;POLIZIA LOCALE DI ROMA CAPITALE;true
CHIAMAROMA 060606;2026;11/03/2026;In carico a ente esterno;false;true;POLIZIA LOCALE DI ROMA CAPITALE;true
CHIAMAROMA 060606;2026;11/03/2026;In carico a ente esterno;false;true;POLIZIA LOCALE DI ROMA CAPITALE;true
CHIAMAROMA 060606;2026;11/03/2026;In carico a ente esterno;false;true;POLIZIA LOCALE DI ROMA CAPITALE;true
CHIAMAROMA 060606;2026;11/03/2026;In carico a ente esterno;false;true;POLIZIA LOCALE DI ROMA CAPITALE;true
CHIAMAROMA 060606;2026;11/03/2026;Risolto al secondo livello;false;false;;false
CHIAMAROMA 060606;2026;11/03/2026;In carico a ente esterno;false;true;POLIZIA LOCALE DI ROMA CAPITALE;true
POLIZIA LOCALE DI ROMA CAPITALE;2026;11/03/2026;In carico a ente esterno;false;true;POLIZIA LOCALE DI ROMA CAPITALE;false
POLIZIA LOCALE DI ROMA CAPITALE;2026;11/03/2026;In carico a ente esterno;false;true;POLIZIA LOCALE DI ROMA CAPITALE;false
MUNICIPIO X;2026;11/03/2026;Risolto al secondo livello;false;false;;false
CHIAMAROMA 060606;2026;11/03/2026;Risolto al secondo livello;false;true;ACEA;false
CHIAMAROMA 060606;2026;11/03/2026;Risolto al secondo livello;false;true;ACEA;false
CHIAMAROMA 060606;2026;11/03/2026;In carico a ente esterno;false;true;POLIZIA LOCALE DI ROMA CAPITALE;true
CHIAMAROMA 060606;2026;11/03/2026;Risolto al primo livello;false;false;;false
CHIAMAROMA 060606;2026;11/03/2026;Risolto al primo livello;false;false;;true
CHIAMAROMA 060606;2026;11/03/2026;In carico a ente esterno;false;true;POLIZIA LOCALE DI ROMA CAPITALE;true
CHIAMAROMA 060606;2026;11/03/2026;In carico a ente esterno;false;true;POLIZIA LOCALE DI ROMA CAPITALE;true
CHIAMAROMA 060606;2026;11/03/2026;In carico a ente esterno;false;true;POLIZIA LOCALE DI ROMA CAPITALE;true
CHIAMAROMA 060606;2026;11/03/2026;Non lavorabile o dati insufficienti;false;false;;false
POLIZIA LOCALE DI ROMA CAPITALE;2026;11/03/2026;In carico a ente esterno;false;true;POLIZIA LOCALE DI ROMA CAPITALE;false
POLIZIA LOCALE DI ROMA CAPITALE;2026;11/03/2026;In carico a ente esterno;false;true;POLIZIA LOCALE DI ROMA CAPITALE;false
POLIZIA LOCALE DI ROMA CAPITALE;2026;11/03/2026;In carico a ente esterno;false;true;POLIZIA LOCALE DI ROMA CAPITALE;false
POLIZIA LOCALE DI ROMA CAPITALE;2026;11/03/2026;In carico a ente esterno;false;true;POLIZIA LOCALE DI ROMA CAPITALE;false
POLIZIA LOCALE DI ROMA CAPITALE;2026;11/03/2026;In carico a ente esterno;false;true;POLIZIA LOCALE DI ROMA CAPITALE;false
POLIZIA LOCALE DI ROMA CAPITALE;2026;11/03/2026;In carico a ente esterno;false;true;POLIZIA LOCALE DI ROMA CAPITALE;false
POLIZIA LOCALE DI ROMA CAPITALE;2026;11/03/2026;In carico a ente esterno;false;true;POLIZIA LOCALE DI ROMA CAPITALE;false
POLIZIA LOCALE DI ROMA CAPITALE;2026;11/03/2026;In carico a ente esterno;false;true;POLIZIA LOCALE DI ROMA CAPITALE;false
POLIZIA LOCALE DI ROMA CAPITALE;2026;11/03/2026;In carico a ente esterno;false;true;POLIZIA LOCALE DI ROMA CAPITALE;false
POLIZIA LOCALE DI ROMA CAPITALE;2026;11/03/2026;In carico a ente esterno;false;true;POLIZIA LOCALE DI ROMA CAPITALE;false
CHIAMAROMA 060606;2026;11/03/2026;In carico a ente esterno;false;true;POLIZIA LOCALE DI ROMA CAPITALE;true
CHIAMAROMA 060606;2026;11/03/2026;In carico a ente esterno;false;true;POLIZIA LOCALE DI ROMA CAPITALE;true
CHIAMAROMA 060606;2026;11/03/2026;In carico a ente esterno;false;true;POLIZIA LOCALE DI ROMA CAPITALE;true
CHIAMAROMA 060606;2026;11/03/2026;Risolto da Ente Esterno;false;true;AMA;false
CHIAMAROMA 060606;2026;11/03/2026;Risolto da Ente Esterno;false;true;AMA;false
CHIAMAROMA 060606;2026;11/03/2026;Risolto da Ente Esterno;false;true;AMA;false
CHIAMAROMA 060606;2026;11/03/2026;Risolto da Ente Esterno;false;true;AMA;false
CHIAMAROMA 060606;2026;11/03/2026;Risolto da Ente Esterno;false;true;AMA;false
CHIAMAROMA 060606;2026;11/03/2026;Risolto da Ente Esterno;false;true;AMA;false
POLIZIA LOCALE DI ROMA CAPITALE;2026;11/03/2026;In carico a ente esterno;false;true;POLIZIA LOCALE DI ROMA CAPITALE;false
POLIZIA LOCALE DI ROMA CAPITALE;2026;11/03/2026;In carico a ente esterno;false;true;POLIZIA LOCALE DI ROMA CAPITALE;false
POLIZIA LOCALE DI ROMA CAPITALE;2026;11/03/2026;In carico a ente esterno;false;true;POLIZIA LOCALE DI ROMA CAPITALE;false
CHIAMAROMA 060606;2026;11/03/2026;In carico a ente esterno;false;true;POLIZIA LOCALE DI ROMA CAPITALE;true
CHIAMAROMA 060606;2026;11/03/2026;In carico a ente esterno;false;true;POLIZIA LOCALE DI ROMA CAPITALE;true
POLIZIA LOCALE DI ROMA CAPITALE;2026;11/03/2026;In carico a ente esterno;false;true;POLIZIA LOCALE DI ROMA CAPITALE;false
POLIZIA LOCALE DI ROMA CAPITALE;2026;11/03/2026;In carico a ente esterno;false;true;POLIZIA LOCALE DI ROMA CAPITALE;false
POLIZIA LOCALE DI ROMA CAPITALE;2026;11/03/2026;In carico a ente esterno;false;true;POLIZIA LOCALE DI ROMA CAPITALE;false
POLIZIA LOCALE DI ROMA CAPITALE;2026;11/03/2026;In carico a ente esterno;false;true;POLIZIA LOCALE DI ROMA CAPITALE;false
POLIZIA LOCALE DI ROMA CAPITALE;2026;11/03/2026;In carico a ente esterno;false;true;POLIZIA LOCALE DI ROMA CAPITALE;false
POLIZIA LOCALE DI ROMA CAPITALE;2026;11/03/2026;In carico a ente esterno;false;true;POLIZIA LOCALE DI ROMA CAPITALE;false
POLIZIA LOCALE DI ROMA CAPITALE;2026;11/03/2026;In carico a ente esterno;false;true;POLIZIA LOCALE DI ROMA CAPITALE;false
POLIZIA LOCALE DI ROMA CAPITALE;2026;11/03/2026;In carico a ente esterno;false;true;POLIZIA LOCALE DI ROMA CAPITALE;false
POLIZIA LOCALE DI ROMA CAPITALE;2026;11/03/2026;In carico a ente esterno;false;true;POLIZIA LOCALE DI ROMA CAPITALE;false
POLIZIA LOCALE DI ROMA CAPITALE;2026;11/03/2026;In carico a ente esterno;false;true;POLIZIA LOCALE DI ROMA CAPITALE;false
POLIZIA LOCALE DI ROMA CAPITALE;2026;11/03/2026;In carico a ente esterno;false;true;POLIZIA LOCALE DI ROMA CAPITALE;false
POLIZIA LOCALE DI ROMA CAPITALE;2026;11/03/2026;In carico a ente esterno;false;true;POLIZIA LOCALE DI ROMA CAPITALE;false
POLIZIA LOCALE DI ROMA CAPITALE;2026;11/03/2026;In carico a ente esterno;false;true;POLIZIA LOCALE DI ROMA CAPITALE;false
POLIZIA LOCALE DI ROMA CAPITALE;2026;11/03/2026;In carico a ente esterno;false;true;POLIZIA LOCALE DI ROMA CAPITALE;false
POLIZIA LOCALE DI ROMA CAPITALE;2026;11/03/2026;In carico a ente esterno;false;true;POLIZIA LOCALE DI ROMA CAPITALE;false
POLIZIA LOCALE DI ROMA CAPITALE;2026;12/03/2026;In carico a ente esterno;false;true;POLIZIA LOCALE DI ROMA CAPITALE;false
POLIZIA LOCALE DI ROMA CAPITALE;2026;12/03/2026;In carico a ente esterno;false;true;POLIZIA LOCALE DI ROMA CAPITALE;false
POLIZIA LOCALE DI ROMA CAPITALE;2026;12/03/2026;In carico a ente esterno;false;true;POLIZIA LOCALE DI ROMA CAPITALE;false
CHIAMAROMA 060606;2026;12/03/2026;Risolto da Ente Esterno;false;true;AMA;false
CHIAMAROMA 060606;2026;12/03/2026;Risolto da Ente Esterno;false;true;AMA;false
BACK OFFICE ROMA CAPITALE;2026;12/03/2026;Risolto da Ente Esterno;false;true;AMA;false
CHIAMAROMA 060606;2026;12/03/2026;Risolto da Ente Esterno;false;true;AMA;false
CHIAMAROMA 060606;2026;12/03/2026;Risolto da Ente Esterno;false;true;AMA;false
CHIAMAROMA 060606;2026;12/03/2026;Risolto da Ente Esterno;false;true;AMA;false
CHIAMAROMA 060606;2026;12/03/2026;Risolto da Ente Esterno;false;true;AMA;false
CHIAMAROMA 060606;2026;12/03/2026;Risolto da Ente Esterno;false;true;AMA;false
CHIAMAROMA 060606;2026;12/03/2026;Risolto da Ente Esterno;false;true;AMA;false
AMA;2026;12/03/2026;Risolto da Ente Esterno;false;true;AMA;false
AMA;2026;12/03/2026;Risolto da Ente Esterno;false;true;AMA;false
CHIAMAROMA 060606;2026;12/03/2026;Risolto da Ente Esterno;false;true;AMA;false
AMA;2026;12/03/2026;Risolto da Ente Esterno;false;true;AMA;false
CHIAMAROMA 060606;2026;12/03/2026;Risolto da Ente Esterno;false;true;AMA;false
CHIAMAROMA 060606;2026;12/03/2026;Risolto da Ente Esterno;false;true;AMA;false
CHIAMAROMA 060606;2026;12/03/2026;In carico a ente esterno;false;true;POLIZIA LOCALE DI ROMA CAPITALE;true
CHIAMAROMA 060606;2026;12/03/2026;Risolto da Ente Esterno;false;true;AMA;false
CHIAMAROMA 060606;2026;12/03/2026;Risolto da Ente Esterno;false;true;AMA;false
CHIAMAROMA 060606;2026;12/03/2026;Risolto da Ente Esterno;false;true;AMA;false
CHIAMAROMA 060606;2026;12/03/2026;Risolto da Ente Esterno;false;true;AMA;false
CHIAMAROMA 060606;2026;12/03/2026;Risolto da Ente Esterno;false;true;AMA;false
CHIAMAROMA 060606;2026;12/03/2026;Risolto da Ente Esterno;false;true;AMA;false
CHIAMAROMA 060606;2026;12/03/2026;Risolto da Ente Esterno;false;true;AMA;false
CHIAMAROMA 060606;2026;12/03/2026;Risolto da Ente Esterno;false;true;AMA;false
CHIAMAROMA 060606;2026;12/03/2026;Risolto da Ente Esterno;false;true;AMA;false
CHIAMAROMA 060606;2026;12/03/2026;Risolto da Ente Esterno;false;true;AMA;false
CHIAMAROMA 060606;2026;12/03/2026;Risolto da Ente Esterno;false;true;AMA;false
CHIAMAROMA 060606;2026;12/03/2026;Risolto da Ente Esterno;false;true;AMA;false
CHIAMAROMA 060606;2026;12/03/2026;Risolto da Ente Esterno;false;true;AMA;false
GABINETTO DEL SINDACO;2026;12/03/2026;Risolto da Ente Esterno;false;true;AMA;false
CHIAMAROMA 060606;2026;12/03/2026;Risolto da Ente Esterno;false;true;AMA;false
CHIAMAROMA 060606;2026;12/03/2026;Risolto da Ente Esterno;false;true;AMA;false
CHIAMAROMA 060606;2026;12/03/2026;Risolto da Ente Esterno;false;true;AMA;false
CHIAMAROMA 060606;2026;12/03/2026;Risolto da Ente Esterno;false;true;AMA;false
CHIAMAROMA 060606;2026;12/03/2026;Risolto da Ente Esterno;false;true;AMA;false
CHIAMAROMA 060606;2026;12/03/2026;Risolto da Ente Esterno;false;true;AMA;false
AMA;2026;12/03/2026;Risolto da Ente Esterno;false;true;AMA;false
CHIAMAROMA 060606;2026;12/03/2026;Risolto da Ente Esterno;false;true;AMA;false
CHIAMAROMA 060606;2026;12/03/2026;Risolto da Ente Esterno;false;true;AMA;false
AMA;2026;12/03/2026;Risolto da Ente Esterno;false;true;AMA;false
CHIAMAROMA 060606;2026;12/03/2026;Risolto da Ente Esterno;false;true;AMA;false
CHIAMAROMA 060606;2026;12/03/2026;Risolto da Ente Esterno;false;true;AMA;false
CHIAMAROMA 060606;2026;12/03/2026;Risolto da Ente Esterno;false;true;AMA;false
CHIAMAROMA 060606;2026;12/03/2026;Risolto da Ente Esterno;false;true;AMA;false
CHIAMAROMA 060606;2026;12/03/2026;Risolto da Ente Esterno;false;true;AMA;false
CHIAMAROMA 060606;2026;12/03/2026;Risolto da Ente Esterno;false;true;AMA;false
CHIAMAROMA 060606;2026;12/03/2026;Risolto da Ente Esterno;false;true;AMA;false
AMA;2026;12/03/2026;Risolto da Ente Esterno;false;true;AMA;false
AMA;2026;12/03/2026;Risolto da Ente Esterno;false;true;AMA;false
AMA;2026;12/03/2026;Risolto da Ente Esterno;false;true;AMA;false
CHIAMAROMA 060606;2026;12/03/2026;Risolto al secondo livello;false;false;;false
CHIAMAROMA 060606;2026;12/03/2026;Risolto al secondo livello;false;true;AMA;false
CHIAMAROMA 060606;2026;12/03/2026;Risolto al secondo livello;false;true;AMA;false
CHIAMAROMA 060606;2026;12/03/2026;Risolto al secondo livello;false;true;AMA;false
CHIAMAROMA 060606;2026;12/03/2026;Risolto al secondo livello;false;true;AMA;false
DIPARTIMENTO TUTELA AMBIENTALE;2026;12/03/2026;Risolto al secondo livello;false;false;;false
CHIAMAROMA 060606;2026;12/03/2026;In carico a ente esterno;false;true;POLIZIA LOCALE DI ROMA CAPITALE;true
MUNICIPIO II;2026;12/03/2026;Risolto al secondo livello;false;false;;false
POLIZIA LOCALE DI ROMA CAPITALE;2026;12/03/2026;In carico a ente esterno;false;true;POLIZIA LOCALE DI ROMA CAPITALE;false
POLIZIA LOCALE DI ROMA CAPITALE;2026;12/03/2026;In carico a ente esterno;false;true;POLIZIA LOCALE DI ROMA CAPITALE;false
DIPARTIMENTO TUTELA AMBIENTALE;2026;12/03/2026;Risolto al secondo livello;false;false;;false
MUNICIPIO V;2026;12/03/2026;Risolto al secondo livello;false;false;;false
CHIAMAROMA 060606;2026;12/03/2026;In carico a ente esterno;false;true;POLIZIA LOCALE DI ROMA CAPITALE;true
CHIAMAROMA 060606;2026;12/03/2026;In carico a ente esterno;false;true;POLIZIA LOCALE DI ROMA CAPITALE;true
CHIAMAROMA 060606;2026;12/03/2026;Risolto al secondo livello;false;true;ATAC;false
CHIAMAROMA 060606;2026;12/03/2026;Risolto al secondo livello;false;false;;false
CHIAMAROMA 060606;2026;12/03/2026;Risolto al secondo livello;false;false;;false
CHIAMAROMA 060606;2026;12/03/2026;In carico a ente esterno;false;true;POLIZIA LOCALE DI ROMA CAPITALE;true
CHIAMAROMA 060606;2026;12/03/2026;In carico a ente esterno;false;true;POLIZIA LOCALE DI ROMA CAPITALE;true
DIPARTIMENTO VALORIZZAZIONE DEL PATRIMONIO E POLITICHE ABITATIVE;2026;12/03/2026;Risolto al secondo livello;false;false;;false
CHIAMAROMA 060606;2026;12/03/2026;In carico a ente esterno;false;true;POLIZIA LOCALE DI ROMA CAPITALE;true
POLIZIA LOCALE DI ROMA CAPITALE;2026;12/03/2026;In carico a ente esterno;false;true;POLIZIA LOCALE DI ROMA CAPITALE;false
POLIZIA LOCALE DI ROMA CAPITALE;2026;12/03/2026;In carico a ente esterno;false;true;POLIZIA LOCALE DI ROMA CAPITALE;false
POLIZIA LOCALE DI ROMA CAPITALE;2026;12/03/2026;In carico a ente esterno;false;true;POLIZIA LOCALE DI ROMA CAPITALE;false
POLIZIA LOCALE DI ROMA CAPITALE;2026;12/03/2026;In carico a ente esterno;false;true;POLIZIA LOCALE DI ROMA CAPITALE;false
CHIAMAROMA 060606;2026;12/03/2026;Risolto al secondo livello;false;false;;false
BACK OFFICE ROMA CAPITALE;2026;12/03/2026;Mancata risposta del cittadino;false;false;;false
DIPARTIMENTO SVILUPPO ECONOMICO E ATTIVITA’ PRODUTTIVE;2026;12/03/2026;Risolto al secondo livello;false;false;;false
CHIAMAROMA 060606;2026;12/03/2026;Risolto al secondo livello;false;false;;false
CHIAMAROMA 060606;2026;12/03/2026;Risolto al secondo livello;false;false;;false
CHIAMAROMA 060606;2026;12/03/2026;Risolto al secondo livello;false;false;;false
CHIAMAROMA 060606;2026;12/03/2026;Risolto al secondo livello;false;false;;false
CHIAMAROMA 060606;2026;12/03/2026;Risolto al secondo livello;false;false;;false
POLIZIA LOCALE (COMANDO GENERALE);2026;12/03/2026;Risolto al secondo livello;false;false;;false
BACK OFFICE ROMA CAPITALE;2026;12/03/2026;Risolto al primo livello;false;false;;false
CHIAMAROMA 060606;2026;12/03/2026;Risolto al secondo livello;false;false;;false
CHIAMAROMA 060606;2026;12/03/2026;Non più necessario;false;false;;false
CHIAMAROMA 060606;2026;12/03/2026;Risolto al secondo livello;false;false;;false
CHIAMAROMA 060606;2026;12/03/2026;In carico a ente esterno;false;true;POLIZIA LOCALE DI ROMA CAPITALE;true
CHIAMAROMA 060606;2026;12/03/2026;In carico a ente esterno;false;true;POLIZIA LOCALE DI ROMA CAPITALE;true
CHIAMAROMA 060606;2026;12/03/2026;In carico a ente esterno;false;true;POLIZIA LOCALE DI ROMA CAPITALE;true
CHIAMAROMA 060606;2026;12/03/2026;Risolto da Ente Esterno;false;true;AMA;false
CHIAMAROMA 060606;2026;12/03/2026;Risolto da Ente Esterno;false;true;AMA;false
CHIAMAROMA 060606;2026;12/03/2026;Risolto da Ente Esterno;false;true;AMA;false
CHIAMAROMA 060606;2026;12/03/2026;Risolto da Ente Esterno;false;true;AMA;false
CHIAMAROMA 060606;2026;12/03/2026;Risolto da Ente Esterno;false;true;AMA;false
CHIAMAROMA 060606;2026;12/03/2026;Risolto da Ente Esterno;false;true;AMA;false
CHIAMAROMA 060606;2026;12/03/2026;Risolto da Ente Esterno;false;true;AMA;false
CHIAMAROMA 060606;2026;12/03/2026;Risolto da Ente Esterno;false;true;AMA;false
CHIAMAROMA 060606;2026;12/03/2026;Risolto da Ente Esterno;false;true;AMA;false
CHIAMAROMA 060606;2026;12/03/2026;Risolto da Ente Esterno;false;true;AMA;false
CHIAMAROMA 060606;2026;12/03/2026;Risolto da Ente Esterno;false;true;AMA;false
CHIAMAROMA 060606;2026;12/03/2026;Risolto da Ente Esterno;false;true;AMA;false
CHIAMAROMA 060606;2026;12/03/2026;Risolto da Ente Esterno;false;true;AMA;false
CHIAMAROMA 060606;2026;12/03/2026;Risolto da Ente Esterno;false;true;AMA;false
CHIAMAROMA 060606;2026;12/03/2026;Risolto da Ente Esterno;false;true;AMA;false
CHIAMAROMA 060606;2026;12/03/2026;Risolto da Ente Esterno;false;true;AMA;false
CHIAMAROMA 060606;2026;12/03/2026;Risolto da Ente Esterno;false;true;AMA;false
CHIAMAROMA 060606;2026;12/03/2026;Risolto da Ente Esterno;false;true;AMA;false
CHIAMAROMA 060606;2026;12/03/2026;Risolto da Ente Esterno;false;true;AMA;false
CHIAMAROMA 060606;2026;12/03/2026;Risolto da Ente Esterno;false;true;AMA;false
CHIAMAROMA 060606;2026;12/03/2026;Risolto da Ente Esterno;false;true;AMA;false
CHIAMAROMA 060606;2026;12/03/2026;Risolto da Ente Esterno;false;true;AMA;false
CHIAMAROMA 060606;2026;12/03/2026;Risolto da Ente Esterno;false;true;AMA;false
CHIAMAROMA 060606;2026;12/03/2026;Risolto da Ente Esterno;false;true;AMA;false
CHIAMAROMA 060606;2026;12/03/2026;Risolto da Ente Esterno;false;true;AMA;false
AMA;2026;12/03/2026;Risolto da Ente Esterno;false;true;AMA;false
CHIAMAROMA 060606;2026;12/03/2026;Risolto da Ente Esterno;false;true;AMA;false
CHIAMAROMA 060606;2026;12/03/2026;Risolto da Ente Esterno;false;true;AMA;false
CHIAMAROMA 060606;2026;12/03/2026;Risolto da Ente Esterno;false;true;AMA;false
CHIAMAROMA 060606;2026;12/03/2026;Risolto da Ente Esterno;false;true;AMA;false
CHIAMAROMA 060606;2026;12/03/2026;Risolto da Ente Esterno;false;true;AMA;false
CHIAMAROMA 060606;2026;12/03/2026;Risolto da Ente Esterno;false;true;AMA;false
CHIAMAROMA 060606;2026;12/03/2026;Risolto da Ente Esterno;false;true;AMA;false
CHIAMAROMA 060606;2026;12/03/2026;Risolto da Ente Esterno;false;true;AMA;false
CHIAMAROMA 060606;2026;12/03/2026;Risolto da Ente Esterno;false;true;AMA;false
CHIAMAROMA 060606;2026;12/03/2026;Risolto da Ente Esterno;false;true;AMA;false
AMA;2026;12/03/2026;Risolto da Ente Esterno;false;true;AMA;false
CHIAMAROMA 060606;2026;12/03/2026;Risolto da Ente Esterno;false;true;AMA;false
CHIAMAROMA 060606;2026;12/03/2026;Risolto da Ente Esterno;false;true;AMA;false
CHIAMAROMA 060606;2026;12/03/2026;Risolto da Ente Esterno;false;true;AMA;false
CHIAMAROMA 060606;2026;12/03/2026;Risolto da Ente Esterno;false;true;AMA;false
CHIAMAROMA 060606;2026;12/03/2026;Risolto da Ente Esterno;false;true;AMA;false
CHIAMAROMA 060606;2026;12/03/2026;Risolto da Ente Esterno;false;true;AMA;false
GABINETTO DEL SINDACO;2026;12/03/2026;In carico a ente esterno;false;true;POLIZIA LOCALE DI ROMA CAPITALE;false
CHIAMAROMA 060606;2026;12/03/2026;In carico a ente esterno;false;true;POLIZIA LOCALE DI ROMA CAPITALE;true
GABINETTO DEL SINDACO;2026;12/03/2026;In carico a ente esterno;false;true;POLIZIA LOCALE DI ROMA CAPITALE;false
POLIZIA LOCALE DI ROMA CAPITALE;2026;12/03/2026;In carico a ente esterno;false;true;POLIZIA LOCALE DI ROMA CAPITALE;false
POLIZIA LOCALE DI ROMA CAPITALE;2026;12/03/2026;In carico a ente esterno;false;true;POLIZIA LOCALE DI ROMA CAPITALE;false
POLIZIA LOCALE DI ROMA CAPITALE;2026;12/03/2026;In carico a ente esterno;false;true;POLIZIA LOCALE DI ROMA CAPITALE;false
POLIZIA LOCALE DI ROMA CAPITALE;2026;12/03/2026;In carico a ente esterno;false;true;POLIZIA LOCALE DI ROMA CAPITALE;false
DIPARTIMENTO INFRASTRUTTURE E LAVORI PUBBLICI;2026;12/03/2026;Risolto al secondo livello;false;false;;false
CHIAMAROMA 060606;2026;12/03/2026;Risolto al secondo livello;false;false;;false
RAGIONERIA GENERALE;2026;12/03/2026;Risolto al secondo livello;false;false;;false
RAGIONERIA GENERALE;2026;12/03/2026;Risolto al secondo livello;false;false;;false
CHIAMAROMA 060606;2026;12/03/2026;In carico a ente esterno;false;true;POLIZIA LOCALE DI ROMA CAPITALE;true
CHIAMAROMA 060606;2026;12/03/2026;In carico a ente esterno;false;true;POLIZIA LOCALE DI ROMA CAPITALE;true
CHIAMAROMA 060606;2026;12/03/2026;In carico a ente esterno;false;true;POLIZIA LOCALE DI ROMA CAPITALE;true
RAGIONERIA GENERALE;2026;12/03/2026;Risolto al secondo livello;false;false;;false
DIPARTIMENTO MOBILITA’ SOSTENIBILE E TRASPORTI;2026;12/03/2026;Risolto al primo livello;false;false;;false
RAGIONERIA GENERALE;2026;12/03/2026;Risolto al secondo livello;false;false;;false
CHIAMAROMA 060606;2026;12/03/2026;Risolto al secondo livello;false;false;;false
GABINETTO DEL SINDACO;2026;12/03/2026;Risolto al primo livello;false;false;;false
POLIZIA LOCALE DI ROMA CAPITALE;2026;12/03/2026;In carico a ente esterno;false;true;POLIZIA LOCALE DI ROMA CAPITALE;false
POLIZIA LOCALE DI ROMA CAPITALE;2026;12/03/2026;In carico a ente esterno;false;true;POLIZIA LOCALE DI ROMA CAPITALE;false
CHIAMAROMA 060606;2026;12/03/2026;In carico a ente esterno;false;true;POLIZIA LOCALE DI ROMA CAPITALE;true
CHIAMAROMA 060606;2026;12/03/2026;Risolto al secondo livello;false;false;;false
RAGIONERIA GENERALE;2026;12/03/2026;Risolto al secondo livello;false;false;;false
DIPARTIMENTO MONITORAGGIO QUALITA' DEI SERVIZI E COMUNICAZIONE ISTITUZIONALE;2026;12/03/2026;Risolto al secondo livello;false;false;;false
CHIAMAROMA 060606;2026;12/03/2026;In carico a ente esterno;false;true;POLIZIA LOCALE DI ROMA CAPITALE;true
CHIAMAROMA 060606;2026;12/03/2026;Risolto al secondo livello;false;false;;false
CHIAMAROMA 060606;2026;12/03/2026;In carico a ente esterno;false;true;POLIZIA LOCALE DI ROMA CAPITALE;true
MUNICIPIO I;2026;12/03/2026;Risolto al secondo livello;false;false;;false
RAGIONERIA GENERALE;2026;12/03/2026;Risolto al secondo livello;false;false;;false
CHIAMAROMA 060606;2026;12/03/2026;Risolto al secondo livello;false;false;;false
CHIAMAROMA 060606;2026;12/03/2026;Risolto al secondo livello;false;false;;false
CHIAMAROMA 060606;2026;12/03/2026;Risolto al secondo livello;false;false;;false
RAGIONERIA GENERALE;2026;12/03/2026;Risolto al secondo livello;false;false;;false
CHIAMAROMA 060606;2026;12/03/2026;Risolto al secondo livello;false;false;;false
CHIAMAROMA 060606;2026;12/03/2026;In carico a ente esterno;false;true;POLIZIA LOCALE DI ROMA CAPITALE;true
CHIAMAROMA 060606;2026;12/03/2026;Risolto al secondo livello;false;false;;false
RAGIONERIA GENERALE;2026;12/03/2026;Risolto al secondo livello;false;false;;false
DIPARTIMENTO MOBILITA’ SOSTENIBILE E TRASPORTI;2026;12/03/2026;Risolto al secondo livello;false;false;;false
RAGIONERIA GENERALE;2026;12/03/2026;Risolto al secondo livello;false;false;;false
CHIAMAROMA 060606;2026;12/03/2026;In carico a ente esterno;false;true;POLIZIA LOCALE DI ROMA CAPITALE;true
CHIAMAROMA 060606;2026;12/03/2026;Risolto al secondo livello;false;false;;false
RAGIONERIA GENERALE;2026;12/03/2026;Risolto al secondo livello;false;false;;false
CHIAMAROMA 060606;2026;12/03/2026;Risolto al secondo livello;false;false;;false
MUNICIPIO II;2026;12/03/2026;Risolto al secondo livello;false;false;;false
CHIAMAROMA 060606;2026;12/03/2026;Risolto al secondo livello;false;false;;false
CHIAMAROMA 060606;2026;12/03/2026;Risolto al secondo livello;false;false;;false
MUNICIPIO IX;2026;12/03/2026;Non più necessario;false;false;;false
RAGIONERIA GENERALE;2026;12/03/2026;Risolto al secondo livello;false;false;;false
CHIAMAROMA 060606;2026;12/03/2026;Risolto al secondo livello;false;false;;false
CHIAMAROMA 060606;2026;12/03/2026;Risolto al primo livello;false;false;;false
MUNICIPIO II;2026;12/03/2026;Risolto al secondo livello;false;false;;false
CHIAMAROMA 060606;2026;12/03/2026;Risolto al secondo livello;false;false;;false
CHIAMAROMA 060606;2026;12/03/2026;In carico a ente esterno;false;true;POLIZIA LOCALE DI ROMA CAPITALE;true
CHIAMAROMA 060606;2026;12/03/2026;In carico a ente esterno;false;true;POLIZIA LOCALE DI ROMA CAPITALE;true
POLIZIA LOCALE DI ROMA CAPITALE;2026;12/03/2026;In carico a ente esterno;false;true;POLIZIA LOCALE DI ROMA CAPITALE;false
POLIZIA LOCALE DI ROMA CAPITALE;2026;12/03/2026;In carico a ente esterno;false;true;POLIZIA LOCALE DI ROMA CAPITALE;false
POLIZIA LOCALE DI ROMA CAPITALE;2026;12/03/2026;In carico a ente esterno;false;true;POLIZIA LOCALE DI ROMA CAPITALE;false
POLIZIA LOCALE DI ROMA CAPITALE;2026;12/03/2026;In carico a ente esterno;false;true;POLIZIA LOCALE DI ROMA CAPITALE;false
POLIZIA LOCALE DI ROMA CAPITALE;2026;12/03/2026;In carico a ente esterno;false;true;POLIZIA LOCALE DI ROMA CAPITALE;false
CHIAMAROMA 060606;2026;12/03/2026;In carico a ente esterno;false;true;POLIZIA LOCALE DI ROMA CAPITALE;true
CHIAMAROMA 060606;2026;12/03/2026;In carico a ente esterno;false;true;POLIZIA LOCALE DI ROMA CAPITALE;true
CHIAMAROMA 060606;2026;12/03/2026;Risolto al secondo livello;false;false;;false
CHIAMAROMA 060606;2026;12/03/2026;Risolto al secondo livello;false;false;;false
CHIAMAROMA 060606;2026;12/03/2026;In carico a ente esterno;false;true;POLIZIA LOCALE DI ROMA CAPITALE;true
CHIAMAROMA 060606;2026;12/03/2026;Risolto al secondo livello;false;false;;false
CHIAMAROMA 060606;2026;12/03/2026;In carico a ente esterno;false;true;POLIZIA LOCALE DI ROMA CAPITALE;true
CHIAMAROMA 060606;2026;12/03/2026;In carico a ente esterno;false;true;POLIZIA LOCALE DI ROMA CAPITALE;true
CHIAMAROMA 060606;2026;12/03/2026;Risolto al secondo livello;false;false;;false
MUNICIPIO III;2026;12/03/2026;Risolto al secondo livello;false;false;;false
CHIAMAROMA 060606;2026;12/03/2026;In carico a ente esterno;false;true;POLIZIA LOCALE DI ROMA CAPITALE;true
CHIAMAROMA 060606;2026;12/03/2026;Risolto al secondo livello;false;false;;false
CHIAMAROMA 060606;2026;12/03/2026;Risolto al secondo livello;false;false;;false
CHIAMAROMA 060606;2026;12/03/2026;Risolto al secondo livello;false;false;;false
CHIAMAROMA 060606;2026;12/03/2026;Risolto al secondo livello;false;false;;false
CHIAMAROMA 060606;2026;12/03/2026;Risolto al secondo livello;false;false;;false
CHIAMAROMA 060606;2026;12/03/2026;Risolto al secondo livello;false;false;;false
MUNICIPIO XI;2026;12/03/2026;Risolto al secondo livello;false;false;;false
CHIAMAROMA 060606;2026;12/03/2026;In carico a ente esterno;false;true;POLIZIA LOCALE DI ROMA CAPITALE;true
MUNICIPIO II;2026;12/03/2026;Risolto al secondo livello;false;false;;false
CHIAMAROMA 060606;2026;12/03/2026;Risolto al secondo livello;false;false;;false
MUNICIPIO II;2026;12/03/2026;Risolto al secondo livello;false;false;;false
CHIAMAROMA 060606;2026;12/03/2026;Risolto al secondo livello;false;false;;false
CHIAMAROMA 060606;2026;12/03/2026;Risolto al secondo livello;false;false;;false
CHIAMAROMA 060606;2026;12/03/2026;Risolto al secondo livello;false;false;;false
CHIAMAROMA 060606;2026;12/03/2026;Risolto al secondo livello;false;false;;false
CHIAMAROMA 060606;2026;12/03/2026;Risolto al secondo livello;false;false;;false
CHIAMAROMA 060606;2026;12/03/2026;Risolto al secondo livello;false;false;;false
CHIAMAROMA 060606;2026;12/03/2026;Risolto da Ente Esterno;false;true;AMA;false
AMA;2026;12/03/2026;Risolto da Ente Esterno;false;true;AMA;false
CHIAMAROMA 060606;2026;12/03/2026;Risolto da Ente Esterno;false;true;AMA;false
CHIAMAROMA 060606;2026;12/03/2026;Risolto da Ente Esterno;false;true;AMA;false
CHIAMAROMA 060606;2026;12/03/2026;Risolto da Ente Esterno;false;true;AMA;false
CHIAMAROMA 060606;2026;12/03/2026;Risolto da Ente Esterno;false;true;AMA;false
CHIAMAROMA 060606;2026;12/03/2026;Risolto da Ente Esterno;false;true;AMA;false
CHIAMAROMA 060606;2026;12/03/2026;Risolto da Ente Esterno;false;true;AMA;false
CHIAMAROMA 060606;2026;12/03/2026;Risolto da Ente Esterno;false;true;AMA;false
CHIAMAROMA 060606;2026;12/03/2026;Risolto da Ente Esterno;false;true;AMA;false
CHIAMAROMA 060606;2026;12/03/2026;Risolto da Ente Esterno;false;true;AMA;false
CHIAMAROMA 060606;2026;12/03/2026;Risolto da Ente Esterno;false;true;AMA;false
CHIAMAROMA 060606;2026;12/03/2026;Risolto da Ente Esterno;false;true;AMA;false
CHIAMAROMA 060606;2026;12/03/2026;Risolto da Ente Esterno;false;true;AMA;false
CHIAMAROMA 060606;2026;12/03/2026;Risolto da Ente Esterno;false;true;AMA;false
MUNICIPIO IX;2026;12/03/2026;Risolto da Ente Esterno;false;true;AMA;false
CHIAMAROMA 060606;2026;12/03/2026;Risolto da Ente Esterno;false;true;AMA;false
CHIAMAROMA 060606;2026;12/03/2026;Risolto da Ente Esterno;false;true;AMA;false
DIPARTIMENTO CICLO RIFIUTI;2026;12/03/2026;Risolto da Ente Esterno;false;true;AMA;false
CHIAMAROMA 060606;2026;12/03/2026;Risolto da Ente Esterno;false;true;AMA;false
CHIAMAROMA 060606;2026;12/03/2026;Risolto da Ente Esterno;false;true;AMA;false
CHIAMAROMA 060606;2026;12/03/2026;Risolto da Ente Esterno;false;true;AMA;false
CHIAMAROMA 060606;2026;12/03/2026;In carico a ente esterno;false;true;POLIZIA LOCALE DI ROMA CAPITALE;true
POLIZIA LOCALE DI ROMA CAPITALE;2026;12/03/2026;In carico a ente esterno;false;true;POLIZIA LOCALE DI ROMA CAPITALE;false
CHIAMAROMA 060606;2026;12/03/2026;In carico a ente esterno;false;true;POLIZIA LOCALE DI ROMA CAPITALE;true
DIPARTIMENTO TUTELA AMBIENTALE;2026;12/03/2026;Risolto al secondo livello;false;false;;false
MUNICIPIO III;2026;12/03/2026;In carico a ente esterno;false;true;POLIZIA LOCALE DI ROMA CAPITALE;false
MUNICIPIO X;2026;12/03/2026;Risolto al secondo livello;false;false;;false
CHIAMAROMA 060606;2026;12/03/2026;Risolto al secondo livello;false;false;;false
GABINETTO DEL SINDACO;2026;12/03/2026;Risolto al secondo livello;false;false;;false
CHIAMAROMA 060606;2026;12/03/2026;Risolto al secondo livello;false;false;;false
CHIAMAROMA 060606;2026;12/03/2026;Risolto al secondo livello;false;false;;false
CHIAMAROMA 060606;2026;12/03/2026;Risolto al secondo livello;false;false;;false
CHIAMAROMA 060606;2026;12/03/2026;In carico a ente esterno;false;true;POLIZIA LOCALE DI ROMA CAPITALE;true
CHIAMAROMA 060606;2026;12/03/2026;Risolto al secondo livello;false;false;;false
CHIAMAROMA 060606;2026;12/03/2026;Risolto al primo livello;false;false;;true
CHIAMAROMA 060606;2026;12/03/2026;Risolto al secondo livello;false;false;;false
CHIAMAROMA 060606;2026;12/03/2026;In carico a ente esterno;false;true;POLIZIA LOCALE DI ROMA CAPITALE;true
CHIAMAROMA 060606;2026;12/03/2026;In carico a ente esterno;false;true;POLIZIA LOCALE DI ROMA CAPITALE;true
CHIAMAROMA 060606;2026;12/03/2026;Risolto al secondo livello;false;false;;false
CHIAMAROMA 060606;2026;12/03/2026;Risolto al secondo livello;false;false;;false
CHIAMAROMA 060606;2026;12/03/2026;In carico a ente esterno;false;true;POLIZIA LOCALE DI ROMA CAPITALE;true
POLIZIA LOCALE DI ROMA CAPITALE;2026;12/03/2026;In carico a ente esterno;false;true;POLIZIA LOCALE DI ROMA CAPITALE;false
POLIZIA LOCALE DI ROMA CAPITALE;2026;12/03/2026;In carico a ente esterno;false;true;POLIZIA LOCALE DI ROMA CAPITALE;false
CHIAMAROMA 060606;2026;12/03/2026;In carico a ente esterno;false;false;;false
CHIAMAROMA 060606;2026;12/03/2026;Risolto al secondo livello;false;false;;false
RAGIONERIA GENERALE;2026;12/03/2026;Risolto al secondo livello;false;false;;false
DIPARTIMENTO TUTELA AMBIENTALE;2026;12/03/2026;In carico a ente esterno;false;false;;false
CHIAMAROMA 060606;2026;12/03/2026;Non più necessario;false;false;;false
CHIAMAROMA 060606;2026;12/03/2026;Non più necessario;false;false;;false
CHIAMAROMA 060606;2026;12/03/2026;Non più necessario;false;false;;false
CHIAMAROMA 060606;2026;12/03/2026;Non più necessario;false;false;;false
CHIAMAROMA 060606;2026;12/03/2026;Non più necessario;false;false;;false
CHIAMAROMA 060606;2026;12/03/2026;Non più necessario;false;false;;false
DIPARTIMENTO TUTELA AMBIENTALE;2026;12/03/2026;Non più necessario;false;false;;false
CHIAMAROMA 060606;2026;12/03/2026;Non più necessario;false;false;;false
CHIAMAROMA 060606;2026;12/03/2026;Non più necessario;false;false;;false
CHIAMAROMA 060606;2026;12/03/2026;Non più necessario;false;false;;false
CHIAMAROMA 060606;2026;12/03/2026;In carico a ente esterno;false;false;;false
CHIAMAROMA 060606;2026;12/03/2026;Risolto al secondo livello;true;false;;false
CHIAMAROMA 060606;2026;12/03/2026;Non più necessario;false;false;;false
DIPARTIMENTO TUTELA AMBIENTALE;2026;12/03/2026;Risolto al secondo livello;false;false;;false
DIPARTIMENTO TUTELA AMBIENTALE;2026;12/03/2026;Non più necessario;false;false;;false
CHIAMAROMA 060606;2026;12/03/2026;Non più necessario;false;false;;false
CHIAMAROMA 060606;2026;12/03/2026;Non più necessario;false;false;;false
CHIAMAROMA 060606;2026;12/03/2026;In carico a ente esterno;false;false;;false
POLIZIA LOCALE DI ROMA CAPITALE;2026;12/03/2026;Non lavorabile o dati insufficienti;false;false;;false
CHIAMAROMA 060606;2026;12/03/2026;Non più necessario;false;false;;false
CHIAMAROMA 060606;2026;12/03/2026;Risolto al primo livello;false;false;;false
CHIAMAROMA 060606;2026;12/03/2026;Non più necessario;false;false;;false
DIPARTIMENTO TUTELA AMBIENTALE;2026;12/03/2026;Non più necessario;false;false;;false
CHIAMAROMA 060606;2026;12/03/2026;In carico a ente esterno;false;true;POLIZIA LOCALE DI ROMA CAPITALE;true
CHIAMAROMA 060606;2026;12/03/2026;Non più necessario;false;false;;false
DIPARTIMENTO TUTELA AMBIENTALE;2026;12/03/2026;Non più necessario;false;false;;false
CHIAMAROMA 060606;2026;12/03/2026;Non più necessario;false;false;;false
CHIAMAROMA 060606;2026;12/03/2026;Non più necessario;false;false;;false
CHIAMAROMA 060606;2026;12/03/2026;Non più necessario;false;false;;false
CHIAMAROMA 060606;2026;12/03/2026;Non più necessario;false;false;;false
CHIAMAROMA 060606;2026;12/03/2026;Non più necessario;false;false;;false
CHIAMAROMA 060606;2026;12/03/2026;Non più necessario;false;false;;false
CHIAMAROMA 060606;2026;12/03/2026;Non più necessario;false;false;;false
CHIAMAROMA 060606;2026;12/03/2026;Non più necessario;false;false;;false
CHIAMAROMA 060606;2026;12/03/2026;Non più necessario;false;false;;false
CHIAMAROMA 060606;2026;12/03/2026;Non più necessario;false;false;;false
CHIAMAROMA 060606;2026;12/03/2026;Non più necessario;false;false;;false
DIPARTIMENTO MOBILITA’ SOSTENIBILE E TRASPORTI;2026;12/03/2026;Non più necessario;false;false;;false
CHIAMAROMA 060606;2026;12/03/2026;Non più necessario;false;false;;false
MUNICIPIO VIII;2026;12/03/2026;Non più necessario;false;false;;false
CHIAMAROMA 060606;2026;12/03/2026;Non più necessario;false;false;;false
DIPARTIMENTO TUTELA AMBIENTALE;2026;12/03/2026;Non più necessario;false;false;;false
CHIAMAROMA 060606;2026;12/03/2026;Non più necessario;false;false;;false
CHIAMAROMA 060606;2026;12/03/2026;Risolto al secondo livello;false;false;;false
CHIAMAROMA 060606;2026;12/03/2026;Non più necessario;false;false;;false
CHIAMAROMA 060606;2026;12/03/2026;Non più necessario;false;false;;false
CHIAMAROMA 060606;2026;12/03/2026;Non più necessario;false;false;;false
CHIAMAROMA 060606;2026;12/03/2026;In carico a ente esterno;false;true;POLIZIA LOCALE DI ROMA CAPITALE;true
CHIAMAROMA 060606;2026;12/03/2026;Non più necessario;false;false;;false
CHIAMAROMA 060606;2026;12/03/2026;Non più necessario;false;false;;false
CHIAMAROMA 060606;2026;12/03/2026;Risolto al secondo livello;false;false;;false
CHIAMAROMA 060606;2026;12/03/2026;Non più necessario;false;false;;false
POLIZIA LOCALE DI ROMA CAPITALE;2026;12/03/2026;In carico a ente esterno;false;true;POLIZIA LOCALE DI ROMA CAPITALE;false
POLIZIA LOCALE DI ROMA CAPITALE;2026;12/03/2026;In carico a ente esterno;false;true;POLIZIA LOCALE DI ROMA CAPITALE;false
CHIAMAROMA 060606;2026;12/03/2026;Non più necessario;false;false;;false
CHIAMAROMA 060606;2026;12/03/2026;Non più necessario;false;false;;false
CHIAMAROMA 060606;2026;12/03/2026;Non più necessario;false;false;;false
CHIAMAROMA 060606;2026;12/03/2026;Risolto al secondo livello;false;false;;false
CHIAMAROMA 060606;2026;12/03/2026;Non più necessario;false;false;;false
CHIAMAROMA 060606;2026;12/03/2026;Non più necessario;false;false;;false
CHIAMAROMA 060606;2026;12/03/2026;Non più necessario;false;false;;false
CHIAMAROMA 060606;2026;12/03/2026;Non più necessario;false;false;;false
CHIAMAROMA 060606;2026;12/03/2026;Non più necessario;false;false;;false
CHIAMAROMA 060606;2026;12/03/2026;Non più necessario;false;false;;false
CHIAMAROMA 060606;2026;12/03/2026;Non più necessario;false;false;;false
MUNICIPIO III;2026;12/03/2026;Risolto al secondo livello;false;false;;false
CHIAMAROMA 060606;2026;12/03/2026;Risolto al primo livello;false;false;;false
CHIAMAROMA 060606;2026;12/03/2026;Non più necessario;false;false;;false
CHIAMAROMA 060606;2026;12/03/2026;In carico a ente esterno;false;true;POLIZIA LOCALE DI ROMA CAPITALE;true
CHIAMAROMA 060606;2026;12/03/2026;Non più necessario;false;false;;false
DIPARTIMENTO TUTELA AMBIENTALE;2026;12/03/2026;Non più necessario;false;false;;false
MUNICIPIO X;2026;12/03/2026;Non più necessario;false;false;;false
CHIAMAROMA 060606;2026;12/03/2026;Risolto al secondo livello;true;false;;false
CHIAMAROMA 060606;2026;12/03/2026;Non più necessario;false;false;;false
CHIAMAROMA 060606;2026;12/03/2026;Non più necessario;false;false;;false
CHIAMAROMA 060606;2026;12/03/2026;Non più necessario;false;false;;false
CHIAMAROMA 060606;2026;12/03/2026;Non più necessario;false;false;;false
DIPARTIMENTO INFRASTRUTTURE E LAVORI PUBBLICI;2026;12/03/2026;Non più necessario;false;false;;false
CHIAMAROMA 060606;2026;12/03/2026;Non più necessario;false;false;;false
CHIAMAROMA 060606;2026;12/03/2026;Non più necessario;false;false;;false
CHIAMAROMA 060606;2026;12/03/2026;Non più necessario;false;false;;false
CHIAMAROMA 060606;2026;12/03/2026;Non più necessario;false;false;;false
CHIAMAROMA 060606;2026;12/03/2026;Non più necessario;false;false;;false
CHIAMAROMA 060606;2026;12/03/2026;Risolto al secondo livello;false;false;;false
CHIAMAROMA 060606;2026;12/03/2026;Non più necessario;false;false;;false
CHIAMAROMA 060606;2026;12/03/2026;Non più necessario;false;false;;false
DIPARTIMENTO INFRASTRUTTURE E LAVORI PUBBLICI;2026;12/03/2026;Non più necessario;false;false;;false
CHIAMAROMA 060606;2026;12/03/2026;Non più necessario;false;false;;false
CHIAMAROMA 060606;2026;12/03/2026;In carico a ente esterno;false;true;POLIZIA LOCALE DI ROMA CAPITALE;true
CHIAMAROMA 060606;2026;12/03/2026;Non più necessario;false;false;;false
CHIAMAROMA 060606;2026;12/03/2026;Non più necessario;false;false;;false
CHIAMAROMA 060606;2026;12/03/2026;Non più necessario;false;false;;false
CHIAMAROMA 060606;2026;12/03/2026;Non più necessario;false;false;;false
CHIAMAROMA 060606;2026;12/03/2026;Non più necessario;false;false;;false
DIPARTIMENTO TUTELA AMBIENTALE;2026;12/03/2026;Non più necessario;false;false;;false
CHIAMAROMA 060606;2026;12/03/2026;Non più necessario;false;false;;false
DIPARTIMENTO INFRASTRUTTURE E LAVORI PUBBLICI;2026;12/03/2026;Non più necessario;false;false;;false
CHIAMAROMA 060606;2026;12/03/2026;Non più necessario;false;false;;false
CHIAMAROMA 060606;2026;12/03/2026;Risolto al secondo livello;false;false;;false
CHIAMAROMA 060606;2026;12/03/2026;Non più necessario;false;false;;false
GABINETTO DEL SINDACO;2026;12/03/2026;Non più necessario;false;false;;false
DIPARTIMENTO TUTELA AMBIENTALE;2026;12/03/2026;Non più necessario;false;false;;false
MUNICIPIO VII;2026;12/03/2026;Risolto al secondo livello;false;false;;false
CHIAMAROMA 060606;2026;12/03/2026;Risolto al secondo livello;false;false;;false
POLIZIA LOCALE (3° Gruppo NOMENTANO);2026;12/03/2026;Risolto al secondo livello;false;false;;false
CHIAMAROMA 060606;2026;12/03/2026;In carico a ente esterno;false;true;POLIZIA LOCALE DI ROMA CAPITALE;true
DIPARTIMENTO TUTELA AMBIENTALE;2026;12/03/2026;Non più necessario;false;false;;false
CHIAMAROMA 060606;2026;12/03/2026;In carico a ente esterno;false;true;POLIZIA LOCALE DI ROMA CAPITALE;true
DIPARTIMENTO TUTELA AMBIENTALE;2026;12/03/2026;Non più necessario;false;false;;false
MUNICIPIO III;2026;12/03/2026;Non più necessario;false;false;;false
CHIAMAROMA 060606;2026;12/03/2026;Non più necessario;false;false;;false
CHIAMAROMA 060606;2026;12/03/2026;Non più necessario;false;false;;false
CHIAMAROMA 060606;2026;12/03/2026;In carico a ente esterno;false;true;POLIZIA LOCALE DI ROMA CAPITALE;true
DIPARTIMENTO TUTELA AMBIENTALE;2026;12/03/2026;Risolto al secondo livello;false;false;;false
CHIAMAROMA 060606;2026;12/03/2026;Non più necessario;false;false;;false
CHIAMAROMA 060606;2026;12/03/2026;In carico a ente esterno;false;true;POLIZIA LOCALE DI ROMA CAPITALE;true
MUNICIPIO II;2026;12/03/2026;Risolto da Ente Esterno;false;true;AMA;false
CHIAMAROMA 060606;2026;12/03/2026;Risolto da Ente Esterno;false;true;AMA;false
CHIAMAROMA 060606;2026;12/03/2026;Risolto da Ente Esterno;false;true;AMA;false
CHIAMAROMA 060606;2026;12/03/2026;Risolto da Ente Esterno;false;true;AMA;false
CHIAMAROMA 060606;2026;12/03/2026;Risolto da Ente Esterno;false;true;AMA;false
CHIAMAROMA 060606;2026;12/03/2026;Risolto da Ente Esterno;false;true;AMA;false
CHIAMAROMA 060606;2026;12/03/2026;Risolto da Ente Esterno;false;true;AMA;false
CHIAMAROMA 060606;2026;12/03/2026;Risolto da Ente Esterno;false;true;AMA;false
CHIAMAROMA 060606;2026;12/03/2026;Risolto da Ente Esterno;false;true;AMA;false
CHIAMAROMA 060606;2026;12/03/2026;Risolto da Ente Esterno;false;true;AMA;false
CHIAMAROMA 060606;2026;12/03/2026;Risolto da Ente Esterno;false;true;AMA;false
CHIAMAROMA 060606;2026;12/03/2026;Risolto da Ente Esterno;false;true;AMA;false
CHIAMAROMA 060606;2026;12/03/2026;Risolto da Ente Esterno;false;true;AMA;false
CHIAMAROMA 060606;2026;12/03/2026;Risolto da Ente Esterno;false;true;AMA;false
CHIAMAROMA 060606;2026;12/03/2026;Risolto da Ente Esterno;false;true;AMA;false
CHIAMAROMA 060606;2026;12/03/2026;Risolto da Ente Esterno;false;true;AMA;false
CHIAMAROMA 060606;2026;12/03/2026;Risolto da Ente Esterno;false;true;AMA;false
CHIAMAROMA 060606;2026;12/03/2026;Risolto da Ente Esterno;false;true;AMA;false
CHIAMAROMA 060606;2026;12/03/2026;Risolto da Ente Esterno;false;true;AMA;false
BACK OFFICE ROMA CAPITALE;2026;12/03/2026;Risolto da Ente Esterno;false;true;AMA;false
CHIAMAROMA 060606;2026;12/03/2026;Non più necessario;false;false;;false
CHIAMAROMA 060606;2026;12/03/2026;Non più necessario;false;false;;false
DIPARTIMENTO TUTELA AMBIENTALE;2026;12/03/2026;Non più necessario;false;false;;false
CHIAMAROMA 060606;2026;12/03/2026;Risolto al secondo livello;false;false;;false
CHIAMAROMA 060606;2026;12/03/2026;Non più necessario;false;false;;false
CHIAMAROMA 060606;2026;12/03/2026;Non più necessario;false;false;;false
DIPARTIMENTO TUTELA AMBIENTALE;2026;12/03/2026;Non più necessario;false;false;;false
CHIAMAROMA 060606;2026;12/03/2026;In carico a ente esterno;false;true;POLIZIA LOCALE DI ROMA CAPITALE;true
CHIAMAROMA 060606;2026;12/03/2026;Non più necessario;false;false;;false
CHIAMAROMA 060606;2026;12/03/2026;Non più necessario;false;false;;false
CHIAMAROMA 060606;2026;12/03/2026;Risolto al secondo livello;false;false;;false
CHIAMAROMA 060606;2026;12/03/2026;Non più necessario;false;false;;false
CHIAMAROMA 060606;2026;12/03/2026;Non più necessario;false;false;;false
CHIAMAROMA 060606;2026;12/03/2026;Risolto al secondo livello;false;false;;false
CHIAMAROMA 060606;2026;12/03/2026;Risolto al primo livello;false;false;;false
DIPARTIMENTO TUTELA AMBIENTALE;2026;12/03/2026;Non più necessario;false;false;;false
CHIAMAROMA 060606;2026;12/03/2026;Risolto al secondo livello;false;false;;false
POLIZIA LOCALE (8° Gruppo TINTORETTO);2026;12/03/2026;Trasferito telefonicamente a call center esterno o per pronto intervento;false;false;;false
CHIAMAROMA 060606;2026;12/03/2026;In carico a ente esterno;false;true;POLIZIA LOCALE DI ROMA CAPITALE;true
CHIAMAROMA 060606;2026;12/03/2026;In carico a ente esterno;false;true;POLIZIA LOCALE DI ROMA CAPITALE;true
POLIZIA LOCALE DI ROMA CAPITALE;2026;12/03/2026;In carico a ente esterno;false;true;POLIZIA LOCALE DI ROMA CAPITALE;false
POLIZIA LOCALE DI ROMA CAPITALE;2026;12/03/2026;In carico a ente esterno;false;true;POLIZIA LOCALE DI ROMA CAPITALE;false
POLIZIA LOCALE DI ROMA CAPITALE;2026;12/03/2026;In carico a ente esterno;false;true;POLIZIA LOCALE DI ROMA CAPITALE;false
POLIZIA LOCALE DI ROMA CAPITALE;2026;12/03/2026;In carico a ente esterno;false;true;POLIZIA LOCALE DI ROMA CAPITALE;false
CHIAMAROMA 060606;2026;12/03/2026;In carico a ente esterno;false;true;POLIZIA LOCALE DI ROMA CAPITALE;true
CHIAMAROMA 060606;2026;12/03/2026;In carico a ente esterno;false;true;POLIZIA LOCALE DI ROMA CAPITALE;true
CHIAMAROMA 060606;2026;12/03/2026;In carico a ente esterno;false;true;POLIZIA LOCALE DI ROMA CAPITALE;true
POLIZIA LOCALE (COMANDO GENERALE);2026;12/03/2026;Risolto al secondo livello;false;false;;false
MUNICIPIO V;2026;12/03/2026;Risolto al secondo livello;false;false;;false
POLIZIA LOCALE DI ROMA CAPITALE;2026;12/03/2026;In carico a ente esterno;false;true;POLIZIA LOCALE DI ROMA CAPITALE;false
POLIZIA LOCALE DI ROMA CAPITALE;2026;12/03/2026;In carico a ente esterno;false;true;POLIZIA LOCALE DI ROMA CAPITALE;false
CHIAMAROMA 060606;2026;12/03/2026;In carico a ente esterno;false;true;POLIZIA LOCALE DI ROMA CAPITALE;true
BACK OFFICE ROMA CAPITALE;2026;12/03/2026;In carico a ente esterno;false;true;POLIZIA LOCALE DI ROMA CAPITALE;false
BACK OFFICE ROMA CAPITALE;2026;12/03/2026;In carico a ente esterno;false;true;POLIZIA LOCALE DI ROMA CAPITALE;false
POLIZIA LOCALE (14° Gruppo MONTEMARIO);2026;12/03/2026;Risolto al secondo livello;false;false;;false
CHIAMAROMA 060606;2026;12/03/2026;In carico a ente esterno;false;true;POLIZIA LOCALE DI ROMA CAPITALE;true
CHIAMAROMA 060606;2026;12/03/2026;Risolto da Ente Esterno;false;true;AMA;false
CHIAMAROMA 060606;2026;12/03/2026;Risolto da Ente Esterno;false;true;AMA;false
CHIAMAROMA 060606;2026;12/03/2026;Risolto da Ente Esterno;false;true;AMA;false
POLIZIA LOCALE DI ROMA CAPITALE;2026;12/03/2026;In carico a ente esterno;false;true;POLIZIA LOCALE DI ROMA CAPITALE;false
POLIZIA LOCALE DI ROMA CAPITALE;2026;12/03/2026;In carico a ente esterno;false;true;POLIZIA LOCALE DI ROMA CAPITALE;false
POLIZIA LOCALE DI ROMA CAPITALE;2026;12/03/2026;In carico a ente esterno;false;true;POLIZIA LOCALE DI ROMA CAPITALE;false
POLIZIA LOCALE DI ROMA CAPITALE;2026;12/03/2026;In carico a ente esterno;false;true;POLIZIA LOCALE DI ROMA CAPITALE;false
MUNICIPIO XIII;2026;12/03/2026;Risolto al secondo livello;false;false;;false
DIPARTIMENTO TUTELA AMBIENTALE;2026;12/03/2026;Risolto al secondo livello;false;false;;false
POLIZIA LOCALE DI ROMA CAPITALE;2026;12/03/2026;In carico a ente esterno;false;true;POLIZIA LOCALE DI ROMA CAPITALE;false
POLIZIA LOCALE DI ROMA CAPITALE;2026;12/03/2026;In carico a ente esterno;false;true;POLIZIA LOCALE DI ROMA CAPITALE;false
POLIZIA LOCALE DI ROMA CAPITALE;2026;12/03/2026;In carico a ente esterno;false;true;POLIZIA LOCALE DI ROMA CAPITALE;false
POLIZIA LOCALE DI ROMA CAPITALE;2026;12/03/2026;In carico a ente esterno;false;true;POLIZIA LOCALE DI ROMA CAPITALE;false
POLIZIA LOCALE DI ROMA CAPITALE;2026;12/03/2026;In carico a ente esterno;false;true;POLIZIA LOCALE DI ROMA CAPITALE;false
POLIZIA LOCALE DI ROMA CAPITALE;2026;12/03/2026;In carico a ente esterno;false;true;POLIZIA LOCALE DI ROMA CAPITALE;false
POLIZIA LOCALE DI ROMA CAPITALE;2026;12/03/2026;In carico a ente esterno;false;true;POLIZIA LOCALE DI ROMA CAPITALE;false
POLIZIA LOCALE DI ROMA CAPITALE;2026;12/03/2026;In carico a ente esterno;false;true;POLIZIA LOCALE DI ROMA CAPITALE;false
CHIAMAROMA 060606;2026;12/03/2026;In carico a ente esterno;false;true;POLIZIA LOCALE DI ROMA CAPITALE;true
CHIAMAROMA 060606;2026;12/03/2026;In carico a ente esterno;false;true;POLIZIA LOCALE DI ROMA CAPITALE;true
CHIAMAROMA 060606;2026;12/03/2026;In carico a ente esterno;false;true;POLIZIA LOCALE DI ROMA CAPITALE;true
POLIZIA LOCALE DI ROMA CAPITALE;2026;12/03/2026;In carico a ente esterno;false;true;POLIZIA LOCALE DI ROMA CAPITALE;false
CHIAMAROMA 060606;2026;12/03/2026;In carico a ente esterno;false;true;POLIZIA LOCALE DI ROMA CAPITALE;true
POLIZIA LOCALE DI ROMA CAPITALE;2026;12/03/2026;In carico a ente esterno;false;true;POLIZIA LOCALE DI ROMA CAPITALE;false
POLIZIA LOCALE DI ROMA CAPITALE;2026;12/03/2026;In carico a ente esterno;false;true;POLIZIA LOCALE DI ROMA CAPITALE;false
POLIZIA LOCALE DI ROMA CAPITALE;2026;12/03/2026;In carico a ente esterno;false;true;POLIZIA LOCALE DI ROMA CAPITALE;false
POLIZIA LOCALE DI ROMA CAPITALE;2026;12/03/2026;In carico a ente esterno;false;true;POLIZIA LOCALE DI ROMA CAPITALE;false
POLIZIA LOCALE DI ROMA CAPITALE;2026;13/03/2026;In carico a ente esterno;false;true;POLIZIA LOCALE DI ROMA CAPITALE;false
CHIAMAROMA 060606;2026;13/03/2026;Risolto da Ente Esterno;false;true;AMA;false
CHIAMAROMA 060606;2026;13/03/2026;Risolto da Ente Esterno;false;true;AMA;false
CHIAMAROMA 060606;2026;13/03/2026;Risolto da Ente Esterno;false;true;AMA;false
BACK OFFICE ROMA CAPITALE;2026;13/03/2026;Risolto da Ente Esterno;false;true;AMA;false
CHIAMAROMA 060606;2026;13/03/2026;Risolto da Ente Esterno;false;true;AMA;false
AMA;2026;13/03/2026;Risolto da Ente Esterno;false;true;AMA;false
AMA;2026;13/03/2026;Risolto da Ente Esterno;false;true;AMA;false
CHIAMAROMA 060606;2026;13/03/2026;Risolto da Ente Esterno;false;true;AMA;false
CHIAMAROMA 060606;2026;13/03/2026;Risolto da Ente Esterno;false;true;AMA;false
CHIAMAROMA 060606;2026;13/03/2026;Risolto da Ente Esterno;false;true;AMA;false
CHIAMAROMA 060606;2026;13/03/2026;Risolto da Ente Esterno;false;true;AMA;false
CHIAMAROMA 060606;2026;13/03/2026;Risolto da Ente Esterno;false;true;AMA;false
CHIAMAROMA 060606;2026;13/03/2026;Risolto da Ente Esterno;false;true;AMA;false
CHIAMAROMA 060606;2026;13/03/2026;Risolto da Ente Esterno;false;true;AMA;false
POLIZIA LOCALE DI ROMA CAPITALE;2026;13/03/2026;In carico a ente esterno;false;true;POLIZIA LOCALE DI ROMA CAPITALE;false
CHIAMAROMA 060606;2026;13/03/2026;In carico a ente esterno;false;true;POLIZIA LOCALE DI ROMA CAPITALE;true
CHIAMAROMA 060606;2026;13/03/2026;Risolto da Ente Esterno;false;true;AMA;false
CHIAMAROMA 060606;2026;13/03/2026;Risolto da Ente Esterno;false;true;AMA;false
CHIAMAROMA 060606;2026;13/03/2026;Risolto da Ente Esterno;false;true;AMA;false
CHIAMAROMA 060606;2026;13/03/2026;Risolto da Ente Esterno;false;true;AMA;false
DIPARTIMENTO MONITORAGGIO QUALITA' DEI SERVIZI E COMUNICAZIONE ISTITUZIONALE;2026;13/03/2026;Risolto al secondo livello;false;false;;false
CHIAMAROMA 060606;2026;13/03/2026;In carico a ente esterno;false;true;POLIZIA LOCALE DI ROMA CAPITALE;true
CHIAMAROMA 060606;2026;13/03/2026;In carico a ente esterno;false;true;POLIZIA LOCALE DI ROMA CAPITALE;true
CHIAMAROMA 060606;2026;13/03/2026;In carico a ente esterno;false;true;POLIZIA LOCALE DI ROMA CAPITALE;true
CHIAMAROMA 060606;2026;13/03/2026;In carico a ente esterno;false;true;POLIZIA LOCALE DI ROMA CAPITALE;true
POLIZIA LOCALE DI ROMA CAPITALE;2026;13/03/2026;In carico a ente esterno;false;true;POLIZIA LOCALE DI ROMA CAPITALE;false
POLIZIA LOCALE DI ROMA CAPITALE;2026;13/03/2026;In carico a ente esterno;false;true;POLIZIA LOCALE DI ROMA CAPITALE;false
CHIAMAROMA 060606;2026;13/03/2026;In carico a ente esterno;false;true;POLIZIA LOCALE DI ROMA CAPITALE;true
CHIAMAROMA 060606;2026;13/03/2026;In carico a ente esterno;false;true;POLIZIA LOCALE DI ROMA CAPITALE;true
CHIAMAROMA 060606;2026;13/03/2026;Risolto al secondo livello;false;false;;false
MUNICIPIO IX;2026;13/03/2026;Risolto al secondo livello;false;false;;false
MUNICIPIO IX;2026;13/03/2026;Risolto al secondo livello;false;false;;false
CHIAMAROMA 060606;2026;13/03/2026;Risolto al secondo livello;false;false;;false
CHIAMAROMA 060606;2026;13/03/2026;In carico a ente esterno;false;true;POLIZIA LOCALE DI ROMA CAPITALE;true
CHIAMAROMA 060606;2026;13/03/2026;Risolto al secondo livello;false;false;;false
CHIAMAROMA 060606;2026;13/03/2026;Risolto al secondo livello;false;false;;false
CHIAMAROMA 060606;2026;13/03/2026;In carico a ente esterno;false;true;POLIZIA LOCALE DI ROMA CAPITALE;true
CHIAMAROMA 060606;2026;13/03/2026;Risolto al secondo livello;false;false;;false
CHIAMAROMA 060606;2026;13/03/2026;In carico a ente esterno;false;true;POLIZIA LOCALE DI ROMA CAPITALE;true
GABINETTO DEL SINDACO;2026;13/03/2026;In carico a ente esterno;false;true;POLIZIA LOCALE DI ROMA CAPITALE;false
MUNICIPIO XIV;2026;13/03/2026;Risolto al secondo livello;false;false;;false
CHIAMAROMA 060606;2026;13/03/2026;In carico a ente esterno;false;true;POLIZIA LOCALE DI ROMA CAPITALE;true
CHIAMAROMA 060606;2026;13/03/2026;In carico a ente esterno;false;true;POLIZIA LOCALE DI ROMA CAPITALE;true
CHIAMAROMA 060606;2026;13/03/2026;In carico a ente esterno;false;true;POLIZIA LOCALE DI ROMA CAPITALE;true
POLIZIA LOCALE DI ROMA CAPITALE;2026;13/03/2026;In carico a ente esterno;false;true;POLIZIA LOCALE DI ROMA CAPITALE;false
POLIZIA LOCALE DI ROMA CAPITALE;2026;13/03/2026;In carico a ente esterno;false;true;POLIZIA LOCALE DI ROMA CAPITALE;false
POLIZIA LOCALE DI ROMA CAPITALE;2026;13/03/2026;In carico a ente esterno;false;true;POLIZIA LOCALE DI ROMA CAPITALE;false
CHIAMAROMA 060606;2026;13/03/2026;In carico a ente esterno;false;true;POLIZIA LOCALE DI ROMA CAPITALE;true
CHIAMAROMA 060606;2026;13/03/2026;Risolto al secondo livello;false;false;;false
CHIAMAROMA 060606;2026;13/03/2026;In carico a ente esterno;false;true;POLIZIA LOCALE DI ROMA CAPITALE;true
CHIAMAROMA 060606;2026;13/03/2026;In carico a ente esterno;false;true;POLIZIA LOCALE DI ROMA CAPITALE;true
MUNICIPIO II;2026;13/03/2026;Risolto al secondo livello;false;false;;false
CHIAMAROMA 060606;2026;13/03/2026;In carico a ente esterno;false;true;POLIZIA LOCALE DI ROMA CAPITALE;true
CHIAMAROMA 060606;2026;13/03/2026;In carico a ente esterno;false;true;POLIZIA LOCALE DI ROMA CAPITALE;true
CHIAMAROMA 060606;2026;13/03/2026;Risolto al secondo livello;false;false;;false
CHIAMAROMA 060606;2026;13/03/2026;Risolto al secondo livello;false;false;;false
CHIAMAROMA 060606;2026;13/03/2026;Risolto al secondo livello;false;false;;false
CHIAMAROMA 060606;2026;13/03/2026;Non più necessario;false;false;;false
CHIAMAROMA 060606;2026;13/03/2026;Risolto al secondo livello;false;false;;false
CHIAMAROMA 060606;2026;13/03/2026;Non più necessario;false;false;;false
MUNICIPIO V;2026;13/03/2026;Risolto al secondo livello;false;false;;false
GABINETTO DEL SINDACO;2026;13/03/2026;In carico a ente esterno;false;true;POLIZIA LOCALE DI ROMA CAPITALE;false
CHIAMAROMA 060606;2026;13/03/2026;In carico a ente esterno;false;true;POLIZIA LOCALE DI ROMA CAPITALE;true
CHIAMAROMA 060606;2026;13/03/2026;In carico a ente esterno;false;true;POLIZIA LOCALE DI ROMA CAPITALE;true
CHIAMAROMA 060606;2026;13/03/2026;Risolto da Ente Esterno;false;true;AMA;false
CHIAMAROMA 060606;2026;13/03/2026;Risolto da Ente Esterno;false;true;AMA;false
CHIAMAROMA 060606;2026;13/03/2026;Risolto da Ente Esterno;false;true;AMA;false
CHIAMAROMA 060606;2026;13/03/2026;Risolto da Ente Esterno;false;true;AMA;false
CHIAMAROMA 060606;2026;13/03/2026;Risolto da Ente Esterno;false;true;AMA;false
CHIAMAROMA 060606;2026;13/03/2026;Risolto da Ente Esterno;false;true;AMA;false
DIPARTIMENTO TUTELA AMBIENTALE;2026;13/03/2026;Risolto da Ente Esterno;false;true;AMA;false
CHIAMAROMA 060606;2026;13/03/2026;Risolto da Ente Esterno;false;true;AMA;false
CHIAMAROMA 060606;2026;13/03/2026;Risolto da Ente Esterno;false;true;AMA;false
CHIAMAROMA 060606;2026;13/03/2026;Risolto da Ente Esterno;false;true;AMA;false
CHIAMAROMA 060606;2026;13/03/2026;Risolto da Ente Esterno;false;true;AMA;false
CHIAMAROMA 060606;2026;13/03/2026;Risolto da Ente Esterno;false;true;AMA;false
CHIAMAROMA 060606;2026;13/03/2026;Risolto da Ente Esterno;false;true;AMA;false
CHIAMAROMA 060606;2026;13/03/2026;Risolto al secondo livello;false;true;ATAC;false
;2026;13/03/2026;Risolto al secondo livello;false;false;;false
GABINETTO DEL SINDACO;2026;13/03/2026;Risolto al secondo livello;false;false;;false
CHIAMAROMA 060606;2026;13/03/2026;Risolto al secondo livello;false;true;ATAC;false
POLIZIA LOCALE DI ROMA CAPITALE;2026;13/03/2026;In carico a ente esterno;false;true;POLIZIA LOCALE DI ROMA CAPITALE;false
POLIZIA LOCALE DI ROMA CAPITALE;2026;13/03/2026;In carico a ente esterno;false;true;POLIZIA LOCALE DI ROMA CAPITALE;false
POLIZIA LOCALE DI ROMA CAPITALE;2026;13/03/2026;In carico a ente esterno;false;true;POLIZIA LOCALE DI ROMA CAPITALE;false
POLIZIA LOCALE DI ROMA CAPITALE;2026;13/03/2026;In carico a ente esterno;false;true;POLIZIA LOCALE DI ROMA CAPITALE;false
POLIZIA LOCALE DI ROMA CAPITALE;2026;13/03/2026;In carico a ente esterno;false;true;POLIZIA LOCALE DI ROMA CAPITALE;false
POLIZIA LOCALE DI ROMA CAPITALE;2026;13/03/2026;In carico a ente esterno;false;true;POLIZIA LOCALE DI ROMA CAPITALE;false
POLIZIA LOCALE DI ROMA CAPITALE;2026;13/03/2026;In carico a ente esterno;false;true;POLIZIA LOCALE DI ROMA CAPITALE;false
CHIAMAROMA 060606;2026;13/03/2026;Risolto al secondo livello;false;false;;false
CHIAMAROMA 060606;2026;13/03/2026;Risolto al secondo livello;false;true;ATAC;false
CHIAMAROMA 060606;2026;13/03/2026;Risolto al secondo livello;false;false;;false
CHIAMAROMA 060606;2026;13/03/2026;Risolto al secondo livello;false;false;;false
CHIAMAROMA 060606;2026;13/03/2026;Risolto al secondo livello;false;true;ATAC;false
CHIAMAROMA 060606;2026;13/03/2026;Risolto al secondo livello;false;true;ATAC;false
MUNICIPIO III;2026;13/03/2026;In carico a ente esterno;false;true;POLIZIA LOCALE DI ROMA CAPITALE;false
CHIAMAROMA 060606;2026;13/03/2026;In carico a ente esterno;false;true;POLIZIA LOCALE DI ROMA CAPITALE;true
CHIAMAROMA 060606;2026;13/03/2026;Risolto al secondo livello;false;false;;false
CHIAMAROMA 060606;2026;13/03/2026;Risolto al primo livello;false;false;;false
CHIAMAROMA 060606;2026;13/03/2026;Risolto al secondo livello;false;false;;false
CHIAMAROMA 060606;2026;13/03/2026;Risolto al secondo livello;false;false;;false
CHIAMAROMA 060606;2026;13/03/2026;Risolto al secondo livello;false;false;;false
CHIAMAROMA 060606;2026;13/03/2026;Risolto al secondo livello;false;false;;false
CHIAMAROMA 060606;2026;13/03/2026;Risolto al secondo livello;false;true;AMA;false
CHIAMAROMA 060606;2026;13/03/2026;In carico a ente esterno;false;true;POLIZIA LOCALE DI ROMA CAPITALE;true
CHIAMAROMA 060606;2026;13/03/2026;Risolto al secondo livello;false;false;;false
CHIAMAROMA 060606;2026;13/03/2026;In carico a ente esterno;false;true;POLIZIA LOCALE DI ROMA CAPITALE;true
CHIAMAROMA 060606;2026;13/03/2026;Risolto al secondo livello;false;true;AMA;false
DIPARTIMENTO TUTELA AMBIENTALE;2026;13/03/2026;Non più necessario;false;false;;false
DIPARTIMENTO TUTELA AMBIENTALE;2026;13/03/2026;Non più necessario;false;false;;false
CHIAMAROMA 060606;2026;13/03/2026;In carico a ente esterno;false;true;POLIZIA LOCALE DI ROMA CAPITALE;true
POLIZIA LOCALE DI ROMA CAPITALE;2026;13/03/2026;In carico a ente esterno;false;true;POLIZIA LOCALE DI ROMA CAPITALE;false
DIPARTIMENTO SVILUPPO ECONOMICO E ATTIVITA’ PRODUTTIVE;2026;13/03/2026;Risolto al secondo livello;false;false;;false
CHIAMAROMA 060606;2026;13/03/2026;In carico a ente esterno;false;true;POLIZIA LOCALE DI ROMA CAPITALE;true
CHIAMAROMA 060606;2026;13/03/2026;In carico a ente esterno;false;true;POLIZIA LOCALE DI ROMA CAPITALE;true
CHIAMAROMA 060606;2026;13/03/2026;In carico a ente esterno;false;true;POLIZIA LOCALE DI ROMA CAPITALE;true
MUNICIPIO VI;2026;13/03/2026;In carico a ente esterno;false;true;POLIZIA LOCALE DI ROMA CAPITALE;false
CHIAMAROMA 060606;2026;13/03/2026;In carico a ente esterno;false;true;POLIZIA LOCALE DI ROMA CAPITALE;true
CHIAMAROMA 060606;2026;13/03/2026;In carico a ente esterno;false;true;POLIZIA LOCALE DI ROMA CAPITALE;true
CHIAMAROMA 060606;2026;13/03/2026;In carico a ente esterno;false;true;POLIZIA LOCALE DI ROMA CAPITALE;true
MUNICIPIO I;2026;13/03/2026;Non più necessario;false;false;;false
CHIAMAROMA 060606;2026;13/03/2026;Non più necessario;false;false;;false
CHIAMAROMA 060606;2026;13/03/2026;In carico a ente esterno;false;true;POLIZIA LOCALE DI ROMA CAPITALE;true
CHIAMAROMA 060606;2026;13/03/2026;Non più necessario;false;false;;false
CHIAMAROMA 060606;2026;13/03/2026;Non più necessario;false;false;;false
CHIAMAROMA 060606;2026;13/03/2026;In carico a ente esterno;false;true;POLIZIA LOCALE DI ROMA CAPITALE;true
CHIAMAROMA 060606;2026;13/03/2026;Non più necessario;false;false;;false
CHIAMAROMA 060606;2026;13/03/2026;In carico a ente esterno;false;true;POLIZIA LOCALE DI ROMA CAPITALE;true
CHIAMAROMA 060606;2026;13/03/2026;Risolto al secondo livello;false;true;AMA;false
CHIAMAROMA 060606;2026;13/03/2026;In carico a ente esterno;false;true;POLIZIA LOCALE DI ROMA CAPITALE;true
GABINETTO DEL SINDACO;2026;13/03/2026;Risolto al secondo livello;false;false;;false
CHIAMAROMA 060606;2026;13/03/2026;Risolto al secondo livello;false;false;;false
DIPARTIMENTO TUTELA AMBIENTALE;2026;13/03/2026;Risolto al secondo livello;false;false;;false
CHIAMAROMA 060606;2026;13/03/2026;In carico a ente esterno;false;true;POLIZIA LOCALE DI ROMA CAPITALE;true
POLIZIA LOCALE DI ROMA CAPITALE;2026;13/03/2026;In carico a ente esterno;false;true;POLIZIA LOCALE DI ROMA CAPITALE;false
POLIZIA LOCALE DI ROMA CAPITALE;2026;13/03/2026;In carico a ente esterno;false;true;POLIZIA LOCALE DI ROMA CAPITALE;false
POLIZIA LOCALE DI ROMA CAPITALE;2026;13/03/2026;In carico a ente esterno;false;true;POLIZIA LOCALE DI ROMA CAPITALE;false
CHIAMAROMA 060606;2026;13/03/2026;In carico a ente esterno;false;true;POLIZIA LOCALE DI ROMA CAPITALE;true
CHIAMAROMA 060606;2026;13/03/2026;Risolto al secondo livello;false;false;;false
CHIAMAROMA 060606;2026;13/03/2026;In carico a ente esterno;false;true;POLIZIA LOCALE DI ROMA CAPITALE;true
CHIAMAROMA 060606;2026;13/03/2026;In carico a ente esterno;false;true;POLIZIA LOCALE DI ROMA CAPITALE;true
MUNICIPIO XII;2026;13/03/2026;Risolto al secondo livello;false;false;;false
CHIAMAROMA 060606;2026;13/03/2026;Risolto al secondo livello;false;false;;false
CHIAMAROMA 060606;2026;13/03/2026;In carico a ente esterno;false;true;POLIZIA LOCALE DI ROMA CAPITALE;true
CHIAMAROMA 060606;2026;13/03/2026;Risolto al secondo livello;false;false;;false
CHIAMAROMA 060606;2026;13/03/2026;In carico a ente esterno;false;true;POLIZIA LOCALE DI ROMA CAPITALE;true
CHIAMAROMA 060606;2026;13/03/2026;Risolto al secondo livello;false;false;;false
CHIAMAROMA 060606;2026;13/03/2026;Risolto al secondo livello;false;false;;false
CHIAMAROMA 060606;2026;13/03/2026;Risolto al secondo livello;false;false;;false
BACK OFFICE ROMA CAPITALE;2026;13/03/2026;In carico a ente esterno;false;true;POLIZIA LOCALE DI ROMA CAPITALE;true
POLIZIA LOCALE DI ROMA CAPITALE;2026;13/03/2026;Non lavorabile o dati insufficienti;false;false;;false
CHIAMAROMA 060606;2026;13/03/2026;In carico a ente esterno;false;true;POLIZIA LOCALE DI ROMA CAPITALE;true
AMA;2026;13/03/2026;Risolto da Ente Esterno;false;true;AMA;false
MUNICIPIO I;2026;13/03/2026;Risolto da Ente Esterno;false;true;AMA;false
CHIAMAROMA 060606;2026;13/03/2026;Risolto da Ente Esterno;false;true;AMA;false
CHIAMAROMA 060606;2026;13/03/2026;Risolto da Ente Esterno;false;true;AMA;false
CHIAMAROMA 060606;2026;13/03/2026;Risolto da Ente Esterno;false;true;AMA;false
CHIAMAROMA 060606;2026;13/03/2026;Risolto da Ente Esterno;false;true;AMA;false
AMA;2026;13/03/2026;Risolto da Ente Esterno;false;true;AMA;false
CHIAMAROMA 060606;2026;13/03/2026;Risolto da Ente Esterno;false;true;AMA;false
CHIAMAROMA 060606;2026;13/03/2026;Risolto da Ente Esterno;false;true;AMA;false
CHIAMAROMA 060606;2026;13/03/2026;Risolto da Ente Esterno;false;true;AMA;false
CHIAMAROMA 060606;2026;13/03/2026;In carico a ente esterno;false;true;POLIZIA LOCALE DI ROMA CAPITALE;true
MUNICIPIO I;2026;13/03/2026;Non lavorabile o dati insufficienti;false;false;;false
CHIAMAROMA 060606;2026;13/03/2026;In carico a ente esterno;false;true;POLIZIA LOCALE DI ROMA CAPITALE;true
POLIZIA LOCALE DI ROMA CAPITALE;2026;13/03/2026;In carico a ente esterno;false;true;POLIZIA LOCALE DI ROMA CAPITALE;false
POLIZIA LOCALE DI ROMA CAPITALE;2026;13/03/2026;In carico a ente esterno;false;true;POLIZIA LOCALE DI ROMA CAPITALE;false
POLIZIA LOCALE DI ROMA CAPITALE;2026;13/03/2026;In carico a ente esterno;false;true;POLIZIA LOCALE DI ROMA CAPITALE;false
POLIZIA LOCALE DI ROMA CAPITALE;2026;13/03/2026;In carico a ente esterno;false;true;POLIZIA LOCALE DI ROMA CAPITALE;false
POLIZIA LOCALE DI ROMA CAPITALE;2026;13/03/2026;In carico a ente esterno;false;true;POLIZIA LOCALE DI ROMA CAPITALE;false
POLIZIA LOCALE DI ROMA CAPITALE;2026;13/03/2026;In carico a ente esterno;false;true;POLIZIA LOCALE DI ROMA CAPITALE;false
MUNICIPIO XI;2026;13/03/2026;Non lavorabile o dati insufficienti;false;false;;true
CHIAMAROMA 060606;2026;13/03/2026;Risolto al secondo livello;false;false;;false
CHIAMAROMA 060606;2026;13/03/2026;In carico a ente esterno;false;true;POLIZIA LOCALE DI ROMA CAPITALE;true
MUNICIPIO XIII;2026;13/03/2026;Risolto al secondo livello;false;false;;false
CHIAMAROMA 060606;2026;13/03/2026;In carico a ente esterno;false;true;POLIZIA LOCALE DI ROMA CAPITALE;true
CHIAMAROMA 060606;2026;13/03/2026;Non più necessario;false;false;;false
POLIZIA LOCALE DI ROMA CAPITALE;2026;13/03/2026;In carico a ente esterno;false;true;POLIZIA LOCALE DI ROMA CAPITALE;false
CHIAMAROMA 060606;2026;13/03/2026;Risolto al secondo livello;false;false;;false
CHIAMAROMA 060606;2026;13/03/2026;Non più necessario;false;false;;false
CHIAMAROMA 060606;2026;13/03/2026;In carico a ente esterno;false;true;POLIZIA LOCALE DI ROMA CAPITALE;true
DIPARTIMENTO TUTELA AMBIENTALE;2026;13/03/2026;Non più necessario;false;false;;false
CHIAMAROMA 060606;2026;13/03/2026;Risolto al secondo livello;false;false;;false
CHIAMAROMA 060606;2026;13/03/2026;Risolto al secondo livello;false;false;;false
CHIAMAROMA 060606;2026;13/03/2026;Risolto al secondo livello;false;false;;false
CHIAMAROMA 060606;2026;13/03/2026;Non più necessario;false;false;;false
CHIAMAROMA 060606;2026;13/03/2026;Non più necessario;false;false;;false
CHIAMAROMA 060606;2026;13/03/2026;Non più necessario;false;false;;false
CHIAMAROMA 060606;2026;13/03/2026;Risolto al secondo livello;false;false;;false
CHIAMAROMA 060606;2026;13/03/2026;Non più necessario;false;false;;false
CHIAMAROMA 060606;2026;13/03/2026;In carico a ente esterno;false;true;POLIZIA LOCALE DI ROMA CAPITALE;true
CHIAMAROMA 060606;2026;13/03/2026;Risolto al secondo livello;false;false;;false
GABINETTO DEL SINDACO;2026;13/03/2026;In carico a ente esterno;false;true;POLIZIA LOCALE DI ROMA CAPITALE;false
CHIAMAROMA 060606;2026;13/03/2026;Risolto al secondo livello;false;false;;false
CHIAMAROMA 060606;2026;13/03/2026;Non più necessario;false;false;;false
CHIAMAROMA 060606;2026;13/03/2026;Risolto al secondo livello;false;false;;false
CHIAMAROMA 060606;2026;13/03/2026;In carico a ente esterno;false;true;POLIZIA LOCALE DI ROMA CAPITALE;true
CHIAMAROMA 060606;2026;13/03/2026;In carico a ente esterno;false;true;POLIZIA LOCALE DI ROMA CAPITALE;true
DIPARTIMENTO TUTELA AMBIENTALE;2026;13/03/2026;Non più necessario;false;false;;false
CHIAMAROMA 060606;2026;13/03/2026;In carico a ente esterno;false;true;POLIZIA LOCALE DI ROMA CAPITALE;true
DIPARTIMENTO TUTELA AMBIENTALE;2026;13/03/2026;Non più necessario;false;false;;false
POLIZIA LOCALE DI ROMA CAPITALE;2026;13/03/2026;In carico a ente esterno;false;true;POLIZIA LOCALE DI ROMA CAPITALE;false
POLIZIA LOCALE DI ROMA CAPITALE;2026;13/03/2026;In carico a ente esterno;false;true;POLIZIA LOCALE DI ROMA CAPITALE;false
CHIAMAROMA 060606;2026;13/03/2026;Non più necessario;false;false;;false
CHIAMAROMA 060606;2026;13/03/2026;Non più necessario;false;false;;false
DIPARTIMENTO TUTELA AMBIENTALE;2026;13/03/2026;Non più necessario;false;false;;false
CHIAMAROMA 060606;2026;13/03/2026;In carico a ente esterno;false;true;POLIZIA LOCALE DI ROMA CAPITALE;true
CHIAMAROMA 060606;2026;13/03/2026;In carico a ente esterno;false;true;POLIZIA LOCALE DI ROMA CAPITALE;true
POLIZIA LOCALE (8° Gruppo TINTORETTO);2026;13/03/2026;Risolto al primo livello;false;false;;false
CHIAMAROMA 060606;2026;13/03/2026;In carico a ente esterno;false;true;POLIZIA LOCALE DI ROMA CAPITALE;false
MUNICIPIO II;2026;13/03/2026;Risolto da Ente Esterno;false;true;AMA;false
CHIAMAROMA 060606;2026;13/03/2026;Risolto da Ente Esterno;false;true;AMA;false
CHIAMAROMA 060606;2026;13/03/2026;Risolto da Ente Esterno;false;true;AMA;false
CHIAMAROMA 060606;2026;13/03/2026;Risolto da Ente Esterno;false;true;AMA;false
CHIAMAROMA 060606;2026;13/03/2026;Risolto da Ente Esterno;false;true;AMA;false
CHIAMAROMA 060606;2026;13/03/2026;Risolto da Ente Esterno;false;true;AMA;false
CHIAMAROMA 060606;2026;13/03/2026;Risolto da Ente Esterno;false;true;AMA;false
CHIAMAROMA 060606;2026;13/03/2026;Risolto da Ente Esterno;false;true;AMA;false
CHIAMAROMA 060606;2026;13/03/2026;Risolto da Ente Esterno;false;true;AMA;false
AMA;2026;13/03/2026;Risolto da Ente Esterno;false;true;AMA;false
CHIAMAROMA 060606;2026;13/03/2026;Risolto da Ente Esterno;false;true;AMA;false
CHIAMAROMA 060606;2026;13/03/2026;Risolto da Ente Esterno;false;true;AMA;false
MUNICIPIO III;2026;13/03/2026;Risolto da Ente Esterno;false;true;AMA;false
CHIAMAROMA 060606;2026;13/03/2026;Risolto da Ente Esterno;false;true;AMA;false
POLIZIA LOCALE DI ROMA CAPITALE;2026;13/03/2026;In carico a ente esterno;false;true;POLIZIA LOCALE DI ROMA CAPITALE;false
POLIZIA LOCALE DI ROMA CAPITALE;2026;13/03/2026;In carico a ente esterno;false;true;POLIZIA LOCALE DI ROMA CAPITALE;false
POLIZIA LOCALE DI ROMA CAPITALE;2026;13/03/2026;In carico a ente esterno;false;true;POLIZIA LOCALE DI ROMA CAPITALE;false
CHIAMAROMA 060606;2026;13/03/2026;In carico a ente esterno;false;true;POLIZIA LOCALE DI ROMA CAPITALE;true
CHIAMAROMA 060606;2026;13/03/2026;In carico a ente esterno;false;true;POLIZIA LOCALE DI ROMA CAPITALE;true
MUNICIPIO I;2026;13/03/2026;Risolto al primo livello;false;false;;false
CHIAMAROMA 060606;2026;13/03/2026;Non lavorabile o dati insufficienti;false;false;;false
CHIAMAROMA 060606;2026;13/03/2026;Non lavorabile o dati insufficienti;false;false;;false
CHIAMAROMA 060606;2026;13/03/2026;In carico a ente esterno;false;true;POLIZIA LOCALE DI ROMA CAPITALE;true
CHIAMAROMA 060606;2026;13/03/2026;Non lavorabile o dati insufficienti;false;false;;false
CHIAMAROMA 060606;2026;13/03/2026;In carico a ente esterno;false;true;POLIZIA LOCALE DI ROMA CAPITALE;true
CHIAMAROMA 060606;2026;13/03/2026;Risolto al secondo livello;false;false;;false
POLIZIA LOCALE DI ROMA CAPITALE;2026;13/03/2026;In carico a ente esterno;false;true;POLIZIA LOCALE DI ROMA CAPITALE;false
POLIZIA LOCALE DI ROMA CAPITALE;2026;13/03/2026;In carico a ente esterno;false;true;POLIZIA LOCALE DI ROMA CAPITALE;false
CHIAMAROMA 060606;2026;13/03/2026;In carico a ente esterno;false;true;POLIZIA LOCALE DI ROMA CAPITALE;true
CHIAMAROMA 060606;2026;13/03/2026;Risolto al primo livello;false;false;;false
CHIAMAROMA 060606;2026;13/03/2026;Non lavorabile o dati insufficienti;false;false;;false
CHIAMAROMA 060606;2026;13/03/2026;Non lavorabile o dati insufficienti;false;false;;false
POLIZIA LOCALE DI ROMA CAPITALE;2026;13/03/2026;Risolto al primo livello;false;false;;false
MUNICIPIO I;2026;13/03/2026;Non lavorabile o dati insufficienti;false;false;;false
CHIAMAROMA 060606;2026;13/03/2026;In carico a ente esterno;false;true;POLIZIA LOCALE DI ROMA CAPITALE;true
CHIAMAROMA 060606;2026;13/03/2026;In carico a ente esterno;false;true;POLIZIA LOCALE DI ROMA CAPITALE;true
POLIZIA LOCALE DI ROMA CAPITALE;2026;13/03/2026;In carico a ente esterno;false;true;POLIZIA LOCALE DI ROMA CAPITALE;false
POLIZIA LOCALE DI ROMA CAPITALE;2026;13/03/2026;In carico a ente esterno;false;true;POLIZIA LOCALE DI ROMA CAPITALE;false
POLIZIA LOCALE DI ROMA CAPITALE;2026;13/03/2026;In carico a ente esterno;false;true;POLIZIA LOCALE DI ROMA CAPITALE;false
CHIAMAROMA 060606;2026;13/03/2026;In carico a ente esterno;false;true;POLIZIA LOCALE DI ROMA CAPITALE;true
BACK OFFICE ROMA CAPITALE;2026;13/03/2026;In carico a ente esterno;false;true;POLIZIA LOCALE DI ROMA CAPITALE;false
BACK OFFICE ROMA CAPITALE;2026;13/03/2026;In carico a ente esterno;false;true;POLIZIA LOCALE DI ROMA CAPITALE;false
CHIAMAROMA 060606;2026;13/03/2026;In carico a ente esterno;false;true;POLIZIA LOCALE DI ROMA CAPITALE;true
BACK OFFICE ROMA CAPITALE;2026;13/03/2026;In carico a ente esterno;false;true;POLIZIA LOCALE DI ROMA CAPITALE;false
CHIAMAROMA 060606;2026;13/03/2026;In carico a ente esterno;false;true;POLIZIA LOCALE DI ROMA CAPITALE;true
BACK OFFICE ROMA CAPITALE;2026;13/03/2026;In carico a ente esterno;false;true;POLIZIA LOCALE DI ROMA CAPITALE;false
CHIAMAROMA 060606;2026;13/03/2026;In carico a ente esterno;false;true;POLIZIA LOCALE DI ROMA CAPITALE;true
CHIAMAROMA 060606;2026;13/03/2026;In carico a ente esterno;false;true;POLIZIA LOCALE DI ROMA CAPITALE;true
CHIAMAROMA 060606;2026;13/03/2026;In carico a ente esterno;false;true;POLIZIA LOCALE DI ROMA CAPITALE;true
CHIAMAROMA 060606;2026;13/03/2026;In carico a ente esterno;false;true;POLIZIA LOCALE DI ROMA CAPITALE;true
CHIAMAROMA 060606;2026;13/03/2026;Risolto da Ente Esterno;false;true;AMA;false
CHIAMAROMA 060606;2026;13/03/2026;Risolto da Ente Esterno;false;true;AMA;false
CHIAMAROMA 060606;2026;13/03/2026;Risolto da Ente Esterno;false;true;AMA;false
MUNICIPIO II;2026;13/03/2026;Risolto da Ente Esterno;false;true;AMA;false
CHIAMAROMA 060606;2026;13/03/2026;Risolto da Ente Esterno;false;true;AMA;false
CHIAMAROMA 060606;2026;13/03/2026;Risolto da Ente Esterno;false;true;AMA;false
AMA;2026;13/03/2026;Risolto da Ente Esterno;false;true;AMA;true
CHIAMAROMA 060606;2026;13/03/2026;Risolto da Ente Esterno;false;true;AMA;false
POLIZIA LOCALE DI ROMA CAPITALE;2026;13/03/2026;In carico a ente esterno;false;true;POLIZIA LOCALE DI ROMA CAPITALE;false
POLIZIA LOCALE DI ROMA CAPITALE;2026;13/03/2026;In carico a ente esterno;false;true;POLIZIA LOCALE DI ROMA CAPITALE;false
POLIZIA LOCALE DI ROMA CAPITALE;2026;13/03/2026;In carico a ente esterno;false;true;POLIZIA LOCALE DI ROMA CAPITALE;false
POLIZIA LOCALE DI ROMA CAPITALE;2026;13/03/2026;In carico a ente esterno;false;true;POLIZIA LOCALE DI ROMA CAPITALE;false
POLIZIA LOCALE DI ROMA CAPITALE;2026;13/03/2026;In carico a ente esterno;false;true;POLIZIA LOCALE DI ROMA CAPITALE;false
CHIAMAROMA 060606;2026;13/03/2026;In carico a ente esterno;false;true;POLIZIA LOCALE DI ROMA CAPITALE;true
POLIZIA LOCALE DI ROMA CAPITALE;2026;13/03/2026;In carico a ente esterno;false;true;POLIZIA LOCALE DI ROMA CAPITALE;false
POLIZIA LOCALE DI ROMA CAPITALE;2026;13/03/2026;In carico a ente esterno;false;true;POLIZIA LOCALE DI ROMA CAPITALE;false
POLIZIA LOCALE DI ROMA CAPITALE;2026;13/03/2026;In carico a ente esterno;false;true;POLIZIA LOCALE DI ROMA CAPITALE;false
POLIZIA LOCALE DI ROMA CAPITALE;2026;13/03/2026;In carico a ente esterno;false;true;POLIZIA LOCALE DI ROMA CAPITALE;false
POLIZIA LOCALE DI ROMA CAPITALE;2026;13/03/2026;In carico a ente esterno;false;true;POLIZIA LOCALE DI ROMA CAPITALE;false
POLIZIA LOCALE DI ROMA CAPITALE;2026;13/03/2026;In carico a ente esterno;false;true;POLIZIA LOCALE DI ROMA CAPITALE;false
POLIZIA LOCALE DI ROMA CAPITALE;2026;13/03/2026;In carico a ente esterno;false;true;POLIZIA LOCALE DI ROMA CAPITALE;false
POLIZIA LOCALE DI ROMA CAPITALE;2026;13/03/2026;In carico a ente esterno;false;true;POLIZIA LOCALE DI ROMA CAPITALE;false
POLIZIA LOCALE DI ROMA CAPITALE;2026;13/03/2026;In carico a ente esterno;false;true;POLIZIA LOCALE DI ROMA CAPITALE;false
POLIZIA LOCALE DI ROMA CAPITALE;2026;13/03/2026;In carico a ente esterno;false;true;POLIZIA LOCALE DI ROMA CAPITALE;false
POLIZIA LOCALE DI ROMA CAPITALE;2026;13/03/2026;In carico a ente esterno;false;true;POLIZIA LOCALE DI ROMA CAPITALE;false
POLIZIA LOCALE DI ROMA CAPITALE;2026;13/03/2026;In carico a ente esterno;false;true;POLIZIA LOCALE DI ROMA CAPITALE;false
POLIZIA LOCALE DI ROMA CAPITALE;2026;13/03/2026;In carico a ente esterno;false;true;POLIZIA LOCALE DI ROMA CAPITALE;false
POLIZIA LOCALE DI ROMA CAPITALE;2026;13/03/2026;In carico a ente esterno;false;true;POLIZIA LOCALE DI ROMA CAPITALE;false
POLIZIA LOCALE DI ROMA CAPITALE;2026;13/03/2026;In carico a ente esterno;false;true;POLIZIA LOCALE DI ROMA CAPITALE;false
POLIZIA LOCALE DI ROMA CAPITALE;2026;13/03/2026;In carico a ente esterno;false;true;POLIZIA LOCALE DI ROMA CAPITALE;false
POLIZIA LOCALE DI ROMA CAPITALE;2026;13/03/2026;In carico a ente esterno;false;true;POLIZIA LOCALE DI ROMA CAPITALE;false
CHIAMAROMA 060606;2026;14/03/2026;Risolto da Ente Esterno;false;true;AMA;false
CHIAMAROMA 060606;2026;14/03/2026;Risolto da Ente Esterno;false;true;AMA;false
CHIAMAROMA 060606;2026;14/03/2026;Risolto da Ente Esterno;false;true;AMA;false
POLIZIA LOCALE DI ROMA CAPITALE;2026;14/03/2026;In carico a ente esterno;false;true;POLIZIA LOCALE DI ROMA CAPITALE;false
POLIZIA LOCALE DI ROMA CAPITALE;2026;14/03/2026;In carico a ente esterno;false;true;POLIZIA LOCALE DI ROMA CAPITALE;false
CHIAMAROMA 060606;2026;14/03/2026;Risolto da Ente Esterno;false;true;AMA;false
CHIAMAROMA 060606;2026;14/03/2026;Risolto da Ente Esterno;false;true;AMA;false
CHIAMAROMA 060606;2026;14/03/2026;Risolto da Ente Esterno;false;true;AMA;false
CHIAMAROMA 060606;2026;14/03/2026;Risolto da Ente Esterno;false;true;AMA;false
CHIAMAROMA 060606;2026;14/03/2026;Risolto da Ente Esterno;false;true;AMA;false
CHIAMAROMA 060606;2026;14/03/2026;Risolto da Ente Esterno;false;true;AMA;false
CHIAMAROMA 060606;2026;14/03/2026;Risolto da Ente Esterno;false;true;AMA;false
CHIAMAROMA 060606;2026;14/03/2026;Risolto da Ente Esterno;false;true;AMA;false
CHIAMAROMA 060606;2026;14/03/2026;Risolto da Ente Esterno;false;true;AMA;false
CHIAMAROMA 060606;2026;14/03/2026;Risolto da Ente Esterno;false;true;AMA;false
CHIAMAROMA 060606;2026;14/03/2026;Risolto da Ente Esterno;false;true;AMA;false
CHIAMAROMA 060606;2026;14/03/2026;Risolto da Ente Esterno;false;true;AMA;false
CHIAMAROMA 060606;2026;14/03/2026;Risolto da Ente Esterno;false;true;AMA;false
CHIAMAROMA 060606;2026;14/03/2026;Risolto da Ente Esterno;false;true;AMA;false
CHIAMAROMA 060606;2026;14/03/2026;Risolto da Ente Esterno;false;true;AMA;false
MUNICIPIO V;2026;14/03/2026;Risolto da Ente Esterno;false;true;AMA;false
CHIAMAROMA 060606;2026;14/03/2026;Risolto da Ente Esterno;false;true;AMA;false
CHIAMAROMA 060606;2026;14/03/2026;Risolto da Ente Esterno;false;true;AMA;false
CHIAMAROMA 060606;2026;14/03/2026;Risolto da Ente Esterno;false;true;AMA;false
CHIAMAROMA 060606;2026;14/03/2026;Risolto da Ente Esterno;false;true;AMA;false
CHIAMAROMA 060606;2026;14/03/2026;Risolto da Ente Esterno;false;true;AMA;false
CHIAMAROMA 060606;2026;14/03/2026;Risolto da Ente Esterno;false;true;AMA;false
CHIAMAROMA 060606;2026;14/03/2026;In carico a ente esterno;false;true;POLIZIA LOCALE DI ROMA CAPITALE;true
POLIZIA LOCALE DI ROMA CAPITALE;2026;14/03/2026;In carico a ente esterno;false;true;POLIZIA LOCALE DI ROMA CAPITALE;false
POLIZIA LOCALE DI ROMA CAPITALE;2026;14/03/2026;In carico a ente esterno;false;true;POLIZIA LOCALE DI ROMA CAPITALE;false
POLIZIA LOCALE DI ROMA CAPITALE;2026;14/03/2026;In carico a ente esterno;false;true;POLIZIA LOCALE DI ROMA CAPITALE;false
CHIAMAROMA 060606;2026;14/03/2026;In carico a ente esterno;false;true;POLIZIA LOCALE DI ROMA CAPITALE;true
POLIZIA LOCALE DI ROMA CAPITALE;2026;14/03/2026;Risolto al secondo livello;false;false;;false
CHIAMAROMA 060606;2026;14/03/2026;In carico a ente esterno;false;true;POLIZIA LOCALE DI ROMA CAPITALE;true
CHIAMAROMA 060606;2026;14/03/2026;In carico a ente esterno;false;true;POLIZIA LOCALE DI ROMA CAPITALE;true
POLIZIA LOCALE DI ROMA CAPITALE;2026;14/03/2026;Risolto al secondo livello;false;false;;false
MUNICIPIO I;2026;14/03/2026;Risolto al secondo livello;false;false;;false
MUNICIPIO I;2026;14/03/2026;Non lavorabile o dati insufficienti;false;false;;false
MUNICIPIO I;2026;14/03/2026;Risolto al secondo livello;false;false;;false
CHIAMAROMA 060606;2026;14/03/2026;Risolto al secondo livello;false;false;;false
CHIAMAROMA 060606;2026;14/03/2026;In carico a ente esterno;false;true;POLIZIA LOCALE DI ROMA CAPITALE;true
CHIAMAROMA 060606;2026;14/03/2026;In carico a ente esterno;false;true;POLIZIA LOCALE DI ROMA CAPITALE;true
CHIAMAROMA 060606;2026;14/03/2026;Risolto da Ente Esterno;false;true;AMA;false
CHIAMAROMA 060606;2026;14/03/2026;Risolto da Ente Esterno;false;true;AMA;false
CHIAMAROMA 060606;2026;14/03/2026;Risolto da Ente Esterno;false;true;AMA;false
AMA;2026;14/03/2026;Risolto da Ente Esterno;false;true;AMA;false
CHIAMAROMA 060606;2026;14/03/2026;Risolto da Ente Esterno;false;true;AMA;false
CHIAMAROMA 060606;2026;14/03/2026;Risolto da Ente Esterno;false;true;AMA;false
CHIAMAROMA 060606;2026;14/03/2026;Risolto da Ente Esterno;false;true;AMA;false
CHIAMAROMA 060606;2026;14/03/2026;Risolto da Ente Esterno;false;true;AMA;false
CHIAMAROMA 060606;2026;14/03/2026;In carico a ente esterno;false;true;POLIZIA LOCALE DI ROMA CAPITALE;true
POLIZIA LOCALE DI ROMA CAPITALE;2026;14/03/2026;In carico a ente esterno;false;true;POLIZIA LOCALE DI ROMA CAPITALE;false
POLIZIA LOCALE DI ROMA CAPITALE;2026;14/03/2026;In carico a ente esterno;false;true;POLIZIA LOCALE DI ROMA CAPITALE;false
POLIZIA LOCALE DI ROMA CAPITALE;2026;14/03/2026;In carico a ente esterno;false;true;POLIZIA LOCALE DI ROMA CAPITALE;false
POLIZIA LOCALE DI ROMA CAPITALE;2026;14/03/2026;In carico a ente esterno;false;true;POLIZIA LOCALE DI ROMA CAPITALE;false
POLIZIA LOCALE DI ROMA CAPITALE;2026;14/03/2026;In carico a ente esterno;false;true;POLIZIA LOCALE DI ROMA CAPITALE;false
POLIZIA LOCALE DI ROMA CAPITALE;2026;14/03/2026;In carico a ente esterno;false;true;POLIZIA LOCALE DI ROMA CAPITALE;false
POLIZIA LOCALE DI ROMA CAPITALE;2026;14/03/2026;In carico a ente esterno;false;true;POLIZIA LOCALE DI ROMA CAPITALE;false
POLIZIA LOCALE DI ROMA CAPITALE;2026;14/03/2026;In carico a ente esterno;false;true;POLIZIA LOCALE DI ROMA CAPITALE;false
POLIZIA LOCALE DI ROMA CAPITALE;2026;14/03/2026;In carico a ente esterno;false;true;POLIZIA LOCALE DI ROMA CAPITALE;false
POLIZIA LOCALE DI ROMA CAPITALE;2026;14/03/2026;In carico a ente esterno;false;true;POLIZIA LOCALE DI ROMA CAPITALE;false
CHIAMAROMA 060606;2026;14/03/2026;In carico a ente esterno;false;true;POLIZIA LOCALE DI ROMA CAPITALE;true
CHIAMAROMA 060606;2026;14/03/2026;In carico a ente esterno;false;true;POLIZIA LOCALE DI ROMA CAPITALE;true
CHIAMAROMA 060606;2026;14/03/2026;In carico a ente esterno;false;true;POLIZIA LOCALE DI ROMA CAPITALE;true
CHIAMAROMA 060606;2026;14/03/2026;In carico a ente esterno;false;true;POLIZIA LOCALE DI ROMA CAPITALE;true
CHIAMAROMA 060606;2026;14/03/2026;In carico a ente esterno;false;true;POLIZIA LOCALE DI ROMA CAPITALE;true
POLIZIA LOCALE DI ROMA CAPITALE;2026;14/03/2026;In carico a ente esterno;false;true;POLIZIA LOCALE DI ROMA CAPITALE;false
POLIZIA LOCALE DI ROMA CAPITALE;2026;14/03/2026;In carico a ente esterno;false;true;POLIZIA LOCALE DI ROMA CAPITALE;false
CHIAMAROMA 060606;2026;14/03/2026;In carico a ente esterno;false;true;POLIZIA LOCALE DI ROMA CAPITALE;true
CHIAMAROMA 060606;2026;14/03/2026;In carico a ente esterno;false;true;POLIZIA LOCALE DI ROMA CAPITALE;true
CHIAMAROMA 060606;2026;14/03/2026;In carico a ente esterno;false;true;POLIZIA LOCALE DI ROMA CAPITALE;true
CHIAMAROMA 060606;2026;14/03/2026;In carico a ente esterno;false;true;POLIZIA LOCALE DI ROMA CAPITALE;true
CHIAMAROMA 060606;2026;14/03/2026;In carico a ente esterno;false;true;POLIZIA LOCALE DI ROMA CAPITALE;true
CHIAMAROMA 060606;2026;14/03/2026;In carico a ente esterno;false;true;POLIZIA LOCALE DI ROMA CAPITALE;true
CHIAMAROMA 060606;2026;14/03/2026;In carico a ente esterno;false;true;POLIZIA LOCALE DI ROMA CAPITALE;true
CHIAMAROMA 060606;2026;14/03/2026;Risolto da Ente Esterno;false;true;AMA;false
CHIAMAROMA 060606;2026;14/03/2026;Risolto da Ente Esterno;false;true;AMA;false
GABINETTO DEL SINDACO;2026;14/03/2026;Risolto da Ente Esterno;false;true;AMA;false
CHIAMAROMA 060606;2026;14/03/2026;Risolto da Ente Esterno;false;true;AMA;false
MUNICIPIO II;2026;14/03/2026;Risolto da Ente Esterno;false;true;AMA;false
CHIAMAROMA 060606;2026;14/03/2026;Risolto da Ente Esterno;false;true;AMA;false
AMA;2026;14/03/2026;Risolto da Ente Esterno;false;true;AMA;false
CHIAMAROMA 060606;2026;14/03/2026;Risolto da Ente Esterno;false;true;AMA;false
CHIAMAROMA 060606;2026;14/03/2026;Risolto da Ente Esterno;false;true;AMA;false
AMA;2026;14/03/2026;Risolto da Ente Esterno;false;true;AMA;false
MUNICIPIO IX;2026;14/03/2026;Risolto da Ente Esterno;false;true;AMA;false
;2026;14/03/2026;Risolto da Ente Esterno;false;true;AMA;false
POLIZIA LOCALE DI ROMA CAPITALE;2026;14/03/2026;In carico a ente esterno;false;true;POLIZIA LOCALE DI ROMA CAPITALE;false
CHIAMAROMA 060606;2026;14/03/2026;In carico a ente esterno;false;true;POLIZIA LOCALE DI ROMA CAPITALE;true
CHIAMAROMA 060606;2026;14/03/2026;Risolto al secondo livello;false;true;ATAC;false
CHIAMAROMA 060606;2026;14/03/2026;Risolto al secondo livello;false;true;ATAC;false
CHIAMAROMA 060606;2026;14/03/2026;Risolto al secondo livello;false;true;ATAC;false
CHIAMAROMA 060606;2026;14/03/2026;Risolto al secondo livello;false;true;ATAC;false
CHIAMAROMA 060606;2026;14/03/2026;Risolto al secondo livello;false;true;ATAC;false
CHIAMAROMA 060606;2026;14/03/2026;Risolto al secondo livello;false;true;ATAC;false
CHIAMAROMA 060606;2026;14/03/2026;Risolto al secondo livello;false;true;ATAC;false
CHIAMAROMA 060606;2026;14/03/2026;Risolto al secondo livello;false;true;ATAC;false
CHIAMAROMA 060606;2026;14/03/2026;Risolto al secondo livello;false;true;ATAC;false
CHIAMAROMA 060606;2026;14/03/2026;Risolto al secondo livello;false;true;ATAC;false
CHIAMAROMA 060606;2026;14/03/2026;Risolto al secondo livello;false;true;ATAC;false
CHIAMAROMA 060606;2026;14/03/2026;Risolto al secondo livello;false;true;ATAC;false
CHIAMAROMA 060606;2026;14/03/2026;Risolto al secondo livello;false;true;ATAC;false
CHIAMAROMA 060606;2026;14/03/2026;Risolto al secondo livello;false;true;ATAC;false
POLIZIA LOCALE DI ROMA CAPITALE;2026;14/03/2026;In carico a ente esterno;false;true;POLIZIA LOCALE DI ROMA CAPITALE;false
POLIZIA LOCALE DI ROMA CAPITALE;2026;14/03/2026;In carico a ente esterno;false;true;POLIZIA LOCALE DI ROMA CAPITALE;false
POLIZIA LOCALE DI ROMA CAPITALE;2026;14/03/2026;In carico a ente esterno;false;true;POLIZIA LOCALE DI ROMA CAPITALE;false
POLIZIA LOCALE DI ROMA CAPITALE;2026;14/03/2026;In carico a ente esterno;false;true;POLIZIA LOCALE DI ROMA CAPITALE;false
POLIZIA LOCALE DI ROMA CAPITALE;2026;14/03/2026;In carico a ente esterno;false;true;POLIZIA LOCALE DI ROMA CAPITALE;false
POLIZIA LOCALE DI ROMA CAPITALE;2026;14/03/2026;In carico a ente esterno;false;true;POLIZIA LOCALE DI ROMA CAPITALE;false
CHIAMAROMA 060606;2026;14/03/2026;Risolto al secondo livello;false;true;ATAC;false
CHIAMAROMA 060606;2026;14/03/2026;Risolto al secondo livello;false;true;ATAC;false
CHIAMAROMA 060606;2026;14/03/2026;Risolto al secondo livello;false;true;ATAC;false
CHIAMAROMA 060606;2026;14/03/2026;Risolto al secondo livello;false;true;ATAC;false
CHIAMAROMA 060606;2026;14/03/2026;Risolto al secondo livello;false;true;ATAC;false
;2026;14/03/2026;Risolto al secondo livello;false;true;ATAC;false
CHIAMAROMA 060606;2026;14/03/2026;Risolto al secondo livello;false;true;ATAC;false
CHIAMAROMA 060606;2026;14/03/2026;Risolto al secondo livello;false;true;ATAC;false
CHIAMAROMA 060606;2026;14/03/2026;Risolto al secondo livello;false;true;ATAC;false
CHIAMAROMA 060606;2026;14/03/2026;Risolto al secondo livello;false;true;ATAC;false
CHIAMAROMA 060606;2026;14/03/2026;In carico a ente esterno;false;true;POLIZIA LOCALE DI ROMA CAPITALE;true
CHIAMAROMA 060606;2026;14/03/2026;Risolto al secondo livello;false;true;ATAC;false
CHIAMAROMA 060606;2026;14/03/2026;Risolto al secondo livello;false;true;ATAC;false
CHIAMAROMA 060606;2026;14/03/2026;In carico a ente esterno;false;true;POLIZIA LOCALE DI ROMA CAPITALE;true
CHIAMAROMA 060606;2026;14/03/2026;Risolto al secondo livello;false;true;ATAC;false
CHIAMAROMA 060606;2026;14/03/2026;Risolto al secondo livello;false;true;ATAC;false
CHIAMAROMA 060606;2026;14/03/2026;Risolto al secondo livello;false;true;ATAC;false
CHIAMAROMA 060606;2026;14/03/2026;Risolto al secondo livello;false;true;ATAC;false
CHIAMAROMA 060606;2026;14/03/2026;Risolto al secondo livello;false;true;ATAC;false
CHIAMAROMA 060606;2026;14/03/2026;Risolto al secondo livello;false;true;ATAC;false
;2026;14/03/2026;Risolto al secondo livello;false;true;ATAC;false
CHIAMAROMA 060606;2026;14/03/2026;Risolto al secondo livello;false;true;ATAC;false
CHIAMAROMA 060606;2026;14/03/2026;Risolto al secondo livello;false;false;;false
BACK OFFICE ROMA CAPITALE;2026;14/03/2026;In carico a ente esterno;false;true;POLIZIA LOCALE DI ROMA CAPITALE;false
BACK OFFICE ROMA CAPITALE;2026;14/03/2026;In carico a ente esterno;false;true;POLIZIA LOCALE DI ROMA CAPITALE;false
BACK OFFICE ROMA CAPITALE;2026;14/03/2026;In carico a ente esterno;false;true;POLIZIA LOCALE DI ROMA CAPITALE;false
POLIZIA LOCALE DI ROMA CAPITALE;2026;14/03/2026;In carico a ente esterno;false;true;POLIZIA LOCALE DI ROMA CAPITALE;false
POLIZIA LOCALE DI ROMA CAPITALE;2026;14/03/2026;In carico a ente esterno;false;true;POLIZIA LOCALE DI ROMA CAPITALE;false
POLIZIA LOCALE DI ROMA CAPITALE;2026;14/03/2026;In carico a ente esterno;false;true;POLIZIA LOCALE DI ROMA CAPITALE;false
POLIZIA LOCALE DI ROMA CAPITALE;2026;14/03/2026;In carico a ente esterno;false;true;POLIZIA LOCALE DI ROMA CAPITALE;false
POLIZIA LOCALE DI ROMA CAPITALE;2026;14/03/2026;In carico a ente esterno;false;true;POLIZIA LOCALE DI ROMA CAPITALE;false
POLIZIA LOCALE DI ROMA CAPITALE;2026;14/03/2026;In carico a ente esterno;false;true;POLIZIA LOCALE DI ROMA CAPITALE;false
POLIZIA LOCALE DI ROMA CAPITALE;2026;14/03/2026;In carico a ente esterno;false;true;POLIZIA LOCALE DI ROMA CAPITALE;false
POLIZIA LOCALE DI ROMA CAPITALE;2026;14/03/2026;In carico a ente esterno;false;true;POLIZIA LOCALE DI ROMA CAPITALE;false
POLIZIA LOCALE DI ROMA CAPITALE;2026;14/03/2026;In carico a ente esterno;false;true;POLIZIA LOCALE DI ROMA CAPITALE;false
POLIZIA LOCALE DI ROMA CAPITALE;2026;14/03/2026;In carico a ente esterno;false;true;POLIZIA LOCALE DI ROMA CAPITALE;false
CHIAMAROMA 060606;2026;14/03/2026;Risolto al primo livello;false;false;;true
CHIAMAROMA 060606;2026;14/03/2026;In carico a ente esterno;false;true;POLIZIA LOCALE DI ROMA CAPITALE;true
POLIZIA LOCALE DI ROMA CAPITALE;2026;14/03/2026;In carico a ente esterno;false;true;POLIZIA LOCALE DI ROMA CAPITALE;false
CHIAMAROMA 060606;2026;14/03/2026;In carico a ente esterno;false;true;POLIZIA LOCALE DI ROMA CAPITALE;true
POLIZIA LOCALE DI ROMA CAPITALE;2026;14/03/2026;In carico a ente esterno;false;true;POLIZIA LOCALE DI ROMA CAPITALE;false
POLIZIA LOCALE DI ROMA CAPITALE;2026;14/03/2026;In carico a ente esterno;false;true;POLIZIA LOCALE DI ROMA CAPITALE;false
CHIAMAROMA 060606;2026;14/03/2026;In carico a ente esterno;false;true;POLIZIA LOCALE DI ROMA CAPITALE;true
CHIAMAROMA 060606;2026;14/03/2026;Risolto da Ente Esterno;false;true;AMA;false
CHIAMAROMA 060606;2026;14/03/2026;Risolto da Ente Esterno;false;true;AMA;false
CHIAMAROMA 060606;2026;14/03/2026;Risolto da Ente Esterno;false;true;AMA;false
CHIAMAROMA 060606;2026;14/03/2026;Risolto da Ente Esterno;false;true;AMA;false
CHIAMAROMA 060606;2026;14/03/2026;Risolto da Ente Esterno;false;true;AMA;false
CHIAMAROMA 060606;2026;14/03/2026;Risolto da Ente Esterno;false;true;AMA;false
CHIAMAROMA 060606;2026;14/03/2026;Risolto da Ente Esterno;false;true;AMA;false
CHIAMAROMA 060606;2026;14/03/2026;Risolto da Ente Esterno;false;true;AMA;false
CHIAMAROMA 060606;2026;14/03/2026;Risolto da Ente Esterno;false;true;AMA;false
CHIAMAROMA 060606;2026;14/03/2026;In carico a ente esterno;false;true;POLIZIA LOCALE DI ROMA CAPITALE;true
POLIZIA LOCALE DI ROMA CAPITALE;2026;14/03/2026;In carico a ente esterno;false;true;POLIZIA LOCALE DI ROMA CAPITALE;false
POLIZIA LOCALE DI ROMA CAPITALE;2026;14/03/2026;In carico a ente esterno;false;true;POLIZIA LOCALE DI ROMA CAPITALE;false
POLIZIA LOCALE DI ROMA CAPITALE;2026;14/03/2026;In carico a ente esterno;false;true;POLIZIA LOCALE DI ROMA CAPITALE;false
POLIZIA LOCALE DI ROMA CAPITALE;2026;14/03/2026;In carico a ente esterno;false;true;POLIZIA LOCALE DI ROMA CAPITALE;false
POLIZIA LOCALE DI ROMA CAPITALE;2026;14/03/2026;In carico a ente esterno;false;true;POLIZIA LOCALE DI ROMA CAPITALE;false
AMA;2026;14/03/2026;Risolto da Ente Esterno;false;true;AMA;false
POLIZIA LOCALE DI ROMA CAPITALE;2026;14/03/2026;In carico a ente esterno;false;true;POLIZIA LOCALE DI ROMA CAPITALE;false
POLIZIA LOCALE DI ROMA CAPITALE;2026;14/03/2026;In carico a ente esterno;false;true;POLIZIA LOCALE DI ROMA CAPITALE;false
POLIZIA LOCALE DI ROMA CAPITALE;2026;14/03/2026;In carico a ente esterno;false;true;POLIZIA LOCALE DI ROMA CAPITALE;false
POLIZIA LOCALE DI ROMA CAPITALE;2026;14/03/2026;In carico a ente esterno;false;true;POLIZIA LOCALE DI ROMA CAPITALE;false
POLIZIA LOCALE DI ROMA CAPITALE;2026;14/03/2026;In carico a ente esterno;false;true;POLIZIA LOCALE DI ROMA CAPITALE;false
POLIZIA LOCALE DI ROMA CAPITALE;2026;15/03/2026;In carico a ente esterno;false;true;POLIZIA LOCALE DI ROMA CAPITALE;false
POLIZIA LOCALE DI ROMA CAPITALE;2026;15/03/2026;In carico a ente esterno;false;true;POLIZIA LOCALE DI ROMA CAPITALE;false
POLIZIA LOCALE DI ROMA CAPITALE;2026;15/03/2026;In carico a ente esterno;false;true;POLIZIA LOCALE DI ROMA CAPITALE;false
CHIAMAROMA 060606;2026;15/03/2026;Risolto da Ente Esterno;false;true;AMA;false
CHIAMAROMA 060606;2026;15/03/2026;Risolto da Ente Esterno;false;true;AMA;false
CHIAMAROMA 060606;2026;15/03/2026;Risolto da Ente Esterno;false;true;AMA;false
CHIAMAROMA 060606;2026;15/03/2026;Risolto da Ente Esterno;false;true;AMA;false
CHIAMAROMA 060606;2026;15/03/2026;Risolto da Ente Esterno;false;true;AMA;false
POLIZIA LOCALE DI ROMA CAPITALE;2026;15/03/2026;In carico a ente esterno;false;true;POLIZIA LOCALE DI ROMA CAPITALE;false
CHIAMAROMA 060606;2026;15/03/2026;Risolto da Ente Esterno;false;true;AMA;false
CHIAMAROMA 060606;2026;15/03/2026;Risolto da Ente Esterno;false;true;AMA;false
CHIAMAROMA 060606;2026;15/03/2026;Risolto da Ente Esterno;false;true;AMA;false
CHIAMAROMA 060606;2026;15/03/2026;Risolto da Ente Esterno;false;true;AMA;false
CHIAMAROMA 060606;2026;15/03/2026;Risolto da Ente Esterno;false;true;AMA;false
CHIAMAROMA 060606;2026;15/03/2026;Risolto da Ente Esterno;false;true;AMA;false
CHIAMAROMA 060606;2026;15/03/2026;Risolto da Ente Esterno;false;true;AMA;false
AMA;2026;15/03/2026;Risolto da Ente Esterno;false;true;AMA;false
CHIAMAROMA 060606;2026;15/03/2026;Risolto da Ente Esterno;false;true;AMA;false
CHIAMAROMA 060606;2026;15/03/2026;Risolto da Ente Esterno;false;true;AMA;false
CHIAMAROMA 060606;2026;15/03/2026;Risolto da Ente Esterno;false;true;AMA;false
CHIAMAROMA 060606;2026;15/03/2026;Risolto da Ente Esterno;false;true;AMA;false
CHIAMAROMA 060606;2026;15/03/2026;Risolto da Ente Esterno;false;true;AMA;false
CHIAMAROMA 060606;2026;15/03/2026;Risolto da Ente Esterno;false;true;AMA;false
CHIAMAROMA 060606;2026;15/03/2026;Risolto da Ente Esterno;false;true;AMA;false
CHIAMAROMA 060606;2026;15/03/2026;Risolto da Ente Esterno;false;true;AMA;false
MUNICIPIO VII;2026;15/03/2026;Risolto da Ente Esterno;false;true;AMA;false
CHIAMAROMA 060606;2026;15/03/2026;Risolto da Ente Esterno;false;true;AMA;false
CHIAMAROMA 060606;2026;15/03/2026;Risolto da Ente Esterno;false;true;AMA;false
CHIAMAROMA 060606;2026;15/03/2026;Risolto da Ente Esterno;false;true;AMA;false
CHIAMAROMA 060606;2026;15/03/2026;Risolto da Ente Esterno;false;true;AMA;false
CHIAMAROMA 060606;2026;15/03/2026;Risolto da Ente Esterno;false;true;AMA;false
AMA;2026;15/03/2026;Risolto da Ente Esterno;false;true;AMA;false
CHIAMAROMA 060606;2026;15/03/2026;Risolto da Ente Esterno;false;true;AMA;false
CHIAMAROMA 060606;2026;15/03/2026;Risolto da Ente Esterno;false;true;AMA;false
CHIAMAROMA 060606;2026;15/03/2026;Risolto da Ente Esterno;false;true;AMA;false
CHIAMAROMA 060606;2026;15/03/2026;Risolto da Ente Esterno;false;true;AMA;false
CHIAMAROMA 060606;2026;15/03/2026;Risolto da Ente Esterno;false;true;AMA;false
CHIAMAROMA 060606;2026;15/03/2026;Risolto da Ente Esterno;false;true;AMA;false
CHIAMAROMA 060606;2026;15/03/2026;Risolto da Ente Esterno;false;true;AMA;false
POLIZIA LOCALE DI ROMA CAPITALE;2026;15/03/2026;In carico a ente esterno;false;true;POLIZIA LOCALE DI ROMA CAPITALE;false
CHIAMAROMA 060606;2026;15/03/2026;Risolto da Ente Esterno;false;true;AMA;false
POLIZIA LOCALE DI ROMA CAPITALE;2026;15/03/2026;In carico a ente esterno;false;true;POLIZIA LOCALE DI ROMA CAPITALE;false
POLIZIA LOCALE DI ROMA CAPITALE;2026;15/03/2026;In carico a ente esterno;false;true;POLIZIA LOCALE DI ROMA CAPITALE;false
POLIZIA LOCALE DI ROMA CAPITALE;2026;15/03/2026;In carico a ente esterno;false;true;POLIZIA LOCALE DI ROMA CAPITALE;false
POLIZIA LOCALE DI ROMA CAPITALE;2026;15/03/2026;In carico a ente esterno;false;true;POLIZIA LOCALE DI ROMA CAPITALE;false
POLIZIA LOCALE DI ROMA CAPITALE;2026;15/03/2026;In carico a ente esterno;false;true;POLIZIA LOCALE DI ROMA CAPITALE;false
POLIZIA LOCALE DI ROMA CAPITALE;2026;15/03/2026;In carico a ente esterno;false;true;POLIZIA LOCALE DI ROMA CAPITALE;false
CHIAMAROMA 060606;2026;15/03/2026;In carico a ente esterno;false;true;POLIZIA LOCALE DI ROMA CAPITALE;true
CHIAMAROMA 060606;2026;15/03/2026;Risolto al primo livello;false;false;;true
CHIAMAROMA 060606;2026;15/03/2026;Risolto da Ente Esterno;false;true;AMA;false
POLIZIA LOCALE DI ROMA CAPITALE;2026;15/03/2026;In carico a ente esterno;false;true;POLIZIA LOCALE DI ROMA CAPITALE;false
POLIZIA LOCALE DI ROMA CAPITALE;2026;15/03/2026;In carico a ente esterno;false;true;POLIZIA LOCALE DI ROMA CAPITALE;false
POLIZIA LOCALE DI ROMA CAPITALE;2026;15/03/2026;In carico a ente esterno;false;true;POLIZIA LOCALE DI ROMA CAPITALE;false
POLIZIA LOCALE DI ROMA CAPITALE;2026;15/03/2026;In carico a ente esterno;false;true;POLIZIA LOCALE DI ROMA CAPITALE;false
POLIZIA LOCALE DI ROMA CAPITALE;2026;15/03/2026;In carico a ente esterno;false;true;POLIZIA LOCALE DI ROMA CAPITALE;false
POLIZIA LOCALE DI ROMA CAPITALE;2026;15/03/2026;In carico a ente esterno;false;true;POLIZIA LOCALE DI ROMA CAPITALE;false
CHIAMAROMA 060606;2026;15/03/2026;In carico a ente esterno;false;true;POLIZIA LOCALE DI ROMA CAPITALE;true
POLIZIA LOCALE DI ROMA CAPITALE;2026;15/03/2026;In carico a ente esterno;false;true;POLIZIA LOCALE DI ROMA CAPITALE;false
POLIZIA LOCALE DI ROMA CAPITALE;2026;15/03/2026;In carico a ente esterno;false;true;POLIZIA LOCALE DI ROMA CAPITALE;false
POLIZIA LOCALE DI ROMA CAPITALE;2026;15/03/2026;In carico a ente esterno;false;true;POLIZIA LOCALE DI ROMA CAPITALE;false
POLIZIA LOCALE DI ROMA CAPITALE;2026;15/03/2026;In carico a ente esterno;false;true;POLIZIA LOCALE DI ROMA CAPITALE;false
POLIZIA LOCALE DI ROMA CAPITALE;2026;15/03/2026;In carico a ente esterno;false;true;POLIZIA LOCALE DI ROMA CAPITALE;false
POLIZIA LOCALE DI ROMA CAPITALE;2026;15/03/2026;In carico a ente esterno;false;true;POLIZIA LOCALE DI ROMA CAPITALE;false
POLIZIA LOCALE DI ROMA CAPITALE;2026;15/03/2026;In carico a ente esterno;false;true;POLIZIA LOCALE DI ROMA CAPITALE;false
POLIZIA LOCALE DI ROMA CAPITALE;2026;15/03/2026;In carico a ente esterno;false;true;POLIZIA LOCALE DI ROMA CAPITALE;false
POLIZIA LOCALE DI ROMA CAPITALE;2026;15/03/2026;In carico a ente esterno;false;true;POLIZIA LOCALE DI ROMA CAPITALE;false
POLIZIA LOCALE DI ROMA CAPITALE;2026;15/03/2026;In carico a ente esterno;false;true;POLIZIA LOCALE DI ROMA CAPITALE;false
CHIAMAROMA 060606;2026;15/03/2026;In carico a ente esterno;false;true;POLIZIA LOCALE DI ROMA CAPITALE;true
POLIZIA LOCALE DI ROMA CAPITALE;2026;15/03/2026;In carico a ente esterno;false;true;POLIZIA LOCALE DI ROMA CAPITALE;false
POLIZIA LOCALE DI ROMA CAPITALE;2026;15/03/2026;In carico a ente esterno;false;true;POLIZIA LOCALE DI ROMA CAPITALE;false
POLIZIA LOCALE DI ROMA CAPITALE;2026;15/03/2026;In carico a ente esterno;false;true;POLIZIA LOCALE DI ROMA CAPITALE;false
POLIZIA LOCALE DI ROMA CAPITALE;2026;15/03/2026;In carico a ente esterno;false;true;POLIZIA LOCALE DI ROMA CAPITALE;false
POLIZIA LOCALE DI ROMA CAPITALE;2026;15/03/2026;In carico a ente esterno;false;true;POLIZIA LOCALE DI ROMA CAPITALE;false
POLIZIA LOCALE DI ROMA CAPITALE;2026;15/03/2026;In carico a ente esterno;false;true;POLIZIA LOCALE DI ROMA CAPITALE;false
POLIZIA LOCALE DI ROMA CAPITALE;2026;15/03/2026;In carico a ente esterno;false;true;POLIZIA LOCALE DI ROMA CAPITALE;false
POLIZIA LOCALE DI ROMA CAPITALE;2026;15/03/2026;In carico a ente esterno;false;true;POLIZIA LOCALE DI ROMA CAPITALE;false
POLIZIA LOCALE DI ROMA CAPITALE;2026;15/03/2026;In carico a ente esterno;false;true;POLIZIA LOCALE DI ROMA CAPITALE;false
POLIZIA LOCALE DI ROMA CAPITALE;2026;15/03/2026;In carico a ente esterno;false;true;POLIZIA LOCALE DI ROMA CAPITALE;false
POLIZIA LOCALE DI ROMA CAPITALE;2026;15/03/2026;In carico a ente esterno;false;true;POLIZIA LOCALE DI ROMA CAPITALE;false
POLIZIA LOCALE DI ROMA CAPITALE;2026;15/03/2026;In carico a ente esterno;false;true;POLIZIA LOCALE DI ROMA CAPITALE;false
POLIZIA LOCALE DI ROMA CAPITALE;2026;15/03/2026;In carico a ente esterno;false;true;POLIZIA LOCALE DI ROMA CAPITALE;false
POLIZIA LOCALE DI ROMA CAPITALE;2026;15/03/2026;In carico a ente esterno;false;true;POLIZIA LOCALE DI ROMA CAPITALE;false
POLIZIA LOCALE DI ROMA CAPITALE;2026;15/03/2026;In carico a ente esterno;false;true;POLIZIA LOCALE DI ROMA CAPITALE;false
POLIZIA LOCALE DI ROMA CAPITALE;2026;15/03/2026;In carico a ente esterno;false;true;POLIZIA LOCALE DI ROMA CAPITALE;false
POLIZIA LOCALE DI ROMA CAPITALE;2026;15/03/2026;In carico a ente esterno;false;true;POLIZIA LOCALE DI ROMA CAPITALE;false
POLIZIA LOCALE DI ROMA CAPITALE;2026;15/03/2026;In carico a ente esterno;false;true;POLIZIA LOCALE DI ROMA CAPITALE;false
POLIZIA LOCALE DI ROMA CAPITALE;2026;15/03/2026;In carico a ente esterno;false;true;POLIZIA LOCALE DI ROMA CAPITALE;false
POLIZIA LOCALE DI ROMA CAPITALE;2026;16/03/2026;In carico a ente esterno;false;true;POLIZIA LOCALE DI ROMA CAPITALE;false
POLIZIA LOCALE DI ROMA CAPITALE;2026;16/03/2026;In carico a ente esterno;false;true;POLIZIA LOCALE DI ROMA CAPITALE;false
MUNICIPIO III;2026;16/03/2026;Risolto da Ente Esterno;false;true;AMA;false
CHIAMAROMA 060606;2026;16/03/2026;Risolto da Ente Esterno;false;true;AMA;false
CHIAMAROMA 060606;2026;16/03/2026;Risolto da Ente Esterno;false;true;AMA;false
CHIAMAROMA 060606;2026;16/03/2026;Risolto da Ente Esterno;false;true;AMA;false
CHIAMAROMA 060606;2026;16/03/2026;Risolto da Ente Esterno;false;true;AMA;false
CHIAMAROMA 060606;2026;16/03/2026;Risolto da Ente Esterno;false;true;AMA;false
CHIAMAROMA 060606;2026;16/03/2026;Risolto da Ente Esterno;false;true;AMA;false
CHIAMAROMA 060606;2026;16/03/2026;Risolto da Ente Esterno;false;true;AMA;false
CHIAMAROMA 060606;2026;16/03/2026;Risolto da Ente Esterno;false;true;AMA;false
CHIAMAROMA 060606;2026;16/03/2026;Risolto da Ente Esterno;false;true;AMA;false
CHIAMAROMA 060606;2026;16/03/2026;Risolto da Ente Esterno;false;true;AMA;false
CHIAMAROMA 060606;2026;16/03/2026;Risolto da Ente Esterno;false;true;AMA;false
CHIAMAROMA 060606;2026;16/03/2026;Risolto da Ente Esterno;false;true;AMA;false
CHIAMAROMA 060606;2026;16/03/2026;Risolto da Ente Esterno;false;true;AMA;false
CHIAMAROMA 060606;2026;16/03/2026;Risolto da Ente Esterno;false;true;AMA;false
CHIAMAROMA 060606;2026;16/03/2026;Risolto da Ente Esterno;false;true;AMA;false
CHIAMAROMA 060606;2026;16/03/2026;Risolto da Ente Esterno;false;true;AMA;false
CHIAMAROMA 060606;2026;16/03/2026;Risolto da Ente Esterno;false;true;AMA;false
CHIAMAROMA 060606;2026;16/03/2026;Risolto da Ente Esterno;false;true;AMA;false
POLIZIA LOCALE (5° Gruppo CASILINO);2026;16/03/2026;Risolto al secondo livello;false;false;;false
RAGIONERIA GENERALE;2026;16/03/2026;Risolto al secondo livello;false;false;;false
CHIAMAROMA 060606;2026;16/03/2026;In carico a ente esterno;false;true;POLIZIA LOCALE DI ROMA CAPITALE;true
CHIAMAROMA 060606;2026;16/03/2026;Risolto al primo livello;false;false;;true
CHIAMAROMA 060606;2026;16/03/2026;In carico a ente esterno;false;true;POLIZIA LOCALE DI ROMA CAPITALE;true
DIPARTIMENTO TUTELA AMBIENTALE;2026;16/03/2026;Risolto al secondo livello;false;false;;false
CHIAMAROMA 060606;2026;16/03/2026;In carico a ente esterno;false;true;POLIZIA LOCALE DI ROMA CAPITALE;true
CHIAMAROMA 060606;2026;16/03/2026;In carico a ente esterno;false;true;POLIZIA LOCALE DI ROMA CAPITALE;true
POLIZIA LOCALE DI ROMA CAPITALE;2026;16/03/2026;In carico a ente esterno;false;true;POLIZIA LOCALE DI ROMA CAPITALE;false
POLIZIA LOCALE DI ROMA CAPITALE;2026;16/03/2026;In carico a ente esterno;false;true;POLIZIA LOCALE DI ROMA CAPITALE;false
POLIZIA LOCALE DI ROMA CAPITALE;2026;16/03/2026;In carico a ente esterno;false;true;POLIZIA LOCALE DI ROMA CAPITALE;false
CHIAMAROMA 060606;2026;16/03/2026;In carico a ente esterno;false;true;POLIZIA LOCALE DI ROMA CAPITALE;true
POLIZIA LOCALE (3° Gruppo NOMENTANO);2026;16/03/2026;Risolto al secondo livello;false;false;;false
POLIZIA LOCALE (COMANDO GENERALE);2026;16/03/2026;Trasferito telefonicamente a call center esterno o per pronto intervento;false;false;;false
CHIAMAROMA 060606;2026;16/03/2026;In carico a ente esterno;false;true;POLIZIA LOCALE DI ROMA CAPITALE;true
CHIAMAROMA 060606;2026;16/03/2026;Risolto al secondo livello;false;false;;false
CHIAMAROMA 060606;2026;16/03/2026;In carico a ente esterno;false;true;POLIZIA LOCALE DI ROMA CAPITALE;true
CHIAMAROMA 060606;2026;16/03/2026;In carico a ente esterno;false;true;POLIZIA LOCALE DI ROMA CAPITALE;true
CHIAMAROMA 060606;2026;16/03/2026;Risolto al secondo livello;false;false;;false
CHIAMAROMA 060606;2026;16/03/2026;Risolto al primo livello;false;false;;true
CHIAMAROMA 060606;2026;16/03/2026;In carico a ente esterno;false;true;POLIZIA LOCALE DI ROMA CAPITALE;true
CHIAMAROMA 060606;2026;16/03/2026;In carico a ente esterno;false;true;POLIZIA LOCALE DI ROMA CAPITALE;true
CHIAMAROMA 060606;2026;16/03/2026;In carico a ente esterno;false;true;POLIZIA LOCALE DI ROMA CAPITALE;true
MUNICIPIO XI;2026;16/03/2026;Risolto al secondo livello;false;false;;false
POLIZIA LOCALE DI ROMA CAPITALE;2026;16/03/2026;In carico a ente esterno;false;true;POLIZIA LOCALE DI ROMA CAPITALE;false
POLIZIA LOCALE DI ROMA CAPITALE;2026;16/03/2026;In carico a ente esterno;false;true;POLIZIA LOCALE DI ROMA CAPITALE;false
POLIZIA LOCALE DI ROMA CAPITALE;2026;16/03/2026;In carico a ente esterno;false;true;POLIZIA LOCALE DI ROMA CAPITALE;false
POLIZIA LOCALE DI ROMA CAPITALE;2026;16/03/2026;In carico a ente esterno;false;true;POLIZIA LOCALE DI ROMA CAPITALE;false
POLIZIA LOCALE DI ROMA CAPITALE;2026;16/03/2026;In carico a ente esterno;false;true;POLIZIA LOCALE DI ROMA CAPITALE;false
POLIZIA LOCALE DI ROMA CAPITALE;2026;16/03/2026;In carico a ente esterno;false;true;POLIZIA LOCALE DI ROMA CAPITALE;false
POLIZIA LOCALE DI ROMA CAPITALE;2026;16/03/2026;In carico a ente esterno;false;true;POLIZIA LOCALE DI ROMA CAPITALE;false
POLIZIA LOCALE DI ROMA CAPITALE;2026;16/03/2026;In carico a ente esterno;false;true;POLIZIA LOCALE DI ROMA CAPITALE;false
CHIAMAROMA 060606;2026;16/03/2026;Risolto al primo livello;false;false;;false
CHIAMAROMA 060606;2026;16/03/2026;In carico a ente esterno;false;true;POLIZIA LOCALE DI ROMA CAPITALE;true
CHIAMAROMA 060606;2026;16/03/2026;In carico a ente esterno;false;true;POLIZIA LOCALE DI ROMA CAPITALE;true
CHIAMAROMA 060606;2026;16/03/2026;Risolto al secondo livello;false;true;AMA;false
CHIAMAROMA 060606;2026;16/03/2026;Risolto al secondo livello;false;true;AMA;false
CHIAMAROMA 060606;2026;16/03/2026;Risolto al secondo livello;false;true;AMA;false
MUNICIPIO X;2026;16/03/2026;Risolto al secondo livello;false;false;;false
CHIAMAROMA 060606;2026;16/03/2026;In carico a ente esterno;false;true;POLIZIA LOCALE DI ROMA CAPITALE;true
CHIAMAROMA 060606;2026;16/03/2026;Risolto al secondo livello;false;false;;false
CHIAMAROMA 060606;2026;16/03/2026;Risolto da Ente Esterno;false;true;AEQUAROMA;false
MUNICIPIO X;2026;16/03/2026;Risolto al secondo livello;false;false;;false
MUNICIPIO III;2026;16/03/2026;Risolto al secondo livello;false;false;;false
CHIAMAROMA 060606;2026;16/03/2026;Risolto al secondo livello;false;false;;false
CHIAMAROMA 060606;2026;16/03/2026;Risolto al secondo livello;false;false;;false
CHIAMAROMA 060606;2026;16/03/2026;Risolto al secondo livello;false;false;;false
CHIAMAROMA 060606;2026;16/03/2026;In carico a ente esterno;false;true;POLIZIA LOCALE DI ROMA CAPITALE;true
GABINETTO DEL SINDACO;2026;16/03/2026;In carico a ente esterno;false;true;POLIZIA LOCALE DI ROMA CAPITALE;false
CHIAMAROMA 060606;2026;16/03/2026;Risolto da Ente Esterno;false;true;AMA;false
CHIAMAROMA 060606;2026;16/03/2026;Risolto da Ente Esterno;false;true;AMA;false
CHIAMAROMA 060606;2026;16/03/2026;Risolto da Ente Esterno;false;true;AMA;false
CHIAMAROMA 060606;2026;16/03/2026;Risolto da Ente Esterno;false;true;AMA;false
CHIAMAROMA 060606;2026;16/03/2026;Risolto da Ente Esterno;false;true;AMA;false
CHIAMAROMA 060606;2026;16/03/2026;Risolto da Ente Esterno;false;true;AMA;false
CHIAMAROMA 060606;2026;16/03/2026;Risolto da Ente Esterno;false;true;AMA;false
CHIAMAROMA 060606;2026;16/03/2026;Risolto da Ente Esterno;false;true;AMA;false
CHIAMAROMA 060606;2026;16/03/2026;Risolto da Ente Esterno;false;true;AMA;false
CHIAMAROMA 060606;2026;16/03/2026;Risolto da Ente Esterno;false;true;AMA;false
CHIAMAROMA 060606;2026;16/03/2026;Risolto da Ente Esterno;false;true;AMA;false
AMA;2026;16/03/2026;Risolto da Ente Esterno;false;true;AMA;false
CHIAMAROMA 060606;2026;16/03/2026;Risolto da Ente Esterno;false;true;AMA;false
CHIAMAROMA 060606;2026;16/03/2026;Risolto da Ente Esterno;false;true;AMA;false
CHIAMAROMA 060606;2026;16/03/2026;Risolto da Ente Esterno;false;true;AMA;false
CHIAMAROMA 060606;2026;16/03/2026;Risolto da Ente Esterno;false;true;AMA;false
CHIAMAROMA 060606;2026;16/03/2026;Risolto da Ente Esterno;false;true;AMA;false
CHIAMAROMA 060606;2026;16/03/2026;Risolto da Ente Esterno;false;true;AMA;false
CHIAMAROMA 060606;2026;16/03/2026;Risolto da Ente Esterno;false;true;AMA;false
CHIAMAROMA 060606;2026;16/03/2026;Risolto da Ente Esterno;false;true;AMA;false
CHIAMAROMA 060606;2026;16/03/2026;Risolto da Ente Esterno;false;true;AMA;false
CHIAMAROMA 060606;2026;16/03/2026;Risolto da Ente Esterno;false;true;AMA;false
AMA;2026;16/03/2026;Risolto da Ente Esterno;false;true;AMA;false
CHIAMAROMA 060606;2026;16/03/2026;Risolto da Ente Esterno;false;true;AMA;false
CHIAMAROMA 060606;2026;16/03/2026;Risolto da Ente Esterno;false;true;AMA;false
CHIAMAROMA 060606;2026;16/03/2026;Risolto da Ente Esterno;false;true;AMA;false
CHIAMAROMA 060606;2026;16/03/2026;Risolto da Ente Esterno;false;true;AMA;false
CHIAMAROMA 060606;2026;16/03/2026;Risolto da Ente Esterno;false;true;AMA;false
CHIAMAROMA 060606;2026;16/03/2026;Risolto da Ente Esterno;false;true;AMA;false
CHIAMAROMA 060606;2026;16/03/2026;Risolto da Ente Esterno;false;true;AMA;false
CHIAMAROMA 060606;2026;16/03/2026;Risolto da Ente Esterno;false;true;AMA;false
CHIAMAROMA 060606;2026;16/03/2026;Risolto da Ente Esterno;false;true;AMA;false
CHIAMAROMA 060606;2026;16/03/2026;Risolto da Ente Esterno;false;true;AMA;false
CHIAMAROMA 060606;2026;16/03/2026;Risolto da Ente Esterno;false;true;AMA;false
CHIAMAROMA 060606;2026;16/03/2026;Risolto da Ente Esterno;false;true;AMA;false
CHIAMAROMA 060606;2026;16/03/2026;Risolto da Ente Esterno;false;true;AMA;false
CHIAMAROMA 060606;2026;16/03/2026;Risolto da Ente Esterno;false;true;AMA;false
CHIAMAROMA 060606;2026;16/03/2026;Risolto da Ente Esterno;false;true;AMA;false
CHIAMAROMA 060606;2026;16/03/2026;Risolto da Ente Esterno;false;true;AMA;false
BACK OFFICE ROMA CAPITALE;2026;16/03/2026;Risolto da Ente Esterno;false;true;AMA;false
CHIAMAROMA 060606;2026;16/03/2026;Risolto da Ente Esterno;false;true;AMA;false
CHIAMAROMA 060606;2026;16/03/2026;Risolto da Ente Esterno;false;true;AMA;false
CHIAMAROMA 060606;2026;16/03/2026;Risolto da Ente Esterno;false;true;AMA;false
CHIAMAROMA 060606;2026;16/03/2026;Risolto da Ente Esterno;false;true;AMA;false
GABINETTO DEL SINDACO;2026;16/03/2026;In carico a ente esterno;false;true;POLIZIA LOCALE DI ROMA CAPITALE;false
CHIAMAROMA 060606;2026;16/03/2026;In carico a ente esterno;false;true;POLIZIA LOCALE DI ROMA CAPITALE;true
POLIZIA LOCALE DI ROMA CAPITALE;2026;16/03/2026;In carico a ente esterno;false;true;POLIZIA LOCALE DI ROMA CAPITALE;false
POLIZIA LOCALE DI ROMA CAPITALE;2026;16/03/2026;In carico a ente esterno;false;true;POLIZIA LOCALE DI ROMA CAPITALE;false
POLIZIA LOCALE DI ROMA CAPITALE;2026;16/03/2026;In carico a ente esterno;false;true;POLIZIA LOCALE DI ROMA CAPITALE;false
POLIZIA LOCALE DI ROMA CAPITALE;2026;16/03/2026;In carico a ente esterno;false;true;POLIZIA LOCALE DI ROMA CAPITALE;false
POLIZIA LOCALE DI ROMA CAPITALE;2026;16/03/2026;In carico a ente esterno;false;true;POLIZIA LOCALE DI ROMA CAPITALE;false
POLIZIA LOCALE DI ROMA CAPITALE;2026;16/03/2026;In carico a ente esterno;false;true;POLIZIA LOCALE DI ROMA CAPITALE;false
POLIZIA LOCALE DI ROMA CAPITALE;2026;16/03/2026;In carico a ente esterno;false;true;POLIZIA LOCALE DI ROMA CAPITALE;false
CHIAMAROMA 060606;2026;16/03/2026;In carico a ente esterno;false;true;POLIZIA LOCALE DI ROMA CAPITALE;true
CHIAMAROMA 060606;2026;16/03/2026;Risolto al secondo livello;false;false;;false
CHIAMAROMA 060606;2026;16/03/2026;Risolto al secondo livello;false;false;;false
CHIAMAROMA 060606;2026;16/03/2026;Risolto al secondo livello;false;false;;false
CHIAMAROMA 060606;2026;16/03/2026;Risolto al secondo livello;false;false;;false
CHIAMAROMA 060606;2026;16/03/2026;Risolto al secondo livello;false;false;;false
POLIZIA LOCALE DI ROMA CAPITALE;2026;16/03/2026;Risolto al primo livello;false;false;;false
MUNICIPIO XIV;2026;16/03/2026;Risolto al secondo livello;false;false;;false
CHIAMAROMA 060606;2026;16/03/2026;Risolto al secondo livello;false;false;;false
MUNICIPIO X;2026;16/03/2026;Risolto al secondo livello;false;false;;false
CHIAMAROMA 060606;2026;16/03/2026;Risolto al secondo livello;false;false;;false
CHIAMAROMA 060606;2026;16/03/2026;Risolto al secondo livello;false;false;;false
CHIAMAROMA 060606;2026;16/03/2026;In carico a ente esterno;false;true;POLIZIA LOCALE DI ROMA CAPITALE;true
CHIAMAROMA 060606;2026;16/03/2026;Risolto al secondo livello;false;true;AMA;false
MUNICIPIO IX;2026;16/03/2026;Risolto al primo livello;false;false;;false
CHIAMAROMA 060606;2026;16/03/2026;Risolto al secondo livello;false;false;;false
DIPARTIMENTO TUTELA AMBIENTALE;2026;16/03/2026;In carico a ente esterno;false;true;POLIZIA LOCALE DI ROMA CAPITALE;true
MUNICIPIO X;2026;16/03/2026;Risolto al secondo livello;false;false;;false
CHIAMAROMA 060606;2026;16/03/2026;Risolto al secondo livello;false;true;AMA;false
MUNICIPIO II;2026;16/03/2026;Non più necessario;false;false;;false
CHIAMAROMA 060606;2026;16/03/2026;In carico a ente esterno;false;true;POLIZIA LOCALE DI ROMA CAPITALE;true
CHIAMAROMA 060606;2026;16/03/2026;Risolto al secondo livello;false;false;;false
CHIAMAROMA 060606;2026;16/03/2026;In carico a ente esterno;false;true;POLIZIA LOCALE DI ROMA CAPITALE;true
CHIAMAROMA 060606;2026;16/03/2026;Risolto al secondo livello;false;false;;false
CHIAMAROMA 060606;2026;16/03/2026;Risolto al primo livello;false;false;;false
CHIAMAROMA 060606;2026;16/03/2026;Risolto al secondo livello;false;false;;false
DIPARTIMENTO MOBILITA’ SOSTENIBILE E TRASPORTI;2026;16/03/2026;Risolto al primo livello;false;false;;false
CHIAMAROMA 060606;2026;16/03/2026;Risolto al secondo livello;false;true;AMA;false
CHIAMAROMA 060606;2026;16/03/2026;Risolto al primo livello;false;false;;false
POLIZIA LOCALE DI ROMA CAPITALE;2026;16/03/2026;Non lavorabile o dati insufficienti;false;false;;false
CHIAMAROMA 060606;2026;16/03/2026;In carico a ente esterno;false;true;POLIZIA LOCALE DI ROMA CAPITALE;true
DIPARTIMENTO TUTELA AMBIENTALE;2026;16/03/2026;Risolto al secondo livello;false;false;;false
POLIZIA LOCALE DI ROMA CAPITALE;2026;16/03/2026;In carico a ente esterno;false;true;POLIZIA LOCALE DI ROMA CAPITALE;false
POLIZIA LOCALE DI ROMA CAPITALE;2026;16/03/2026;In carico a ente esterno;false;true;POLIZIA LOCALE DI ROMA CAPITALE;false
CHIAMAROMA 060606;2026;16/03/2026;Risolto al primo livello;false;false;;false
CHIAMAROMA 060606;2026;16/03/2026;In carico a ente esterno;false;true;POLIZIA LOCALE DI ROMA CAPITALE;true
MUNICIPIO VII;2026;16/03/2026;Risolto al primo livello;false;false;;false
CHIAMAROMA 060606;2026;16/03/2026;In carico a ente esterno;false;true;POLIZIA LOCALE DI ROMA CAPITALE;true
CHIAMAROMA 060606;2026;16/03/2026;Risolto al secondo livello;false;false;;false
DIPARTIMENTO TUTELA AMBIENTALE;2026;16/03/2026;Non più necessario;false;false;;false
CHIAMAROMA 060606;2026;16/03/2026;Risolto al secondo livello;false;false;;false
MUNICIPIO VII;2026;16/03/2026;Risolto al primo livello;false;false;;false
POLIZIA LOCALE DI ROMA CAPITALE;2026;16/03/2026;Risolto al secondo livello;false;false;;false
CHIAMAROMA 060606;2026;16/03/2026;In carico a ente esterno;false;true;POLIZIA LOCALE DI ROMA CAPITALE;true
CHIAMAROMA 060606;2026;16/03/2026;Risolto al primo livello;false;false;;false
POLIZIA LOCALE DI ROMA CAPITALE;2026;16/03/2026;Non lavorabile o dati insufficienti;false;false;;false
CHIAMAROMA 060606;2026;16/03/2026;Risolto al secondo livello;false;false;;false
MUNICIPIO IX;2026;16/03/2026;Non lavorabile o dati insufficienti;false;false;;false
CHIAMAROMA 060606;2026;16/03/2026;Risolto al secondo livello;false;true;AMA;false
CHIAMAROMA 060606;2026;16/03/2026;Risolto da Ente Esterno;false;true;AMA;false
CHIAMAROMA 060606;2026;16/03/2026;Risolto da Ente Esterno;false;true;AMA;false
CHIAMAROMA 060606;2026;16/03/2026;Risolto da Ente Esterno;false;true;AMA;false
CHIAMAROMA 060606;2026;16/03/2026;Risolto da Ente Esterno;false;true;AMA;false
CHIAMAROMA 060606;2026;16/03/2026;Risolto da Ente Esterno;false;true;AMA;false
CHIAMAROMA 060606;2026;16/03/2026;Risolto da Ente Esterno;false;true;AMA;false
CHIAMAROMA 060606;2026;16/03/2026;Risolto da Ente Esterno;false;true;AMA;false
CHIAMAROMA 060606;2026;16/03/2026;Risolto da Ente Esterno;false;true;AMA;false
AMA;2026;16/03/2026;Risolto da Ente Esterno;false;true;AMA;false
MUNICIPIO II;2026;16/03/2026;Risolto da Ente Esterno;false;true;AMA;false
MUNICIPIO II;2026;16/03/2026;Risolto da Ente Esterno;false;true;AMA;false
MUNICIPIO II;2026;16/03/2026;Risolto da Ente Esterno;false;true;AMA;false
CHIAMAROMA 060606;2026;16/03/2026;In carico a ente esterno;false;true;POLIZIA LOCALE DI ROMA CAPITALE;true
MUNICIPIO VII;2026;16/03/2026;Risolto al primo livello;false;false;;false
CHIAMAROMA 060606;2026;16/03/2026;In carico a ente esterno;false;true;POLIZIA LOCALE DI ROMA CAPITALE;true
MUNICIPIO VII;2026;16/03/2026;Risolto al primo livello;false;false;;false
CHIAMAROMA 060606;2026;16/03/2026;In carico a ente esterno;false;true;POLIZIA LOCALE DI ROMA CAPITALE;true
CHIAMAROMA 060606;2026;16/03/2026;In carico a ente esterno;false;true;POLIZIA LOCALE DI ROMA CAPITALE;true
CHIAMAROMA 060606;2026;16/03/2026;In carico a ente esterno;false;true;POLIZIA LOCALE DI ROMA CAPITALE;true
;2026;16/03/2026;In carico a ente esterno;false;true;POLIZIA LOCALE DI ROMA CAPITALE;false
CHIAMAROMA 060606;2026;16/03/2026;In carico a ente esterno;false;true;POLIZIA LOCALE DI ROMA CAPITALE;true
CHIAMAROMA 060606;2026;16/03/2026;In carico a ente esterno;false;true;POLIZIA LOCALE DI ROMA CAPITALE;true
CHIAMAROMA 060606;2026;16/03/2026;In carico a ente esterno;false;true;POLIZIA LOCALE DI ROMA CAPITALE;true
CHIAMAROMA 060606;2026;16/03/2026;In carico a ente esterno;false;true;POLIZIA LOCALE DI ROMA CAPITALE;true
CHIAMAROMA 060606;2026;16/03/2026;In carico a ente esterno;false;true;POLIZIA LOCALE DI ROMA CAPITALE;true
POLIZIA LOCALE DI ROMA CAPITALE;2026;16/03/2026;Non lavorabile o dati insufficienti;false;false;;false
MUNICIPIO II;2026;16/03/2026;Risolto al secondo livello;false;false;;false
POLIZIA LOCALE DI ROMA CAPITALE;2026;16/03/2026;In carico a ente esterno;false;true;POLIZIA LOCALE DI ROMA CAPITALE;false
POLIZIA LOCALE DI ROMA CAPITALE;2026;16/03/2026;In carico a ente esterno;false;true;POLIZIA LOCALE DI ROMA CAPITALE;false
POLIZIA LOCALE DI ROMA CAPITALE;2026;16/03/2026;In carico a ente esterno;false;true;POLIZIA LOCALE DI ROMA CAPITALE;false
POLIZIA LOCALE DI ROMA CAPITALE;2026;16/03/2026;In carico a ente esterno;false;true;POLIZIA LOCALE DI ROMA CAPITALE;false
POLIZIA LOCALE DI ROMA CAPITALE;2026;16/03/2026;In carico a ente esterno;false;true;POLIZIA LOCALE DI ROMA CAPITALE;false
MUNICIPIO IX;2026;16/03/2026;Non lavorabile o dati insufficienti;false;false;;false
CHIAMAROMA 060606;2026;16/03/2026;Risolto al primo livello;false;false;;true
DIPARTIMENTO MOBILITA’ SOSTENIBILE E TRASPORTI;2026;16/03/2026;Risolto al secondo livello;false;false;;false
GABINETTO DEL SINDACO;2026;16/03/2026;In carico a ente esterno;false;true;POLIZIA LOCALE DI ROMA CAPITALE;false
CHIAMAROMA 060606;2026;16/03/2026;In carico a ente esterno;false;true;POLIZIA LOCALE DI ROMA CAPITALE;true
CHIAMAROMA 060606;2026;16/03/2026;Risolto al secondo livello;false;false;;false
CHIAMAROMA 060606;2026;16/03/2026;In carico a ente esterno;false;true;POLIZIA LOCALE DI ROMA CAPITALE;true
CHIAMAROMA 060606;2026;16/03/2026;In carico a ente esterno;false;true;POLIZIA LOCALE DI ROMA CAPITALE;true
DIREZIONE GENERALE;2026;16/03/2026;Non più necessario;false;false;;false
GABINETTO DEL SINDACO;2026;16/03/2026;In carico a ente esterno;false;true;POLIZIA LOCALE DI ROMA CAPITALE;false
CHIAMAROMA 060606;2026;16/03/2026;In carico a ente esterno;false;true;POLIZIA LOCALE DI ROMA CAPITALE;true
CHIAMAROMA 060606;2026;16/03/2026;In carico a ente esterno;false;true;POLIZIA LOCALE DI ROMA CAPITALE;true
GABINETTO DEL SINDACO;2026;16/03/2026;In carico a ente esterno;false;true;POLIZIA LOCALE DI ROMA CAPITALE;false
CHIAMAROMA 060606;2026;16/03/2026;In carico a ente esterno;false;true;POLIZIA LOCALE DI ROMA CAPITALE;true
CHIAMAROMA 060606;2026;16/03/2026;In carico a ente esterno;false;true;POLIZIA LOCALE DI ROMA CAPITALE;true
CHIAMAROMA 060606;2026;16/03/2026;In carico a ente esterno;false;true;POLIZIA LOCALE DI ROMA CAPITALE;true
CHIAMAROMA 060606;2026;16/03/2026;In carico a ente esterno;false;true;POLIZIA LOCALE DI ROMA CAPITALE;true
CHIAMAROMA 060606;2026;16/03/2026;In carico a ente esterno;false;true;POLIZIA LOCALE DI ROMA CAPITALE;true
DIPARTIMENTO TUTELA AMBIENTALE;2026;16/03/2026;Risolto al secondo livello;false;false;;false
CHIAMAROMA 060606;2026;16/03/2026;In carico a ente esterno;false;true;POLIZIA LOCALE DI ROMA CAPITALE;true
DIPARTIMENTO INFRASTRUTTURE E LAVORI PUBBLICI;2026;16/03/2026;Non più necessario;false;false;;false
CHIAMAROMA 060606;2026;16/03/2026;Non più necessario;false;false;;false
CHIAMAROMA 060606;2026;16/03/2026;In carico a ente esterno;false;true;POLIZIA LOCALE DI ROMA CAPITALE;true
DIPARTIMENTO TUTELA AMBIENTALE;2026;16/03/2026;Non più necessario;false;false;;false
POLIZIA LOCALE (14° Gruppo MONTEMARIO);2026;16/03/2026;Risolto al secondo livello;false;false;;false
CHIAMAROMA 060606;2026;16/03/2026;Risolto al secondo livello;false;false;;false
POLIZIA LOCALE DI ROMA CAPITALE;2026;16/03/2026;Risolto al primo livello;false;false;;false
CHIAMAROMA 060606;2026;16/03/2026;Risolto al secondo livello;false;false;;false
CHIAMAROMA 060606;2026;16/03/2026;Risolto da Ente Esterno;false;true;AMA;false
CHIAMAROMA 060606;2026;16/03/2026;Risolto da Ente Esterno;false;true;AMA;false
CHIAMAROMA 060606;2026;16/03/2026;Risolto da Ente Esterno;false;true;AMA;false
CHIAMAROMA 060606;2026;16/03/2026;Risolto da Ente Esterno;false;true;AMA;false
CHIAMAROMA 060606;2026;16/03/2026;Risolto da Ente Esterno;false;true;AMA;false
CHIAMAROMA 060606;2026;16/03/2026;Risolto da Ente Esterno;false;true;AMA;false
CHIAMAROMA 060606;2026;16/03/2026;Risolto da Ente Esterno;false;true;AMA;false
CHIAMAROMA 060606;2026;16/03/2026;Risolto da Ente Esterno;false;true;AMA;false
CHIAMAROMA 060606;2026;16/03/2026;Risolto da Ente Esterno;false;true;AMA;false
CHIAMAROMA 060606;2026;16/03/2026;Risolto da Ente Esterno;false;true;AMA;false
CHIAMAROMA 060606;2026;16/03/2026;Risolto da Ente Esterno;false;true;AMA;false
CHIAMAROMA 060606;2026;16/03/2026;Risolto da Ente Esterno;false;true;AMA;false
CHIAMAROMA 060606;2026;16/03/2026;Risolto da Ente Esterno;false;true;AMA;false
CHIAMAROMA 060606;2026;16/03/2026;Risolto da Ente Esterno;false;true;AMA;false
CHIAMAROMA 060606;2026;16/03/2026;Risolto da Ente Esterno;false;true;AMA;false
CHIAMAROMA 060606;2026;16/03/2026;Risolto da Ente Esterno;false;true;AMA;false
CHIAMAROMA 060606;2026;16/03/2026;Risolto da Ente Esterno;false;true;AMA;false
CHIAMAROMA 060606;2026;16/03/2026;Risolto da Ente Esterno;false;true;AMA;false
CHIAMAROMA 060606;2026;16/03/2026;Risolto da Ente Esterno;false;true;AMA;false
CHIAMAROMA 060606;2026;16/03/2026;In carico a ente esterno;false;true;POLIZIA LOCALE DI ROMA CAPITALE;true
CHIAMAROMA 060606;2026;16/03/2026;Risolto al secondo livello;false;false;;false
POLIZIA LOCALE DI ROMA CAPITALE;2026;16/03/2026;In carico a ente esterno;false;true;POLIZIA LOCALE DI ROMA CAPITALE;false
POLIZIA LOCALE DI ROMA CAPITALE;2026;16/03/2026;In carico a ente esterno;false;true;POLIZIA LOCALE DI ROMA CAPITALE;false
CHIAMAROMA 060606;2026;16/03/2026;In carico a ente esterno;false;true;POLIZIA LOCALE DI ROMA CAPITALE;false
CHIAMAROMA 060606;2026;16/03/2026;Risolto al secondo livello;false;false;;false
CHIAMAROMA 060606;2026;16/03/2026;Risolto al secondo livello;false;false;;false
CHIAMAROMA 060606;2026;16/03/2026;Risolto al secondo livello;false;false;;false
CHIAMAROMA 060606;2026;16/03/2026;Risolto al secondo livello;false;false;;false
CHIAMAROMA 060606;2026;16/03/2026;Risolto al secondo livello;false;false;;false
CHIAMAROMA 060606;2026;16/03/2026;Risolto al secondo livello;false;false;;false
CHIAMAROMA 060606;2026;16/03/2026;In carico a ente esterno;false;true;POLIZIA LOCALE DI ROMA CAPITALE;true
CHIAMAROMA 060606;2026;16/03/2026;Risolto al secondo livello;false;false;;false
CHIAMAROMA 060606;2026;16/03/2026;Risolto al secondo livello;false;false;;false
CHIAMAROMA 060606;2026;16/03/2026;Risolto al secondo livello;false;false;;false
POLIZIA LOCALE (8° Gruppo TINTORETTO);2026;16/03/2026;Trasferito telefonicamente a call center esterno o per pronto intervento;false;false;;false
CHIAMAROMA 060606;2026;16/03/2026;Risolto al secondo livello;false;false;;false
MUNICIPIO I;2026;16/03/2026;Risolto al primo livello;false;false;;false
POLIZIA LOCALE DI ROMA CAPITALE;2026;16/03/2026;In carico a ente esterno;false;true;POLIZIA LOCALE DI ROMA CAPITALE;false
POLIZIA LOCALE DI ROMA CAPITALE;2026;16/03/2026;In carico a ente esterno;false;true;POLIZIA LOCALE DI ROMA CAPITALE;false
CHIAMAROMA 060606;2026;16/03/2026;In carico a ente esterno;false;true;POLIZIA LOCALE DI ROMA CAPITALE;true
CHIAMAROMA 060606;2026;16/03/2026;In carico a ente esterno;false;true;POLIZIA LOCALE DI ROMA CAPITALE;true
POLIZIA LOCALE DI ROMA CAPITALE;2026;16/03/2026;In carico a ente esterno;false;true;POLIZIA LOCALE DI ROMA CAPITALE;false
POLIZIA LOCALE DI ROMA CAPITALE;2026;16/03/2026;In carico a ente esterno;false;true;POLIZIA LOCALE DI ROMA CAPITALE;false
POLIZIA LOCALE DI ROMA CAPITALE;2026;16/03/2026;In carico a ente esterno;false;true;POLIZIA LOCALE DI ROMA CAPITALE;false
POLIZIA LOCALE DI ROMA CAPITALE;2026;16/03/2026;In carico a ente esterno;false;true;POLIZIA LOCALE DI ROMA CAPITALE;false
CHIAMAROMA 060606;2026;16/03/2026;Non lavorabile o dati insufficienti;false;false;;false
MUNICIPIO VII;2026;16/03/2026;Risolto al secondo livello;false;false;;false
CHIAMAROMA 060606;2026;16/03/2026;In carico a ente esterno;false;true;POLIZIA LOCALE DI ROMA CAPITALE;true
CHIAMAROMA 060606;2026;16/03/2026;In carico a ente esterno;false;true;POLIZIA LOCALE DI ROMA CAPITALE;true
CHIAMAROMA 060606;2026;16/03/2026;In carico a ente esterno;false;true;POLIZIA LOCALE DI ROMA CAPITALE;true
POLIZIA LOCALE DI ROMA CAPITALE;2026;16/03/2026;In carico a ente esterno;false;true;POLIZIA LOCALE DI ROMA CAPITALE;false
POLIZIA LOCALE DI ROMA CAPITALE;2026;16/03/2026;In carico a ente esterno;false;true;POLIZIA LOCALE DI ROMA CAPITALE;false
CHIAMAROMA 060606;2026;16/03/2026;In carico a ente esterno;false;true;POLIZIA LOCALE DI ROMA CAPITALE;false
POLIZIA LOCALE DI ROMA CAPITALE;2026;16/03/2026;In carico a ente esterno;false;true;POLIZIA LOCALE DI ROMA CAPITALE;false
POLIZIA LOCALE DI ROMA CAPITALE;2026;16/03/2026;In carico a ente esterno;false;true;POLIZIA LOCALE DI ROMA CAPITALE;false
CHIAMAROMA 060606;2026;16/03/2026;In carico a ente esterno;false;true;POLIZIA LOCALE DI ROMA CAPITALE;true
CHIAMAROMA 060606;2026;16/03/2026;In carico a ente esterno;false;true;POLIZIA LOCALE DI ROMA CAPITALE;true
POLIZIA LOCALE DI ROMA CAPITALE;2026;16/03/2026;In carico a ente esterno;false;true;POLIZIA LOCALE DI ROMA CAPITALE;false
POLIZIA LOCALE DI ROMA CAPITALE;2026;16/03/2026;In carico a ente esterno;false;true;POLIZIA LOCALE DI ROMA CAPITALE;false
POLIZIA LOCALE DI ROMA CAPITALE;2026;16/03/2026;In carico a ente esterno;false;true;POLIZIA LOCALE DI ROMA CAPITALE;false
POLIZIA LOCALE DI ROMA CAPITALE;2026;16/03/2026;In carico a ente esterno;false;true;POLIZIA LOCALE DI ROMA CAPITALE;false
POLIZIA LOCALE DI ROMA CAPITALE;2026;16/03/2026;In carico a ente esterno;false;true;POLIZIA LOCALE DI ROMA CAPITALE;false
POLIZIA LOCALE DI ROMA CAPITALE;2026;16/03/2026;In carico a ente esterno;false;true;POLIZIA LOCALE DI ROMA CAPITALE;false
POLIZIA LOCALE DI ROMA CAPITALE;2026;16/03/2026;In carico a ente esterno;false;true;POLIZIA LOCALE DI ROMA CAPITALE;false
POLIZIA LOCALE DI ROMA CAPITALE;2026;16/03/2026;In carico a ente esterno;false;true;POLIZIA LOCALE DI ROMA CAPITALE;false
POLIZIA LOCALE DI ROMA CAPITALE;2026;16/03/2026;In carico a ente esterno;false;true;POLIZIA LOCALE DI ROMA CAPITALE;false
POLIZIA LOCALE DI ROMA CAPITALE;2026;16/03/2026;In carico a ente esterno;false;true;POLIZIA LOCALE DI ROMA CAPITALE;false
POLIZIA LOCALE DI ROMA CAPITALE;2026;16/03/2026;In carico a ente esterno;false;true;POLIZIA LOCALE DI ROMA CAPITALE;false
CHIAMAROMA 060606;2026;16/03/2026;Risolto da Ente Esterno;false;true;AMA;false
CHIAMAROMA 060606;2026;16/03/2026;Risolto da Ente Esterno;false;true;AMA;false
CHIAMAROMA 060606;2026;16/03/2026;Risolto da Ente Esterno;false;true;AMA;false
CHIAMAROMA 060606;2026;16/03/2026;Risolto da Ente Esterno;false;true;AMA;false
AMA;2026;16/03/2026;Risolto da Ente Esterno;false;true;AMA;false
AMA;2026;16/03/2026;Risolto da Ente Esterno;false;true;AMA;false
AMA;2026;16/03/2026;Risolto da Ente Esterno;false;true;AMA;false
CHIAMAROMA 060606;2026;16/03/2026;Risolto da Ente Esterno;false;true;AMA;false
POLIZIA LOCALE DI ROMA CAPITALE;2026;16/03/2026;In carico a ente esterno;false;true;POLIZIA LOCALE DI ROMA CAPITALE;false
POLIZIA LOCALE DI ROMA CAPITALE;2026;16/03/2026;In carico a ente esterno;false;true;POLIZIA LOCALE DI ROMA CAPITALE;false
POLIZIA LOCALE DI ROMA CAPITALE;2026;16/03/2026;In carico a ente esterno;false;true;POLIZIA LOCALE DI ROMA CAPITALE;false
POLIZIA LOCALE DI ROMA CAPITALE;2026;16/03/2026;In carico a ente esterno;false;true;POLIZIA LOCALE DI ROMA CAPITALE;false
POLIZIA LOCALE DI ROMA CAPITALE;2026;16/03/2026;In carico a ente esterno;false;true;POLIZIA LOCALE DI ROMA CAPITALE;false
POLIZIA LOCALE DI ROMA CAPITALE;2026;17/03/2026;In carico a ente esterno;false;true;POLIZIA LOCALE DI ROMA CAPITALE;false
POLIZIA LOCALE DI ROMA CAPITALE;2026;17/03/2026;In carico a ente esterno;false;true;POLIZIA LOCALE DI ROMA CAPITALE;false
CHIAMAROMA 060606;2026;17/03/2026;Risolto da Ente Esterno;false;true;AMA;false
MUNICIPIO X;2026;17/03/2026;Risolto da Ente Esterno;false;true;AMA;false
AMA;2026;17/03/2026;Risolto da Ente Esterno;false;true;AMA;false
CHIAMAROMA 060606;2026;17/03/2026;Risolto da Ente Esterno;false;true;AMA;false
CHIAMAROMA 060606;2026;17/03/2026;Risolto da Ente Esterno;false;true;AMA;false
CHIAMAROMA 060606;2026;17/03/2026;Risolto da Ente Esterno;false;true;AMA;false
CHIAMAROMA 060606;2026;17/03/2026;Risolto da Ente Esterno;false;true;AMA;false
CHIAMAROMA 060606;2026;17/03/2026;Risolto da Ente Esterno;false;true;AMA;false
CHIAMAROMA 060606;2026;17/03/2026;Risolto da Ente Esterno;false;true;AMA;false
CHIAMAROMA 060606;2026;17/03/2026;Risolto da Ente Esterno;false;true;AMA;false
CHIAMAROMA 060606;2026;17/03/2026;Risolto da Ente Esterno;false;true;AMA;false
CHIAMAROMA 060606;2026;17/03/2026;Risolto da Ente Esterno;false;true;AMA;false
CHIAMAROMA 060606;2026;17/03/2026;Risolto da Ente Esterno;false;true;AMA;false
DIPARTIMENTO TUTELA AMBIENTALE;2026;17/03/2026;Risolto da Ente Esterno;false;true;AMA;false
CHIAMAROMA 060606;2026;17/03/2026;Risolto da Ente Esterno;false;true;AMA;false
CHIAMAROMA 060606;2026;17/03/2026;Risolto da Ente Esterno;false;true;AMA;false
CHIAMAROMA 060606;2026;17/03/2026;Risolto da Ente Esterno;false;true;AMA;false
CHIAMAROMA 060606;2026;17/03/2026;Risolto da Ente Esterno;false;true;AMA;false
GABINETTO DEL SINDACO;2026;17/03/2026;Risolto da Ente Esterno;false;true;AMA;false
CHIAMAROMA 060606;2026;17/03/2026;Risolto da Ente Esterno;false;true;AMA;false
CHIAMAROMA 060606;2026;17/03/2026;Risolto da Ente Esterno;false;true;AMA;false
CHIAMAROMA 060606;2026;17/03/2026;Risolto da Ente Esterno;false;true;AMA;false
CHIAMAROMA 060606;2026;17/03/2026;Risolto da Ente Esterno;false;true;AMA;false
CHIAMAROMA 060606;2026;17/03/2026;In carico a ente esterno;false;true;POLIZIA LOCALE DI ROMA CAPITALE;true
CHIAMAROMA 060606;2026;17/03/2026;Risolto da Ente Esterno;false;true;AMA;false
MUNICIPIO V;2026;17/03/2026;Risolto da Ente Esterno;false;true;AMA;false
CHIAMAROMA 060606;2026;17/03/2026;Risolto da Ente Esterno;false;true;AMA;false
CHIAMAROMA 060606;2026;17/03/2026;Risolto da Ente Esterno;false;true;AMA;false
CHIAMAROMA 060606;2026;17/03/2026;Risolto da Ente Esterno;false;true;AMA;false
CHIAMAROMA 060606;2026;17/03/2026;Risolto da Ente Esterno;false;true;AMA;false
CHIAMAROMA 060606;2026;17/03/2026;Risolto da Ente Esterno;false;true;AMA;false
CHIAMAROMA 060606;2026;17/03/2026;Risolto da Ente Esterno;false;true;AMA;false
CHIAMAROMA 060606;2026;17/03/2026;Risolto da Ente Esterno;false;true;AMA;false
CHIAMAROMA 060606;2026;17/03/2026;Risolto da Ente Esterno;false;true;AMA;false
CHIAMAROMA 060606;2026;17/03/2026;Risolto da Ente Esterno;false;true;AMA;false
DIPARTIMENTO MONITORAGGIO QUALITA' DEI SERVIZI E COMUNICAZIONE ISTITUZIONALE;2026;17/03/2026;Risolto da Ente Esterno;false;true;AMA;false
CHIAMAROMA 060606;2026;17/03/2026;Risolto da Ente Esterno;false;true;AMA;false
CHIAMAROMA 060606;2026;17/03/2026;Risolto da Ente Esterno;false;true;AMA;false
MUNICIPIO VII;2026;17/03/2026;Risolto al secondo livello;false;false;;false
CHIAMAROMA 060606;2026;17/03/2026;In carico a ente esterno;false;true;POLIZIA LOCALE DI ROMA CAPITALE;true
CHIAMAROMA 060606;2026;17/03/2026;In carico a ente esterno;false;true;POLIZIA LOCALE DI ROMA CAPITALE;true
CHIAMAROMA 060606;2026;17/03/2026;Risolto al primo livello;false;false;;true
CHIAMAROMA 060606;2026;17/03/2026;In carico a ente esterno;false;true;POLIZIA LOCALE DI ROMA CAPITALE;true
DIPARTIMENTO INFRASTRUTTURE E LAVORI PUBBLICI;2026;17/03/2026;Risolto al secondo livello;false;false;;false
MUNICIPIO II;2026;17/03/2026;Risolto al secondo livello;false;false;;false
CHIAMAROMA 060606;2026;17/03/2026;In carico a ente esterno;false;true;POLIZIA LOCALE DI ROMA CAPITALE;true
CHIAMAROMA 060606;2026;17/03/2026;In carico a ente esterno;false;true;POLIZIA LOCALE DI ROMA CAPITALE;true
CHIAMAROMA 060606;2026;17/03/2026;In carico a ente esterno;false;true;POLIZIA LOCALE DI ROMA CAPITALE;true
CHIAMAROMA 060606;2026;17/03/2026;Risolto al secondo livello;false;false;;false
CHIAMAROMA 060606;2026;17/03/2026;In carico a ente esterno;false;true;POLIZIA LOCALE DI ROMA CAPITALE;true
CHIAMAROMA 060606;2026;17/03/2026;Non lavorabile o dati insufficienti;false;false;;false
MUNICIPIO X;2026;17/03/2026;Risolto al secondo livello;false;false;;false
CHIAMAROMA 060606;2026;17/03/2026;In carico a ente esterno;false;true;POLIZIA LOCALE DI ROMA CAPITALE;true
CHIAMAROMA 060606;2026;17/03/2026;In carico a ente esterno;false;true;POLIZIA LOCALE DI ROMA CAPITALE;true
CHIAMAROMA 060606;2026;17/03/2026;In carico a ente esterno;false;true;POLIZIA LOCALE DI ROMA CAPITALE;true
MUNICIPIO XI;2026;17/03/2026;Risolto al primo livello;false;false;;false
CHIAMAROMA 060606;2026;17/03/2026;In carico a ente esterno;false;true;POLIZIA LOCALE DI ROMA CAPITALE;true
MUNICIPIO VII;2026;17/03/2026;Risolto al primo livello;false;false;;false
CHIAMAROMA 060606;2026;17/03/2026;Risolto al primo livello;false;false;;false
POLIZIA LOCALE DI ROMA CAPITALE;2026;17/03/2026;In carico a ente esterno;false;true;POLIZIA LOCALE DI ROMA CAPITALE;false
CHIAMAROMA 060606;2026;17/03/2026;Risolto al primo livello;false;false;;false
MUNICIPIO VII;2026;17/03/2026;Risolto al primo livello;false;false;;false
CHIAMAROMA 060606;2026;17/03/2026;In carico a ente esterno;false;true;POLIZIA LOCALE DI ROMA CAPITALE;true
CHIAMAROMA 060606;2026;17/03/2026;Risolto al primo livello;false;false;;false
CHIAMAROMA 060606;2026;17/03/2026;Risolto al primo livello;false;false;;false
DIPARTIMENTO SVILUPPO ECONOMICO E ATTIVITA’ PRODUTTIVE;2026;17/03/2026;Risolto al secondo livello;false;false;;false
CHIAMAROMA 060606;2026;17/03/2026;Risolto al primo livello;false;false;;false
CHIAMAROMA 060606;2026;17/03/2026;Risolto al primo livello;false;false;;false
POLIZIA LOCALE DI ROMA CAPITALE;2026;17/03/2026;Risolto al secondo livello;false;false;;false
CHIAMAROMA 060606;2026;17/03/2026;Risolto al secondo livello;false;false;;false
CHIAMAROMA 060606;2026;17/03/2026;In carico a ente esterno;false;true;POLIZIA LOCALE DI ROMA CAPITALE;true
MUNICIPIO XIV;2026;17/03/2026;Risolto al secondo livello;false;false;;false
CHIAMAROMA 060606;2026;17/03/2026;In carico a ente esterno;false;false;;false
CHIAMAROMA 060606;2026;17/03/2026;Risolto al secondo livello;false;false;;false
;2026;17/03/2026;Risolto al secondo livello;false;false;;false
DIPARTIMENTO TUTELA AMBIENTALE;2026;17/03/2026;Risolto al secondo livello;false;false;;false
CHIAMAROMA 060606;2026;17/03/2026;Risolto al secondo livello;false;true;AMA;false
MUNICIPIO XV;2026;17/03/2026;In carico a ente esterno;false;false;;false
CHIAMAROMA 060606;2026;17/03/2026;In carico a ente esterno;false;true;POLIZIA LOCALE DI ROMA CAPITALE;true
CHIAMAROMA 060606;2026;17/03/2026;In carico a ente esterno;false;true;POLIZIA LOCALE DI ROMA CAPITALE;true
POLIZIA LOCALE (8° Gruppo TINTORETTO);2026;17/03/2026;Non lavorabile o dati insufficienti;false;false;;false
MUNICIPIO I;2026;17/03/2026;Risolto da Ente Esterno;false;true;AMA;false
CHIAMAROMA 060606;2026;17/03/2026;Risolto da Ente Esterno;false;true;AMA;false
CHIAMAROMA 060606;2026;17/03/2026;Risolto da Ente Esterno;false;true;AMA;false
CHIAMAROMA 060606;2026;17/03/2026;Risolto da Ente Esterno;false;true;AMA;false
CHIAMAROMA 060606;2026;17/03/2026;Risolto da Ente Esterno;false;true;AMA;false
CHIAMAROMA 060606;2026;17/03/2026;Risolto da Ente Esterno;false;true;AMA;false
CHIAMAROMA 060606;2026;17/03/2026;Risolto da Ente Esterno;false;true;AMA;false
CHIAMAROMA 060606;2026;17/03/2026;Risolto da Ente Esterno;false;true;AMA;false
CHIAMAROMA 060606;2026;17/03/2026;Risolto da Ente Esterno;false;true;AMA;false
CHIAMAROMA 060606;2026;17/03/2026;Risolto da Ente Esterno;false;true;AMA;false
CHIAMAROMA 060606;2026;17/03/2026;Risolto da Ente Esterno;false;true;AMA;false
CHIAMAROMA 060606;2026;17/03/2026;In carico a ente esterno;false;true;POLIZIA LOCALE DI ROMA CAPITALE;true
CHIAMAROMA 060606;2026;17/03/2026;Risolto da Ente Esterno;false;true;AMA;false
CHIAMAROMA 060606;2026;17/03/2026;Risolto da Ente Esterno;false;true;AMA;false
CHIAMAROMA 060606;2026;17/03/2026;Risolto da Ente Esterno;false;true;AMA;false
MUNICIPIO XIV;2026;17/03/2026;Risolto al secondo livello;false;false;;false
MUNICIPIO VII;2026;17/03/2026;Risolto al primo livello;false;false;;false
CHIAMAROMA 060606;2026;17/03/2026;Risolto al secondo livello;false;true;AMA;false
POLIZIA LOCALE DI ROMA CAPITALE;2026;17/03/2026;In carico a ente esterno;false;true;POLIZIA LOCALE DI ROMA CAPITALE;false
POLIZIA LOCALE DI ROMA CAPITALE;2026;17/03/2026;In carico a ente esterno;false;true;POLIZIA LOCALE DI ROMA CAPITALE;false
POLIZIA LOCALE DI ROMA CAPITALE;2026;17/03/2026;In carico a ente esterno;false;true;POLIZIA LOCALE DI ROMA CAPITALE;false
POLIZIA LOCALE DI ROMA CAPITALE;2026;17/03/2026;In carico a ente esterno;false;true;POLIZIA LOCALE DI ROMA CAPITALE;false
POLIZIA LOCALE DI ROMA CAPITALE;2026;17/03/2026;In carico a ente esterno;false;true;POLIZIA LOCALE DI ROMA CAPITALE;false
CHIAMAROMA 060606;2026;17/03/2026;Risolto al primo livello;false;false;;false
CHIAMAROMA 060606;2026;17/03/2026;Risolto al primo livello;false;false;;false
CHIAMAROMA 060606;2026;17/03/2026;In carico a ente esterno;false;true;POLIZIA LOCALE DI ROMA CAPITALE;true
CHIAMAROMA 060606;2026;17/03/2026;Risolto al secondo livello;false;true;AMA;false
CHIAMAROMA 060606;2026;17/03/2026;Risolto al secondo livello;false;true;AMA;false
CHIAMAROMA 060606;2026;17/03/2026;In carico a ente esterno;false;true;POLIZIA LOCALE DI ROMA CAPITALE;true
DIPARTIMENTO ATTIVITA’ CULTURALI;2026;17/03/2026;Risolto al secondo livello;false;false;;false
CHIAMAROMA 060606;2026;17/03/2026;Risolto al secondo livello;false;true;AMA;false
CHIAMAROMA 060606;2026;17/03/2026;Risolto al primo livello;false;false;;false
CHIAMAROMA 060606;2026;17/03/2026;Risolto al primo livello;false;false;;false
GABINETTO DEL SINDACO;2026;17/03/2026;Risolto al secondo livello;false;false;;false
MUNICIPIO V;2026;17/03/2026;Risolto al secondo livello;false;false;;false
CHIAMAROMA 060606;2026;17/03/2026;In carico a ente esterno;false;true;POLIZIA LOCALE DI ROMA CAPITALE;true
MUNICIPIO VII;2026;17/03/2026;Risolto al primo livello;false;false;;false
CHIAMAROMA 060606;2026;17/03/2026;In carico a ente esterno;false;true;POLIZIA LOCALE DI ROMA CAPITALE;true
CHIAMAROMA 060606;2026;17/03/2026;Risolto al secondo livello;false;false;;false
MUNICIPIO VII;2026;17/03/2026;Risolto al primo livello;false;false;;false
MUNICIPIO V;2026;17/03/2026;Risolto al secondo livello;false;false;;false
CHIAMAROMA 060606;2026;17/03/2026;Risolto al secondo livello;false;false;;false
CHIAMAROMA 060606;2026;17/03/2026;Risolto al primo livello;false;false;;false
CHIAMAROMA 060606;2026;17/03/2026;Risolto al primo livello;false;false;;false
CHIAMAROMA 060606;2026;17/03/2026;Risolto al primo livello;false;false;;false
CHIAMAROMA 060606;2026;17/03/2026;Risolto al primo livello;false;false;;false
CHIAMAROMA 060606;2026;17/03/2026;In carico a ente esterno;false;true;POLIZIA LOCALE DI ROMA CAPITALE;true
MUNICIPIO V;2026;17/03/2026;Mancata risposta del cittadino;false;false;;false
POLIZIA LOCALE DI ROMA CAPITALE;2026;17/03/2026;In carico a ente esterno;false;true;POLIZIA LOCALE DI ROMA CAPITALE;false
POLIZIA LOCALE DI ROMA CAPITALE;2026;17/03/2026;In carico a ente esterno;false;true;POLIZIA LOCALE DI ROMA CAPITALE;false
POLIZIA LOCALE DI ROMA CAPITALE;2026;17/03/2026;In carico a ente esterno;false;true;POLIZIA LOCALE DI ROMA CAPITALE;false
POLIZIA LOCALE DI ROMA CAPITALE;2026;17/03/2026;In carico a ente esterno;false;true;POLIZIA LOCALE DI ROMA CAPITALE;false
POLIZIA LOCALE DI ROMA CAPITALE;2026;17/03/2026;In carico a ente esterno;false;true;POLIZIA LOCALE DI ROMA CAPITALE;false
POLIZIA LOCALE DI ROMA CAPITALE;2026;17/03/2026;In carico a ente esterno;false;true;POLIZIA LOCALE DI ROMA CAPITALE;false
POLIZIA LOCALE DI ROMA CAPITALE;2026;17/03/2026;In carico a ente esterno;false;true;POLIZIA LOCALE DI ROMA CAPITALE;false
CHIAMAROMA 060606;2026;17/03/2026;In carico a ente esterno;false;true;POLIZIA LOCALE DI ROMA CAPITALE;true
CHIAMAROMA 060606;2026;17/03/2026;In carico a ente esterno;false;true;POLIZIA LOCALE DI ROMA CAPITALE;true
RAGIONERIA GENERALE;2026;17/03/2026;Risolto al secondo livello;false;false;;false
CHIAMAROMA 060606;2026;17/03/2026;Risolto al secondo livello;false;false;;false
CHIAMAROMA 060606;2026;17/03/2026;In carico a ente esterno;false;true;POLIZIA LOCALE DI ROMA CAPITALE;true
CHIAMAROMA 060606;2026;17/03/2026;Risolto al secondo livello;false;false;;false
CHIAMAROMA 060606;2026;17/03/2026;Risolto al secondo livello;false;false;;false
CHIAMAROMA 060606;2026;17/03/2026;In carico a ente esterno;false;true;POLIZIA LOCALE DI ROMA CAPITALE;true
GABINETTO DEL SINDACO;2026;17/03/2026;In carico a ente esterno;false;true;POLIZIA LOCALE DI ROMA CAPITALE;false
CHIAMAROMA 060606;2026;17/03/2026;In carico a ente esterno;false;true;POLIZIA LOCALE DI ROMA CAPITALE;true
GABINETTO DEL SINDACO;2026;17/03/2026;In carico a ente esterno;false;true;POLIZIA LOCALE DI ROMA CAPITALE;false
CHIAMAROMA 060606;2026;17/03/2026;In carico a ente esterno;false;true;POLIZIA LOCALE DI ROMA CAPITALE;true
CHIAMAROMA 060606;2026;17/03/2026;Risolto al secondo livello;false;true;AMA;false
CHIAMAROMA 060606;2026;17/03/2026;Risolto al secondo livello;false;false;;false
CHIAMAROMA 060606;2026;17/03/2026;Risolto al secondo livello;false;false;;false
CHIAMAROMA 060606;2026;17/03/2026;In carico a ente esterno;false;true;POLIZIA LOCALE DI ROMA CAPITALE;true
CHIAMAROMA 060606;2026;17/03/2026;In carico a ente esterno;false;true;POLIZIA LOCALE DI ROMA CAPITALE;true
CHIAMAROMA 060606;2026;17/03/2026;Risolto al primo livello;false;false;;false
CHIAMAROMA 060606;2026;17/03/2026;In carico a ente esterno;false;true;POLIZIA LOCALE DI ROMA CAPITALE;true
BACK OFFICE ROMA CAPITALE;2026;17/03/2026;Mancata risposta del cittadino;false;false;;false
POLIZIA LOCALE DI ROMA CAPITALE;2026;17/03/2026;Trasferito telefonicamente a call center esterno o per pronto intervento;false;false;;false
DIPARTIMENTO ATTUAZIONE URBANISTICA;2026;17/03/2026;Mancata risposta del cittadino;false;false;;false
DIPARTIMENTO MONITORAGGIO QUALITA' DEI SERVIZI E COMUNICAZIONE ISTITUZIONALE;2026;17/03/2026;Mancata risposta del cittadino;false;false;;false
CHIAMAROMA 060606;2026;17/03/2026;Risolto al secondo livello;false;false;;false
CHIAMAROMA 060606;2026;17/03/2026;In carico a ente esterno;false;true;POLIZIA LOCALE DI ROMA CAPITALE;true
CHIAMAROMA 060606;2026;17/03/2026;Risolto al secondo livello;false;false;;false
MUNICIPIO III;2026;17/03/2026;Risolto al secondo livello;false;false;;false
MUNICIPIO II;2026;17/03/2026;Risolto al secondo livello;false;false;;false
DIPARTIMENTO ATTUAZIONE URBANISTICA;2026;17/03/2026;Risolto da Ente Esterno;false;false;;false
DIPARTIMENTO ATTUAZIONE URBANISTICA;2026;17/03/2026;Risolto da Ente Esterno;false;false;;false
DIPARTIMENTO ATTUAZIONE URBANISTICA;2026;17/03/2026;Risolto da Ente Esterno;false;false;;false
MUNICIPIO XII;2026;17/03/2026;Risolto al secondo livello;false;false;;false
CHIAMAROMA 060606;2026;17/03/2026;Risolto al secondo livello;false;true;AMA;false
CHIAMAROMA 060606;2026;17/03/2026;In carico a ente esterno;false;true;POLIZIA LOCALE DI ROMA CAPITALE;true
CHIAMAROMA 060606;2026;17/03/2026;Risolto al primo livello;false;false;;false
CHIAMAROMA 060606;2026;17/03/2026;Risolto al secondo livello;false;false;;false
CHIAMAROMA 060606;2026;17/03/2026;Risolto al secondo livello;false;false;;false
CHIAMAROMA 060606;2026;17/03/2026;Risolto al primo livello;false;false;;true
CHIAMAROMA 060606;2026;17/03/2026;Risolto al secondo livello;false;false;;false
CHIAMAROMA 060606;2026;17/03/2026;In carico a ente esterno;false;true;POLIZIA LOCALE DI ROMA CAPITALE;true
CHIAMAROMA 060606;2026;17/03/2026;Risolto al secondo livello;false;false;;false
CHIAMAROMA 060606;2026;17/03/2026;In carico a ente esterno;false;true;POLIZIA LOCALE DI ROMA CAPITALE;true
CHIAMAROMA 060606;2026;17/03/2026;Risolto al primo livello;false;false;;false
BACK OFFICE ROMA CAPITALE;2026;17/03/2026;Risolto al primo livello;false;false;;false
CHIAMAROMA 060606;2026;17/03/2026;In carico a ente esterno;false;true;POLIZIA LOCALE DI ROMA CAPITALE;true
CHIAMAROMA 060606;2026;17/03/2026;Risolto da Ente Esterno;false;true;AMA;false
CHIAMAROMA 060606;2026;17/03/2026;Risolto da Ente Esterno;false;true;AMA;false
AMA;2026;17/03/2026;Risolto da Ente Esterno;false;true;AMA;false
CHIAMAROMA 060606;2026;17/03/2026;Risolto da Ente Esterno;false;true;AMA;false
CHIAMAROMA 060606;2026;17/03/2026;Risolto da Ente Esterno;false;true;AMA;false
CHIAMAROMA 060606;2026;17/03/2026;Risolto da Ente Esterno;false;true;AMA;false
CHIAMAROMA 060606;2026;17/03/2026;Risolto da Ente Esterno;false;true;AMA;false
CHIAMAROMA 060606;2026;17/03/2026;Risolto da Ente Esterno;false;true;AMA;false
CHIAMAROMA 060606;2026;17/03/2026;Risolto da Ente Esterno;false;true;AMA;false
CHIAMAROMA 060606;2026;17/03/2026;Risolto da Ente Esterno;false;true;AMA;false
CHIAMAROMA 060606;2026;17/03/2026;Risolto da Ente Esterno;false;true;AMA;false
CHIAMAROMA 060606;2026;17/03/2026;Risolto da Ente Esterno;false;true;AMA;false
CHIAMAROMA 060606;2026;17/03/2026;Risolto da Ente Esterno;false;true;AMA;false
CHIAMAROMA 060606;2026;17/03/2026;Risolto da Ente Esterno;false;true;AMA;false
CHIAMAROMA 060606;2026;17/03/2026;Risolto da Ente Esterno;false;true;AMA;false
CHIAMAROMA 060606;2026;17/03/2026;Risolto da Ente Esterno;false;true;AMA;false
CHIAMAROMA 060606;2026;17/03/2026;Risolto da Ente Esterno;false;true;AMA;false
CHIAMAROMA 060606;2026;17/03/2026;Risolto da Ente Esterno;false;true;AMA;false
AMA;2026;17/03/2026;Risolto da Ente Esterno;false;true;AMA;false
CHIAMAROMA 060606;2026;17/03/2026;Risolto da Ente Esterno;false;true;AMA;false
CHIAMAROMA 060606;2026;17/03/2026;Risolto da Ente Esterno;false;true;AMA;false
CHIAMAROMA 060606;2026;17/03/2026;Risolto da Ente Esterno;false;true;AMA;false
CHIAMAROMA 060606;2026;17/03/2026;Risolto da Ente Esterno;false;true;AMA;false
CHIAMAROMA 060606;2026;17/03/2026;Risolto da Ente Esterno;false;true;AMA;false
CHIAMAROMA 060606;2026;17/03/2026;In carico a ente esterno;false;true;POLIZIA LOCALE DI ROMA CAPITALE;true
CHIAMAROMA 060606;2026;17/03/2026;In carico a ente esterno;false;true;POLIZIA LOCALE DI ROMA CAPITALE;true
GABINETTO DEL SINDACO;2026;17/03/2026;Risolto al secondo livello;false;true;AMA;false
CHIAMAROMA 060606;2026;17/03/2026;In carico a ente esterno;false;true;POLIZIA LOCALE DI ROMA CAPITALE;true
BACK OFFICE ROMA CAPITALE;2026;17/03/2026;Risolto al secondo livello;false;false;;false
CHIAMAROMA 060606;2026;17/03/2026;In carico a ente esterno;false;true;POLIZIA LOCALE DI ROMA CAPITALE;true
POLIZIA LOCALE (COMANDO GENERALE);2026;17/03/2026;Trasferito telefonicamente a call center esterno o per pronto intervento;false;false;;false
CHIAMAROMA 060606;2026;17/03/2026;Risolto al secondo livello;false;true;AMA;false
CHIAMAROMA 060606;2026;17/03/2026;Non lavorabile o dati insufficienti;false;false;;false
CHIAMAROMA 060606;2026;17/03/2026;Risolto al secondo livello;false;false;;false
CHIAMAROMA 060606;2026;17/03/2026;In carico a ente esterno;false;true;POLIZIA LOCALE DI ROMA CAPITALE;true
CHIAMAROMA 060606;2026;17/03/2026;In carico a ente esterno;false;true;POLIZIA LOCALE DI ROMA CAPITALE;true
CHIAMAROMA 060606;2026;17/03/2026;Risolto al secondo livello;false;false;;false
CHIAMAROMA 060606;2026;17/03/2026;Risolto al primo livello;false;false;;false
CHIAMAROMA 060606;2026;17/03/2026;In carico a ente esterno;false;true;POLIZIA LOCALE DI ROMA CAPITALE;true
CHIAMAROMA 060606;2026;17/03/2026;In carico a ente esterno;false;true;POLIZIA LOCALE DI ROMA CAPITALE;true
CHIAMAROMA 060606;2026;17/03/2026;In carico a ente esterno;false;true;POLIZIA LOCALE DI ROMA CAPITALE;true
CHIAMAROMA 060606;2026;17/03/2026;In carico a ente esterno;false;true;POLIZIA LOCALE DI ROMA CAPITALE;true
RAGIONERIA GENERALE;2026;17/03/2026;Risolto al secondo livello;false;false;;false
CHIAMAROMA 060606;2026;17/03/2026;In carico a ente esterno;false;true;POLIZIA LOCALE DI ROMA CAPITALE;true
CHIAMAROMA 060606;2026;17/03/2026;In carico a ente esterno;false;true;POLIZIA LOCALE DI ROMA CAPITALE;true
CHIAMAROMA 060606;2026;17/03/2026;In carico a ente esterno;false;true;POLIZIA LOCALE DI ROMA CAPITALE;true
GABINETTO DEL SINDACO;2026;17/03/2026;Non più necessario;false;false;;false
CHIAMAROMA 060606;2026;17/03/2026;In carico a ente esterno;false;true;POLIZIA LOCALE DI ROMA CAPITALE;true
MUNICIPIO III;2026;17/03/2026;Non lavorabile o dati insufficienti;false;false;;false
MUNICIPIO III;2026;17/03/2026;Risolto al secondo livello;false;false;;false
DIPARTIMENTO TUTELA AMBIENTALE;2026;17/03/2026;Risolto al secondo livello;false;false;;false
CHIAMAROMA 060606;2026;17/03/2026;Risolto al secondo livello;false;false;;false
CHIAMAROMA 060606;2026;17/03/2026;Risolto al secondo livello;false;false;;false
DIPARTIMENTO TUTELA AMBIENTALE;2026;17/03/2026;Non più necessario;false;false;;false
MUNICIPIO I;2026;17/03/2026;Risolto al primo livello;false;false;;false
CHIAMAROMA 060606;2026;17/03/2026;Risolto al secondo livello;false;true;AMA;false
MUNICIPIO III;2026;17/03/2026;Risolto al secondo livello;false;false;;false
MUNICIPIO I;2026;17/03/2026;Risolto al primo livello;false;false;;false
CHIAMAROMA 060606;2026;17/03/2026;In carico a ente esterno;false;true;POLIZIA LOCALE DI ROMA CAPITALE;true
MUNICIPIO IX;2026;17/03/2026;Risolto al secondo livello;false;false;;false
MUNICIPIO IX;2026;17/03/2026;Risolto al secondo livello;false;false;;false
CHIAMAROMA 060606;2026;17/03/2026;Risolto al secondo livello;false;false;;false
CHIAMAROMA 060606;2026;17/03/2026;Risolto al secondo livello;false;false;;false
CHIAMAROMA 060606;2026;17/03/2026;Risolto al secondo livello;false;false;;false
BACK OFFICE ROMA CAPITALE;2026;17/03/2026;In carico a ente esterno;false;true;POLIZIA LOCALE DI ROMA CAPITALE;false
CHIAMAROMA 060606;2026;17/03/2026;In carico a ente esterno;false;true;POLIZIA LOCALE DI ROMA CAPITALE;true
BACK OFFICE ROMA CAPITALE;2026;17/03/2026;In carico a ente esterno;false;true;POLIZIA LOCALE DI ROMA CAPITALE;false
CHIAMAROMA 060606;2026;17/03/2026;In carico a ente esterno;false;true;POLIZIA LOCALE DI ROMA CAPITALE;true
BACK OFFICE ROMA CAPITALE;2026;17/03/2026;In carico a ente esterno;false;true;POLIZIA LOCALE DI ROMA CAPITALE;false
BACK OFFICE ROMA CAPITALE;2026;17/03/2026;In carico a ente esterno;false;true;POLIZIA LOCALE DI ROMA CAPITALE;false
CHIAMAROMA 060606;2026;17/03/2026;Risolto al secondo livello;false;false;;false
BACK OFFICE ROMA CAPITALE;2026;17/03/2026;In carico a ente esterno;false;true;POLIZIA LOCALE DI ROMA CAPITALE;false
BACK OFFICE ROMA CAPITALE;2026;17/03/2026;In carico a ente esterno;false;true;POLIZIA LOCALE DI ROMA CAPITALE;false
CHIAMAROMA 060606;2026;17/03/2026;Risolto al secondo livello;false;false;;false
CHIAMAROMA 060606;2026;17/03/2026;Risolto da Ente Esterno;false;true;AMA;false
CHIAMAROMA 060606;2026;17/03/2026;Risolto da Ente Esterno;false;true;AMA;false
CHIAMAROMA 060606;2026;17/03/2026;Risolto da Ente Esterno;false;true;AMA;false
CHIAMAROMA 060606;2026;17/03/2026;Risolto da Ente Esterno;false;true;AMA;false
CHIAMAROMA 060606;2026;17/03/2026;Risolto da Ente Esterno;false;true;AMA;false
CHIAMAROMA 060606;2026;17/03/2026;Risolto da Ente Esterno;false;true;AMA;false
MUNICIPIO III;2026;17/03/2026;Risolto da Ente Esterno;false;true;AMA;false
CHIAMAROMA 060606;2026;17/03/2026;In carico a ente esterno;false;true;POLIZIA LOCALE DI ROMA CAPITALE;true
CHIAMAROMA 060606;2026;17/03/2026;Risolto al secondo livello;false;false;;false
MUNICIPIO V;2026;17/03/2026;Risolto al secondo livello;false;false;;false
CHIAMAROMA 060606;2026;17/03/2026;In carico a ente esterno;false;true;POLIZIA LOCALE DI ROMA CAPITALE;true
CHIAMAROMA 060606;2026;17/03/2026;In carico a ente esterno;false;true;POLIZIA LOCALE DI ROMA CAPITALE;true
CHIAMAROMA 060606;2026;17/03/2026;In carico a ente esterno;false;true;POLIZIA LOCALE DI ROMA CAPITALE;true
CHIAMAROMA 060606;2026;17/03/2026;In carico a ente esterno;false;true;POLIZIA LOCALE DI ROMA CAPITALE;true
CHIAMAROMA 060606;2026;17/03/2026;In carico a ente esterno;false;true;POLIZIA LOCALE DI ROMA CAPITALE;true
CHIAMAROMA 060606;2026;17/03/2026;Risolto al secondo livello;false;false;;false
POLIZIA LOCALE DI ROMA CAPITALE;2026;17/03/2026;In carico a ente esterno;false;true;POLIZIA LOCALE DI ROMA CAPITALE;false
POLIZIA LOCALE DI ROMA CAPITALE;2026;17/03/2026;In carico a ente esterno;false;true;POLIZIA LOCALE DI ROMA CAPITALE;false
POLIZIA LOCALE DI ROMA CAPITALE;2026;17/03/2026;In carico a ente esterno;false;true;POLIZIA LOCALE DI ROMA CAPITALE;false
POLIZIA LOCALE DI ROMA CAPITALE;2026;17/03/2026;In carico a ente esterno;false;true;POLIZIA LOCALE DI ROMA CAPITALE;false
POLIZIA LOCALE DI ROMA CAPITALE;2026;17/03/2026;In carico a ente esterno;false;true;POLIZIA LOCALE DI ROMA CAPITALE;false
DIPARTIMENTO TUTELA AMBIENTALE;2026;17/03/2026;Risolto al secondo livello;false;false;;false
CHIAMAROMA 060606;2026;17/03/2026;In carico a ente esterno;false;true;POLIZIA LOCALE DI ROMA CAPITALE;true
POLIZIA LOCALE DI ROMA CAPITALE;2026;17/03/2026;In carico a ente esterno;false;true;POLIZIA LOCALE DI ROMA CAPITALE;false
POLIZIA LOCALE DI ROMA CAPITALE;2026;17/03/2026;In carico a ente esterno;false;true;POLIZIA LOCALE DI ROMA CAPITALE;false
CHIAMAROMA 060606;2026;17/03/2026;In carico a ente esterno;false;true;POLIZIA LOCALE DI ROMA CAPITALE;true
CHIAMAROMA 060606;2026;17/03/2026;Risolto al primo livello;false;false;;true
CHIAMAROMA 060606;2026;17/03/2026;Risolto al primo livello;false;false;;true
CHIAMAROMA 060606;2026;17/03/2026;In carico a ente esterno;false;true;POLIZIA LOCALE DI ROMA CAPITALE;true
DIPARTIMENTO GRANDI EVENTI, SPORT, TURISMO E MODA;2026;17/03/2026;Risolto al secondo livello;false;false;;false
CHIAMAROMA 060606;2026;17/03/2026;In carico a ente esterno;false;true;POLIZIA LOCALE DI ROMA CAPITALE;true
CHIAMAROMA 060606;2026;17/03/2026;In carico a ente esterno;false;true;POLIZIA LOCALE DI ROMA CAPITALE;true
CHIAMAROMA 060606;2026;17/03/2026;Risolto al primo livello;false;false;;false
CHIAMAROMA 060606;2026;17/03/2026;Risolto da Ente Esterno;false;true;AMA;false
CHIAMAROMA 060606;2026;17/03/2026;Risolto da Ente Esterno;false;true;AMA;false
CHIAMAROMA 060606;2026;17/03/2026;Risolto da Ente Esterno;false;true;AMA;false
CHIAMAROMA 060606;2026;17/03/2026;Risolto da Ente Esterno;false;true;AMA;false
POLIZIA LOCALE DI ROMA CAPITALE;2026;17/03/2026;In carico a ente esterno;false;true;POLIZIA LOCALE DI ROMA CAPITALE;false
CHIAMAROMA 060606;2026;17/03/2026;In carico a ente esterno;false;true;POLIZIA LOCALE DI ROMA CAPITALE;true
CHIAMAROMA 060606;2026;17/03/2026;In carico a ente esterno;false;true;POLIZIA LOCALE DI ROMA CAPITALE;true
CHIAMAROMA 060606;2026;17/03/2026;In carico a ente esterno;false;true;POLIZIA LOCALE DI ROMA CAPITALE;true
POLIZIA LOCALE DI ROMA CAPITALE;2026;17/03/2026;In carico a ente esterno;false;true;POLIZIA LOCALE DI ROMA CAPITALE;false
POLIZIA LOCALE DI ROMA CAPITALE;2026;17/03/2026;In carico a ente esterno;false;true;POLIZIA LOCALE DI ROMA CAPITALE;false
POLIZIA LOCALE DI ROMA CAPITALE;2026;17/03/2026;In carico a ente esterno;false;true;POLIZIA LOCALE DI ROMA CAPITALE;false
AMA;2026;17/03/2026;Risolto da Ente Esterno;false;true;AMA;false
CHIAMAROMA 060606;2026;17/03/2026;Risolto da Ente Esterno;false;true;AMA;false
POLIZIA LOCALE DI ROMA CAPITALE;2026;17/03/2026;In carico a ente esterno;false;true;POLIZIA LOCALE DI ROMA CAPITALE;false
POLIZIA LOCALE DI ROMA CAPITALE;2026;17/03/2026;In carico a ente esterno;false;true;POLIZIA LOCALE DI ROMA CAPITALE;false
POLIZIA LOCALE DI ROMA CAPITALE;2026;17/03/2026;In carico a ente esterno;false;true;POLIZIA LOCALE DI ROMA CAPITALE;false
POLIZIA LOCALE DI ROMA CAPITALE;2026;17/03/2026;In carico a ente esterno;false;true;POLIZIA LOCALE DI ROMA CAPITALE;false
POLIZIA LOCALE DI ROMA CAPITALE;2026;17/03/2026;In carico a ente esterno;false;true;POLIZIA LOCALE DI ROMA CAPITALE;false
POLIZIA LOCALE DI ROMA CAPITALE;2026;17/03/2026;In carico a ente esterno;false;true;POLIZIA LOCALE DI ROMA CAPITALE;false
POLIZIA LOCALE DI ROMA CAPITALE;2026;17/03/2026;In carico a ente esterno;false;true;POLIZIA LOCALE DI ROMA CAPITALE;false
CHIAMAROMA 060606;2026;18/03/2026;Risolto da Ente Esterno;false;true;AMA;false
CHIAMAROMA 060606;2026;18/03/2026;Risolto da Ente Esterno;false;true;AMA;false
CHIAMAROMA 060606;2026;18/03/2026;Risolto da Ente Esterno;false;true;AMA;false
CHIAMAROMA 060606;2026;18/03/2026;Risolto da Ente Esterno;false;true;AMA;false
BACK OFFICE ROMA CAPITALE;2026;18/03/2026;Risolto da Ente Esterno;false;true;AMA;false
BACK OFFICE ROMA CAPITALE;2026;18/03/2026;Risolto da Ente Esterno;false;true;AMA;false
BACK OFFICE ROMA CAPITALE;2026;18/03/2026;Risolto da Ente Esterno;false;true;AMA;false
BACK OFFICE ROMA CAPITALE;2026;18/03/2026;Risolto da Ente Esterno;false;true;AMA;false
CHIAMAROMA 060606;2026;18/03/2026;Risolto da Ente Esterno;false;true;AMA;false
CHIAMAROMA 060606;2026;18/03/2026;Risolto da Ente Esterno;false;true;AMA;false
CHIAMAROMA 060606;2026;18/03/2026;Risolto da Ente Esterno;false;true;AMA;false
CHIAMAROMA 060606;2026;18/03/2026;Risolto da Ente Esterno;false;true;AMA;false
CHIAMAROMA 060606;2026;18/03/2026;Risolto da Ente Esterno;false;true;AMA;false
CHIAMAROMA 060606;2026;18/03/2026;Risolto da Ente Esterno;false;true;AMA;false
CHIAMAROMA 060606;2026;18/03/2026;Risolto da Ente Esterno;false;true;AMA;false
CHIAMAROMA 060606;2026;18/03/2026;Risolto da Ente Esterno;false;true;AMA;false
CHIAMAROMA 060606;2026;18/03/2026;Risolto da Ente Esterno;false;true;AMA;false
AMA;2026;18/03/2026;Risolto da Ente Esterno;false;true;AMA;false
CHIAMAROMA 060606;2026;18/03/2026;Risolto da Ente Esterno;false;true;AMA;false
CHIAMAROMA 060606;2026;18/03/2026;Risolto da Ente Esterno;false;true;AMA;false
CHIAMAROMA 060606;2026;18/03/2026;Risolto da Ente Esterno;false;true;AMA;false
CHIAMAROMA 060606;2026;18/03/2026;Risolto da Ente Esterno;false;true;AMA;false
CHIAMAROMA 060606;2026;18/03/2026;Risolto da Ente Esterno;false;true;AMA;false
CHIAMAROMA 060606;2026;18/03/2026;Risolto da Ente Esterno;false;true;AMA;false
BACK OFFICE ROMA CAPITALE;2026;18/03/2026;Risolto da Ente Esterno;false;true;AMA;false
CHIAMAROMA 060606;2026;18/03/2026;Risolto da Ente Esterno;false;true;AMA;false
BACK OFFICE ROMA CAPITALE;2026;18/03/2026;Risolto da Ente Esterno;false;true;AMA;false
CHIAMAROMA 060606;2026;18/03/2026;Risolto da Ente Esterno;false;true;AMA;false
CHIAMAROMA 060606;2026;18/03/2026;Risolto da Ente Esterno;false;true;AMA;false
CHIAMAROMA 060606;2026;18/03/2026;Risolto da Ente Esterno;false;true;AMA;false
CHIAMAROMA 060606;2026;18/03/2026;Risolto da Ente Esterno;false;true;AMA;false
CHIAMAROMA 060606;2026;18/03/2026;Risolto da Ente Esterno;false;true;AMA;false
DIPARTIMENTO TUTELA AMBIENTALE;2026;18/03/2026;Risolto da Ente Esterno;false;true;AMA;false
POLIZIA LOCALE DI ROMA CAPITALE;2026;18/03/2026;In carico a ente esterno;false;true;POLIZIA LOCALE DI ROMA CAPITALE;false
CHIAMAROMA 060606;2026;18/03/2026;Risolto da Ente Esterno;false;true;AMA;false
CHIAMAROMA 060606;2026;18/03/2026;Risolto da Ente Esterno;false;true;AMA;false
CHIAMAROMA 060606;2026;18/03/2026;Risolto da Ente Esterno;false;true;AMA;false
CHIAMAROMA 060606;2026;18/03/2026;Risolto da Ente Esterno;false;true;AMA;false
CHIAMAROMA 060606;2026;18/03/2026;Risolto da Ente Esterno;false;true;AMA;false
CHIAMAROMA 060606;2026;18/03/2026;Risolto da Ente Esterno;false;true;AMA;false
CHIAMAROMA 060606;2026;18/03/2026;Risolto da Ente Esterno;false;true;AMA;false
BACK OFFICE ROMA CAPITALE;2026;18/03/2026;Risolto al secondo livello;false;false;;false
CHIAMAROMA 060606;2026;18/03/2026;In carico a ente esterno;false;true;POLIZIA LOCALE DI ROMA CAPITALE;true
POLIZIA LOCALE DI ROMA CAPITALE;2026;18/03/2026;Risolto al secondo livello;false;false;;false
DIPARTIMENTO SVILUPPO ECONOMICO E ATTIVITA’ PRODUTTIVE;2026;18/03/2026;Risolto al secondo livello;false;false;;false
CHIAMAROMA 060606;2026;18/03/2026;In carico a ente esterno;false;true;POLIZIA LOCALE DI ROMA CAPITALE;true
CHIAMAROMA 060606;2026;18/03/2026;In carico a ente esterno;false;true;POLIZIA LOCALE DI ROMA CAPITALE;true
CHIAMAROMA 060606;2026;18/03/2026;Risolto al secondo livello;false;true;AMA;false
CHIAMAROMA 060606;2026;18/03/2026;Risolto al secondo livello;false;false;;false
MUNICIPIO XI;2026;18/03/2026;Risolto al secondo livello;false;false;;false
CHIAMAROMA 060606;2026;18/03/2026;In carico a ente esterno;false;true;POLIZIA LOCALE DI ROMA CAPITALE;true
CHIAMAROMA 060606;2026;18/03/2026;Risolto al secondo livello;false;true;AMA;false
MUNICIPIO XI;2026;18/03/2026;Risolto al secondo livello;false;false;;false
CHIAMAROMA 060606;2026;18/03/2026;In carico a ente esterno;false;true;POLIZIA LOCALE DI ROMA CAPITALE;true
MUNICIPIO XI;2026;18/03/2026;Risolto al secondo livello;false;false;;false
CHIAMAROMA 060606;2026;18/03/2026;Risolto al secondo livello;false;false;;false
CHIAMAROMA 060606;2026;18/03/2026;Risolto al secondo livello;false;false;;false
CHIAMAROMA 060606;2026;18/03/2026;In carico a ente esterno;false;true;POLIZIA LOCALE DI ROMA CAPITALE;true
POLIZIA LOCALE DI ROMA CAPITALE;2026;18/03/2026;In carico a ente esterno;false;true;POLIZIA LOCALE DI ROMA CAPITALE;false
POLIZIA LOCALE DI ROMA CAPITALE;2026;18/03/2026;In carico a ente esterno;false;true;POLIZIA LOCALE DI ROMA CAPITALE;false
POLIZIA LOCALE DI ROMA CAPITALE;2026;18/03/2026;In carico a ente esterno;false;true;POLIZIA LOCALE DI ROMA CAPITALE;false
CHIAMAROMA 060606;2026;18/03/2026;In carico a ente esterno;false;true;POLIZIA LOCALE DI ROMA CAPITALE;true
CHIAMAROMA 060606;2026;18/03/2026;In carico a ente esterno;false;true;POLIZIA LOCALE DI ROMA CAPITALE;true
CHIAMAROMA 060606;2026;18/03/2026;Risolto al secondo livello;false;false;;false
CHIAMAROMA 060606;2026;18/03/2026;Risolto al secondo livello;false;false;;false
CHIAMAROMA 060606;2026;18/03/2026;Risolto al secondo livello;false;false;;false
CHIAMAROMA 060606;2026;18/03/2026;In carico a ente esterno;false;true;POLIZIA LOCALE DI ROMA CAPITALE;true
CHIAMAROMA 060606;2026;18/03/2026;Risolto al secondo livello;false;false;;false
CHIAMAROMA 060606;2026;18/03/2026;In carico a ente esterno;false;true;POLIZIA LOCALE DI ROMA CAPITALE;true
RAGIONERIA GENERALE;2026;18/03/2026;Risolto al secondo livello;false;false;;false
CHIAMAROMA 060606;2026;18/03/2026;In carico a ente esterno;false;true;POLIZIA LOCALE DI ROMA CAPITALE;true
CHIAMAROMA 060606;2026;18/03/2026;Risolto al secondo livello;false;false;;false
CHIAMAROMA 060606;2026;18/03/2026;Risolto al secondo livello;false;true;AMA;false
CHIAMAROMA 060606;2026;18/03/2026;Risolto al secondo livello;false;false;;false
CHIAMAROMA 060606;2026;18/03/2026;Risolto al secondo livello;false;true;AMA;false
CHIAMAROMA 060606;2026;18/03/2026;In carico a ente esterno;false;true;POLIZIA LOCALE DI ROMA CAPITALE;true
CHIAMAROMA 060606;2026;18/03/2026;In carico a ente esterno;false;true;POLIZIA LOCALE DI ROMA CAPITALE;true
CHIAMAROMA 060606;2026;18/03/2026;In carico a ente esterno;false;true;POLIZIA LOCALE DI ROMA CAPITALE;true
POLIZIA LOCALE DI ROMA CAPITALE;2026;18/03/2026;In carico a ente esterno;false;true;POLIZIA LOCALE DI ROMA CAPITALE;false
POLIZIA LOCALE DI ROMA CAPITALE;2026;18/03/2026;In carico a ente esterno;false;true;POLIZIA LOCALE DI ROMA CAPITALE;false
POLIZIA LOCALE DI ROMA CAPITALE;2026;18/03/2026;In carico a ente esterno;false;true;POLIZIA LOCALE DI ROMA CAPITALE;false
CHIAMAROMA 060606;2026;18/03/2026;In carico a ente esterno;false;true;POLIZIA LOCALE DI ROMA CAPITALE;true
;2026;18/03/2026;In carico a ente esterno;false;true;POLIZIA LOCALE DI ROMA CAPITALE;false
CHIAMAROMA 060606;2026;18/03/2026;Risolto al secondo livello;false;false;;false
CHIAMAROMA 060606;2026;18/03/2026;In carico a ente esterno;false;true;POLIZIA LOCALE DI ROMA CAPITALE;true
CHIAMAROMA 060606;2026;18/03/2026;In carico a ente esterno;false;false;;false
CHIAMAROMA 060606;2026;18/03/2026;Risolto al secondo livello;false;false;;false
;2026;18/03/2026;In carico a ente esterno;false;true;POLIZIA LOCALE DI ROMA CAPITALE;false
MUNICIPIO V;2026;18/03/2026;Risolto al secondo livello;false;false;;false
DIPARTIMENTO TUTELA AMBIENTALE;2026;18/03/2026;Risolto al secondo livello;false;false;;false
DIPARTIMENTO TUTELA AMBIENTALE;2026;18/03/2026;Risolto al secondo livello;false;false;;false
MUNICIPIO V;2026;18/03/2026;Risolto al secondo livello;false;false;;false
CHIAMAROMA 060606;2026;18/03/2026;Risolto al secondo livello;false;false;;false
MUNICIPIO V;2026;18/03/2026;Risolto al secondo livello;false;false;;false
CHIAMAROMA 060606;2026;18/03/2026;In carico a ente esterno;false;true;POLIZIA LOCALE DI ROMA CAPITALE;true
DIPARTIMENTO TUTELA AMBIENTALE;2026;18/03/2026;Risolto al secondo livello;false;false;;false
CHIAMAROMA 060606;2026;18/03/2026;Non di competenza di Roma Capitale o enti controllati;false;false;;false
CHIAMAROMA 060606;2026;18/03/2026;Risolto al secondo livello;false;false;;false
CHIAMAROMA 060606;2026;18/03/2026;In carico a ente esterno;false;true;POLIZIA LOCALE DI ROMA CAPITALE;true
DIPARTIMENTO TUTELA AMBIENTALE;2026;18/03/2026;Risolto al secondo livello;false;false;;false
CHIAMAROMA 060606;2026;18/03/2026;In carico a ente esterno;false;true;POLIZIA LOCALE DI ROMA CAPITALE;true
CHIAMAROMA 060606;2026;18/03/2026;Risolto al primo livello;false;false;;false
CHIAMAROMA 060606;2026;18/03/2026;In carico a ente esterno;false;true;POLIZIA LOCALE DI ROMA CAPITALE;true
CHIAMAROMA 060606;2026;18/03/2026;Risolto al primo livello;false;false;;false
CHIAMAROMA 060606;2026;18/03/2026;In carico a ente esterno;false;true;POLIZIA LOCALE DI ROMA CAPITALE;true
CHIAMAROMA 060606;2026;18/03/2026;Risolto al secondo livello;false;false;;false
CHIAMAROMA 060606;2026;18/03/2026;Risolto da Ente Esterno;false;true;AMA;false
CHIAMAROMA 060606;2026;18/03/2026;Risolto da Ente Esterno;false;true;AMA;false
CHIAMAROMA 060606;2026;18/03/2026;Risolto da Ente Esterno;false;true;AMA;false
CHIAMAROMA 060606;2026;18/03/2026;Risolto da Ente Esterno;false;true;AMA;false
CHIAMAROMA 060606;2026;18/03/2026;Risolto da Ente Esterno;false;true;AMA;false
CHIAMAROMA 060606;2026;18/03/2026;Risolto da Ente Esterno;false;true;AMA;false
CHIAMAROMA 060606;2026;18/03/2026;Risolto da Ente Esterno;false;true;AMA;false
CHIAMAROMA 060606;2026;18/03/2026;Risolto da Ente Esterno;false;true;AMA;false
CHIAMAROMA 060606;2026;18/03/2026;Risolto da Ente Esterno;false;true;AMA;false
DIPARTIMENTO TUTELA AMBIENTALE;2026;18/03/2026;Risolto da Ente Esterno;false;true;AMA;false
CHIAMAROMA 060606;2026;18/03/2026;Risolto da Ente Esterno;false;true;AMA;false
CHIAMAROMA 060606;2026;18/03/2026;Risolto da Ente Esterno;false;true;AMA;false
CHIAMAROMA 060606;2026;18/03/2026;Risolto da Ente Esterno;false;true;AMA;false
MUNICIPIO II;2026;18/03/2026;Risolto da Ente Esterno;false;true;AMA;false
CHIAMAROMA 060606;2026;18/03/2026;Risolto da Ente Esterno;false;true;AMA;false
CHIAMAROMA 060606;2026;18/03/2026;Risolto da Ente Esterno;false;true;AMA;false
CHIAMAROMA 060606;2026;18/03/2026;Risolto da Ente Esterno;false;true;AMA;false
CHIAMAROMA 060606;2026;18/03/2026;Risolto da Ente Esterno;false;true;AMA;false
CHIAMAROMA 060606;2026;18/03/2026;Risolto da Ente Esterno;false;true;AMA;false
CHIAMAROMA 060606;2026;18/03/2026;Risolto da Ente Esterno;false;true;AMA;false
CHIAMAROMA 060606;2026;18/03/2026;Risolto da Ente Esterno;false;true;AMA;false
CHIAMAROMA 060606;2026;18/03/2026;Risolto da Ente Esterno;false;true;AMA;false
CHIAMAROMA 060606;2026;18/03/2026;Risolto da Ente Esterno;false;true;AMA;false
CHIAMAROMA 060606;2026;18/03/2026;Risolto da Ente Esterno;false;true;AMA;false
CHIAMAROMA 060606;2026;18/03/2026;In carico a ente esterno;false;true;POLIZIA LOCALE DI ROMA CAPITALE;true
POLIZIA LOCALE DI ROMA CAPITALE;2026;18/03/2026;In carico a ente esterno;false;true;POLIZIA LOCALE DI ROMA CAPITALE;false
POLIZIA LOCALE DI ROMA CAPITALE;2026;18/03/2026;In carico a ente esterno;false;true;POLIZIA LOCALE DI ROMA CAPITALE;false
CHIAMAROMA 060606;2026;18/03/2026;In carico a ente esterno;false;true;POLIZIA LOCALE DI ROMA CAPITALE;true
CHIAMAROMA 060606;2026;18/03/2026;In carico a ente esterno;false;true;POLIZIA LOCALE DI ROMA CAPITALE;true
CHIAMAROMA 060606;2026;18/03/2026;In carico a ente esterno;false;true;POLIZIA LOCALE DI ROMA CAPITALE;true
CHIAMAROMA 060606;2026;18/03/2026;In carico a ente esterno;false;true;POLIZIA LOCALE DI ROMA CAPITALE;true
CHIAMAROMA 060606;2026;18/03/2026;In carico a ente esterno;false;true;POLIZIA LOCALE DI ROMA CAPITALE;true
CHIAMAROMA 060606;2026;18/03/2026;In carico a ente esterno;false;true;POLIZIA LOCALE DI ROMA CAPITALE;true
CHIAMAROMA 060606;2026;18/03/2026;Risolto al secondo livello;false;false;;false
CHIAMAROMA 060606;2026;18/03/2026;Risolto al secondo livello;false;false;;false
CHIAMAROMA 060606;2026;18/03/2026;Risolto al secondo livello;true;false;;false
CHIAMAROMA 060606;2026;18/03/2026;Risolto al secondo livello;false;false;;false
CHIAMAROMA 060606;2026;18/03/2026;In carico a ente esterno;false;true;POLIZIA LOCALE DI ROMA CAPITALE;true
CHIAMAROMA 060606;2026;18/03/2026;In carico a ente esterno;false;true;POLIZIA LOCALE DI ROMA CAPITALE;true
CHIAMAROMA 060606;2026;18/03/2026;Risolto al primo livello;false;false;;false
CHIAMAROMA 060606;2026;18/03/2026;Risolto al secondo livello;false;false;;false
MUNICIPIO III;2026;18/03/2026;Risolto al secondo livello;false;false;;false
CHIAMAROMA 060606;2026;18/03/2026;Risolto al secondo livello;false;false;;false
CHIAMAROMA 060606;2026;18/03/2026;Risolto al secondo livello;false;false;;false
CHIAMAROMA 060606;2026;18/03/2026;Risolto al secondo livello;false;false;;false
CHIAMAROMA 060606;2026;18/03/2026;Risolto al secondo livello;false;false;;false
CHIAMAROMA 060606;2026;18/03/2026;Risolto al secondo livello;false;false;;false
CHIAMAROMA 060606;2026;18/03/2026;In carico a ente esterno;false;true;POLIZIA LOCALE DI ROMA CAPITALE;true
CHIAMAROMA 060606;2026;18/03/2026;Risolto al secondo livello;false;false;;false
CHIAMAROMA 060606;2026;18/03/2026;Risolto al secondo livello;false;false;;false
MUNICIPIO XIV;2026;18/03/2026;Risolto al secondo livello;false;false;;false
POLIZIA LOCALE DI ROMA CAPITALE;2026;18/03/2026;In carico a ente esterno;false;true;POLIZIA LOCALE DI ROMA CAPITALE;false
POLIZIA LOCALE DI ROMA CAPITALE;2026;18/03/2026;In carico a ente esterno;false;true;POLIZIA LOCALE DI ROMA CAPITALE;false
POLIZIA LOCALE DI ROMA CAPITALE;2026;18/03/2026;In carico a ente esterno;false;true;POLIZIA LOCALE DI ROMA CAPITALE;false
POLIZIA LOCALE DI ROMA CAPITALE;2026;18/03/2026;In carico a ente esterno;false;true;POLIZIA LOCALE DI ROMA CAPITALE;false
CHIAMAROMA 060606;2026;18/03/2026;In carico a ente esterno;false;true;POLIZIA LOCALE DI ROMA CAPITALE;true
CHIAMAROMA 060606;2026;18/03/2026;Risolto al secondo livello;false;false;;false
CHIAMAROMA 060606;2026;18/03/2026;In carico a ente esterno;false;true;POLIZIA LOCALE DI ROMA CAPITALE;true
MUNICIPIO III;2026;18/03/2026;Risolto al primo livello;false;false;;false
CHIAMAROMA 060606;2026;18/03/2026;Risolto al secondo livello;false;false;;false
CHIAMAROMA 060606;2026;18/03/2026;Risolto al secondo livello;false;false;;false
CHIAMAROMA 060606;2026;18/03/2026;Risolto al secondo livello;false;false;;false
POLIZIA LOCALE (COMANDO GENERALE);2026;18/03/2026;Risolto al secondo livello;false;false;;false
CHIAMAROMA 060606;2026;18/03/2026;In carico a ente esterno;false;true;POLIZIA LOCALE DI ROMA CAPITALE;true
CHIAMAROMA 060606;2026;18/03/2026;Risolto al primo livello;false;false;;false
CHIAMAROMA 060606;2026;18/03/2026;In carico a ente esterno;false;true;POLIZIA LOCALE DI ROMA CAPITALE;true
CHIAMAROMA 060606;2026;18/03/2026;Risolto al secondo livello;false;false;;false
CHIAMAROMA 060606;2026;18/03/2026;Risolto al secondo livello;false;false;;false
CHIAMAROMA 060606;2026;18/03/2026;Risolto al secondo livello;false;false;;false
CHIAMAROMA 060606;2026;18/03/2026;Risolto al secondo livello;false;false;;false
CHIAMAROMA 060606;2026;18/03/2026;Risolto al secondo livello;false;false;;false
CHIAMAROMA 060606;2026;18/03/2026;Risolto al secondo livello;false;false;;false
CHIAMAROMA 060606;2026;18/03/2026;Risolto al primo livello;false;false;;false
CHIAMAROMA 060606;2026;18/03/2026;Risolto al secondo livello;false;false;;false
CHIAMAROMA 060606;2026;18/03/2026;In carico a ente esterno;false;true;POLIZIA LOCALE DI ROMA CAPITALE;true
CHIAMAROMA 060606;2026;18/03/2026;Risolto al secondo livello;false;false;;false
CHIAMAROMA 060606;2026;18/03/2026;Risolto al secondo livello;false;false;;false
CHIAMAROMA 060606;2026;18/03/2026;Risolto al secondo livello;false;true;AMA;false
CHIAMAROMA 060606;2026;18/03/2026;Risolto al secondo livello;false;false;;false
CHIAMAROMA 060606;2026;18/03/2026;In carico a ente esterno;false;true;POLIZIA LOCALE DI ROMA CAPITALE;true
DIPARTIMENTO TUTELA AMBIENTALE;2026;18/03/2026;Risolto al secondo livello;false;false;;false
CHIAMAROMA 060606;2026;18/03/2026;Risolto al secondo livello;false;false;;false
CHIAMAROMA 060606;2026;18/03/2026;Risolto al secondo livello;false;false;;false
CHIAMAROMA 060606;2026;18/03/2026;Risolto al secondo livello;false;false;;false
CHIAMAROMA 060606;2026;18/03/2026;Risolto al secondo livello;false;false;;false
CHIAMAROMA 060606;2026;18/03/2026;In carico a ente esterno;false;true;POLIZIA LOCALE DI ROMA CAPITALE;true
POLIZIA LOCALE DI ROMA CAPITALE;2026;18/03/2026;In carico a ente esterno;false;true;POLIZIA LOCALE DI ROMA CAPITALE;false
POLIZIA LOCALE DI ROMA CAPITALE;2026;18/03/2026;In carico a ente esterno;false;true;POLIZIA LOCALE DI ROMA CAPITALE;false
CHIAMAROMA 060606;2026;18/03/2026;Risolto al secondo livello;false;false;;false
CHIAMAROMA 060606;2026;18/03/2026;Risolto al secondo livello;false;false;;false
CHIAMAROMA 060606;2026;18/03/2026;Risolto al secondo livello;false;false;;false
POLIZIA LOCALE (COMANDO GENERALE);2026;18/03/2026;Non di competenza di Roma Capitale o enti controllati;false;false;;false
CHIAMAROMA 060606;2026;18/03/2026;Risolto al secondo livello;false;false;;false
CHIAMAROMA 060606;2026;18/03/2026;Risolto al secondo livello;false;false;;false
CHIAMAROMA 060606;2026;18/03/2026;Risolto al secondo livello;false;false;;false
BACK OFFICE ROMA CAPITALE;2026;18/03/2026;Risolto al secondo livello;false;false;;false
CHIAMAROMA 060606;2026;18/03/2026;Risolto al secondo livello;false;false;;false
CHIAMAROMA 060606;2026;18/03/2026;Risolto al secondo livello;false;false;;false
CHIAMAROMA 060606;2026;18/03/2026;Risolto al secondo livello;false;false;;false
CHIAMAROMA 060606;2026;18/03/2026;Risolto al secondo livello;false;false;;false
CHIAMAROMA 060606;2026;18/03/2026;In carico a ente esterno;false;true;POLIZIA LOCALE DI ROMA CAPITALE;true
CHIAMAROMA 060606;2026;18/03/2026;Risolto al secondo livello;false;false;;false
CHIAMAROMA 060606;2026;18/03/2026;Risolto al secondo livello;false;false;;false
GABINETTO DEL SINDACO;2026;18/03/2026;Risolto al secondo livello;false;false;;false
MUNICIPIO IX;2026;18/03/2026;Non lavorabile o dati insufficienti;false;false;;false
CHIAMAROMA 060606;2026;18/03/2026;Risolto al secondo livello;false;false;;false
MUNICIPIO XIII;2026;18/03/2026;Risolto al secondo livello;false;false;;false
CHIAMAROMA 060606;2026;18/03/2026;Risolto al secondo livello;false;false;;false
CHIAMAROMA 060606;2026;18/03/2026;Risolto al secondo livello;false;false;;false
CHIAMAROMA 060606;2026;18/03/2026;In carico a ente esterno;false;true;POLIZIA LOCALE DI ROMA CAPITALE;true
POLIZIA LOCALE (COMANDO GENERALE);2026;18/03/2026;Trasferito telefonicamente a call center esterno o per pronto intervento;false;false;;false
CHIAMAROMA 060606;2026;18/03/2026;Risolto da Ente Esterno;false;true;AMA;false
CHIAMAROMA 060606;2026;18/03/2026;Risolto da Ente Esterno;false;true;AMA;false
CHIAMAROMA 060606;2026;18/03/2026;Risolto da Ente Esterno;false;true;AMA;false
CHIAMAROMA 060606;2026;18/03/2026;Risolto da Ente Esterno;false;true;AMA;false
CHIAMAROMA 060606;2026;18/03/2026;Risolto da Ente Esterno;false;true;AMA;false
CHIAMAROMA 060606;2026;18/03/2026;Risolto da Ente Esterno;false;true;AMA;false
CHIAMAROMA 060606;2026;18/03/2026;Risolto da Ente Esterno;false;true;AMA;false
CHIAMAROMA 060606;2026;18/03/2026;Risolto da Ente Esterno;false;true;AMA;false
CHIAMAROMA 060606;2026;18/03/2026;Risolto da Ente Esterno;false;true;AMA;false
CHIAMAROMA 060606;2026;18/03/2026;Risolto da Ente Esterno;false;true;AMA;false
CHIAMAROMA 060606;2026;18/03/2026;Risolto da Ente Esterno;false;true;AMA;false
CHIAMAROMA 060606;2026;18/03/2026;Risolto da Ente Esterno;false;true;AMA;false
CHIAMAROMA 060606;2026;18/03/2026;Risolto da Ente Esterno;false;true;AMA;false
CHIAMAROMA 060606;2026;18/03/2026;Risolto da Ente Esterno;false;true;AMA;false
CHIAMAROMA 060606;2026;18/03/2026;Risolto da Ente Esterno;false;true;AMA;false
CHIAMAROMA 060606;2026;18/03/2026;Risolto da Ente Esterno;false;true;AMA;false
CHIAMAROMA 060606;2026;18/03/2026;Risolto da Ente Esterno;false;true;AMA;false
CHIAMAROMA 060606;2026;18/03/2026;Risolto da Ente Esterno;false;true;AMA;false
MUNICIPIO I;2026;18/03/2026;Risolto da Ente Esterno;false;true;AMA;false
CHIAMAROMA 060606;2026;18/03/2026;Risolto da Ente Esterno;false;true;AMA;false
CHIAMAROMA 060606;2026;18/03/2026;Risolto da Ente Esterno;false;true;AMA;false
CHIAMAROMA 060606;2026;18/03/2026;Risolto da Ente Esterno;false;true;AMA;false
AMA;2026;18/03/2026;Risolto da Ente Esterno;false;true;AMA;false
CHIAMAROMA 060606;2026;18/03/2026;Risolto da Ente Esterno;false;true;AMA;false
AMA;2026;18/03/2026;Risolto da Ente Esterno;false;true;AMA;false
AMA;2026;18/03/2026;Risolto da Ente Esterno;false;true;AMA;false
CHIAMAROMA 060606;2026;18/03/2026;Risolto da Ente Esterno;false;true;AMA;false
CHIAMAROMA 060606;2026;18/03/2026;Risolto da Ente Esterno;false;true;AMA;false
AMA;2026;18/03/2026;Risolto da Ente Esterno;false;true;AMA;true
CHIAMAROMA 060606;2026;18/03/2026;Risolto da Ente Esterno;false;true;AMA;false
CHIAMAROMA 060606;2026;18/03/2026;Risolto da Ente Esterno;false;true;AMA;false
CHIAMAROMA 060606;2026;18/03/2026;Risolto da Ente Esterno;false;true;AMA;false
CHIAMAROMA 060606;2026;18/03/2026;Risolto da Ente Esterno;false;true;AMA;false
CHIAMAROMA 060606;2026;18/03/2026;Risolto da Ente Esterno;false;true;AMA;false
AMA;2026;18/03/2026;Risolto da Ente Esterno;false;true;AMA;false
CHIAMAROMA 060606;2026;18/03/2026;Risolto da Ente Esterno;false;true;AMA;false
CHIAMAROMA 060606;2026;18/03/2026;Risolto da Ente Esterno;false;true;AMA;false
CHIAMAROMA 060606;2026;18/03/2026;Risolto da Ente Esterno;false;true;AMA;false
CHIAMAROMA 060606;2026;18/03/2026;Risolto da Ente Esterno;false;true;AMA;false
CHIAMAROMA 060606;2026;18/03/2026;In carico a ente esterno;false;true;POLIZIA LOCALE DI ROMA CAPITALE;true
MUNICIPIO XIII;2026;18/03/2026;Risolto al secondo livello;false;false;;false
CHIAMAROMA 060606;2026;18/03/2026;In carico a ente esterno;false;true;POLIZIA LOCALE DI ROMA CAPITALE;true
POLIZIA LOCALE DI ROMA CAPITALE;2026;18/03/2026;In carico a ente esterno;false;true;POLIZIA LOCALE DI ROMA CAPITALE;false
CHIAMAROMA 060606;2026;18/03/2026;Risolto al secondo livello;false;false;;false
MUNICIPIO V;2026;18/03/2026;Risolto al secondo livello;false;false;;false
CHIAMAROMA 060606;2026;18/03/2026;In carico a ente esterno;false;true;POLIZIA LOCALE DI ROMA CAPITALE;true
MUNICIPIO II;2026;18/03/2026;Risolto al secondo livello;false;false;;false
CHIAMAROMA 060606;2026;18/03/2026;Risolto al secondo livello;false;false;;false
CHIAMAROMA 060606;2026;18/03/2026;Risolto al secondo livello;false;false;;false
MUNICIPIO V;2026;18/03/2026;Risolto al secondo livello;false;false;;false
CHIAMAROMA 060606;2026;18/03/2026;Risolto al secondo livello;false;false;;false
MUNICIPIO VII;2026;18/03/2026;Risolto al primo livello;false;false;;false
CHIAMAROMA 060606;2026;18/03/2026;Risolto al secondo livello;false;false;;false
MUNICIPIO VII;2026;18/03/2026;Risolto al primo livello;false;false;;false
CHIAMAROMA 060606;2026;18/03/2026;In carico a ente esterno;false;true;POLIZIA LOCALE DI ROMA CAPITALE;true
CHIAMAROMA 060606;2026;18/03/2026;Non più necessario;false;false;;false
CHIAMAROMA 060606;2026;18/03/2026;Risolto al primo livello;false;false;;false
CHIAMAROMA 060606;2026;18/03/2026;Non più necessario;false;false;;false
MUNICIPIO VIII;2026;18/03/2026;Non più necessario;false;false;;false
CHIAMAROMA 060606;2026;18/03/2026;In carico a ente esterno;false;true;POLIZIA LOCALE DI ROMA CAPITALE;true
CHIAMAROMA 060606;2026;18/03/2026;In carico a ente esterno;false;true;POLIZIA LOCALE DI ROMA CAPITALE;true
CHIAMAROMA 060606;2026;18/03/2026;In carico a ente esterno;false;true;POLIZIA LOCALE DI ROMA CAPITALE;true
MUNICIPIO VIII;2026;18/03/2026;Non più necessario;false;false;;false
CHIAMAROMA 060606;2026;18/03/2026;In carico a ente esterno;false;true;POLIZIA LOCALE DI ROMA CAPITALE;true
CHIAMAROMA 060606;2026;18/03/2026;In carico a ente esterno;false;true;POLIZIA LOCALE DI ROMA CAPITALE;true
CHIAMAROMA 060606;2026;18/03/2026;Risolto al secondo livello;false;false;;false
CHIAMAROMA 060606;2026;18/03/2026;Non più necessario;false;false;;false
CHIAMAROMA 060606;2026;18/03/2026;Risolto al secondo livello;false;false;;false
CHIAMAROMA 060606;2026;18/03/2026;Risolto al secondo livello;false;false;;false
CHIAMAROMA 060606;2026;18/03/2026;Risolto al secondo livello;false;false;;false
CHIAMAROMA 060606;2026;18/03/2026;Non più necessario;false;false;;false
CHIAMAROMA 060606;2026;18/03/2026;Risolto al secondo livello;false;false;;false
CHIAMAROMA 060606;2026;18/03/2026;Risolto al secondo livello;false;false;;false
CHIAMAROMA 060606;2026;18/03/2026;Risolto al secondo livello;false;true;TPL (TROIANI);false
CHIAMAROMA 060606;2026;18/03/2026;Non più necessario;false;false;;false
CHIAMAROMA 060606;2026;18/03/2026;Risolto al secondo livello;false;false;;false
CHIAMAROMA 060606;2026;18/03/2026;Risolto al secondo livello;false;false;;false
CHIAMAROMA 060606;2026;18/03/2026;Risolto al secondo livello;false;true;TPL (TROIANI);false
CHIAMAROMA 060606;2026;18/03/2026;Risolto al secondo livello;false;false;;false
CHIAMAROMA 060606;2026;18/03/2026;In carico a ente esterno;false;true;POLIZIA LOCALE DI ROMA CAPITALE;true
CHIAMAROMA 060606;2026;18/03/2026;In carico a ente esterno;false;true;POLIZIA LOCALE DI ROMA CAPITALE;true
CHIAMAROMA 060606;2026;18/03/2026;Risolto al secondo livello;false;true;TPL (TROIANI);false
DIPARTIMENTO TUTELA AMBIENTALE;2026;18/03/2026;Risolto al secondo livello;false;false;;false
POLIZIA LOCALE DI ROMA CAPITALE;2026;18/03/2026;In carico a ente esterno;false;true;POLIZIA LOCALE DI ROMA CAPITALE;false
POLIZIA LOCALE DI ROMA CAPITALE;2026;18/03/2026;In carico a ente esterno;false;true;POLIZIA LOCALE DI ROMA CAPITALE;false
POLIZIA LOCALE DI ROMA CAPITALE;2026;18/03/2026;In carico a ente esterno;false;true;POLIZIA LOCALE DI ROMA CAPITALE;false
CHIAMAROMA 060606;2026;18/03/2026;Risolto al secondo livello;false;true;TPL (SAP);false
CHIAMAROMA 060606;2026;18/03/2026;Risolto al secondo livello;false;true;TPL (BIS);false
;2026;18/03/2026;Risolto al secondo livello;false;true;TPL (BIS);false
CHIAMAROMA 060606;2026;18/03/2026;Risolto al secondo livello;false;true;TPL (BIS);false
CHIAMAROMA 060606;2026;18/03/2026;Risolto al secondo livello;false;true;TPL (BIS);false
CHIAMAROMA 060606;2026;18/03/2026;Risolto al secondo livello;false;true;TPL (BIS);false
MUNICIPIO VIII;2026;18/03/2026;Non più necessario;false;false;;false
CHIAMAROMA 060606;2026;18/03/2026;In carico a ente esterno;false;true;POLIZIA LOCALE DI ROMA CAPITALE;true
CHIAMAROMA 060606;2026;18/03/2026;In carico a ente esterno;false;true;POLIZIA LOCALE DI ROMA CAPITALE;true
CHIAMAROMA 060606;2026;18/03/2026;Risolto al secondo livello;false;false;;false
;2026;18/03/2026;Risolto al secondo livello;false;true;ATAC;false
CHIAMAROMA 060606;2026;18/03/2026;Risolto al secondo livello;false;true;ATAC;false
ATAC;2026;18/03/2026;Risolto al secondo livello;false;true;ATAC;false
CHIAMAROMA 060606;2026;18/03/2026;Risolto al secondo livello;false;true;ATAC;false
CHIAMAROMA 060606;2026;18/03/2026;Risolto al secondo livello;false;true;ATAC;false
CHIAMAROMA 060606;2026;18/03/2026;Risolto al secondo livello;false;true;ATAC;false
CHIAMAROMA 060606;2026;18/03/2026;Risolto al secondo livello;false;true;ATAC;false
CHIAMAROMA 060606;2026;18/03/2026;Risolto al secondo livello;false;true;ATAC;false
CHIAMAROMA 060606;2026;18/03/2026;Risolto al secondo livello;false;true;ATAC;false
CHIAMAROMA 060606;2026;18/03/2026;Risolto al secondo livello;false;true;ATAC;false
CHIAMAROMA 060606;2026;18/03/2026;Risolto al secondo livello;false;true;ATAC;false
MUNICIPIO VIII;2026;18/03/2026;Non più necessario;false;false;;false
CHIAMAROMA 060606;2026;18/03/2026;Risolto al secondo livello;false;true;ATAC;false
CHIAMAROMA 060606;2026;18/03/2026;Risolto al secondo livello;false;true;ATAC;false
CHIAMAROMA 060606;2026;18/03/2026;Risolto al secondo livello;false;true;ATAC;false
BACK OFFICE ROMA CAPITALE;2026;18/03/2026;Risolto al secondo livello;false;true;ATAC;false
CHIAMAROMA 060606;2026;18/03/2026;Risolto al secondo livello;false;false;;false
CHIAMAROMA 060606;2026;18/03/2026;Risolto al secondo livello;false;true;ATAC;false
CHIAMAROMA 060606;2026;18/03/2026;Risolto al secondo livello;false;true;ATAC;false
CHIAMAROMA 060606;2026;18/03/2026;Risolto al secondo livello;false;true;ATAC;false
CHIAMAROMA 060606;2026;18/03/2026;Risolto al secondo livello;false;true;ATAC;false
CHIAMAROMA 060606;2026;18/03/2026;Risolto al secondo livello;false;true;ATAC;false
CHIAMAROMA 060606;2026;18/03/2026;In carico a ente esterno;false;true;POLIZIA LOCALE DI ROMA CAPITALE;true
CHIAMAROMA 060606;2026;18/03/2026;Risolto al secondo livello;false;true;ATAC;false
CHIAMAROMA 060606;2026;18/03/2026;In carico a ente esterno;false;true;POLIZIA LOCALE DI ROMA CAPITALE;true
DIPARTIMENTO MOBILITA’ SOSTENIBILE E TRASPORTI;2026;18/03/2026;Non più necessario;false;false;;false
CHIAMAROMA 060606;2026;18/03/2026;In carico a ente esterno;false;true;POLIZIA LOCALE DI ROMA CAPITALE;true
CHIAMAROMA 060606;2026;18/03/2026;Risolto al secondo livello;false;true;ATAC;false
CHIAMAROMA 060606;2026;18/03/2026;In carico a ente esterno;false;true;POLIZIA LOCALE DI ROMA CAPITALE;true
DIPARTIMENTO TUTELA AMBIENTALE;2026;18/03/2026;Risolto al secondo livello;false;false;;false
;2026;18/03/2026;Risolto al secondo livello;false;false;;false
DIPARTIMENTO TUTELA AMBIENTALE;2026;18/03/2026;Risolto al secondo livello;false;false;;false
CHIAMAROMA 060606;2026;18/03/2026;In carico a ente esterno;false;true;POLIZIA LOCALE DI ROMA CAPITALE;true
CHIAMAROMA 060606;2026;18/03/2026;In carico a ente esterno;false;true;POLIZIA LOCALE DI ROMA CAPITALE;true
POLIZIA LOCALE DI ROMA CAPITALE;2026;18/03/2026;In carico a ente esterno;false;true;POLIZIA LOCALE DI ROMA CAPITALE;false
POLIZIA LOCALE DI ROMA CAPITALE;2026;18/03/2026;In carico a ente esterno;false;true;POLIZIA LOCALE DI ROMA CAPITALE;false
CHIAMAROMA 060606;2026;18/03/2026;In carico a ente esterno;false;true;POLIZIA LOCALE DI ROMA CAPITALE;true
CHIAMAROMA 060606;2026;18/03/2026;In carico a ente esterno;false;true;POLIZIA LOCALE DI ROMA CAPITALE;true
CHIAMAROMA 060606;2026;18/03/2026;In carico a ente esterno;false;true;POLIZIA LOCALE DI ROMA CAPITALE;true
CHIAMAROMA 060606;2026;18/03/2026;Risolto al secondo livello;false;false;;false
CHIAMAROMA 060606;2026;18/03/2026;Risolto al secondo livello;false;false;;false
CHIAMAROMA 060606;2026;18/03/2026;Risolto al secondo livello;false;false;;false
CHIAMAROMA 060606;2026;18/03/2026;In carico a ente esterno;false;true;POLIZIA LOCALE DI ROMA CAPITALE;true
CHIAMAROMA 060606;2026;18/03/2026;In carico a ente esterno;false;true;POLIZIA LOCALE DI ROMA CAPITALE;true
CHIAMAROMA 060606;2026;18/03/2026;Risolto al secondo livello;false;false;;false
CHIAMAROMA 060606;2026;18/03/2026;In carico a ente esterno;false;true;POLIZIA LOCALE DI ROMA CAPITALE;true
CHIAMAROMA 060606;2026;18/03/2026;In carico a ente esterno;false;true;POLIZIA LOCALE DI ROMA CAPITALE;true
CHIAMAROMA 060606;2026;18/03/2026;In carico a ente esterno;false;true;POLIZIA LOCALE DI ROMA CAPITALE;true
CHIAMAROMA 060606;2026;18/03/2026;In carico a ente esterno;false;true;POLIZIA LOCALE DI ROMA CAPITALE;true
CHIAMAROMA 060606;2026;18/03/2026;Trasferito telefonicamente a call center esterno o per pronto intervento;false;false;;true
CHIAMAROMA 060606;2026;18/03/2026;Risolto al secondo livello;false;false;;false
AMA;2026;18/03/2026;Risolto da Ente Esterno;false;true;AMA;false
CHIAMAROMA 060606;2026;18/03/2026;Risolto da Ente Esterno;false;true;AMA;false
CHIAMAROMA 060606;2026;18/03/2026;Risolto da Ente Esterno;false;true;AMA;false
CHIAMAROMA 060606;2026;18/03/2026;Risolto da Ente Esterno;false;true;AMA;false
CHIAMAROMA 060606;2026;18/03/2026;Risolto da Ente Esterno;false;true;AMA;false
CHIAMAROMA 060606;2026;18/03/2026;Risolto da Ente Esterno;false;true;AMA;false
AMA;2026;18/03/2026;Risolto da Ente Esterno;false;true;AMA;false
CHIAMAROMA 060606;2026;18/03/2026;Risolto da Ente Esterno;false;true;AMA;false
CHIAMAROMA 060606;2026;18/03/2026;Risolto da Ente Esterno;false;true;AMA;false
CHIAMAROMA 060606;2026;18/03/2026;In carico a ente esterno;false;true;POLIZIA LOCALE DI ROMA CAPITALE;true
CHIAMAROMA 060606;2026;18/03/2026;In carico a ente esterno;false;true;POLIZIA LOCALE DI ROMA CAPITALE;true
POLIZIA LOCALE DI ROMA CAPITALE;2026;18/03/2026;In carico a ente esterno;false;true;POLIZIA LOCALE DI ROMA CAPITALE;false
POLIZIA LOCALE DI ROMA CAPITALE;2026;18/03/2026;In carico a ente esterno;false;true;POLIZIA LOCALE DI ROMA CAPITALE;false
POLIZIA LOCALE DI ROMA CAPITALE;2026;18/03/2026;In carico a ente esterno;false;true;POLIZIA LOCALE DI ROMA CAPITALE;false
POLIZIA LOCALE DI ROMA CAPITALE;2026;18/03/2026;In carico a ente esterno;false;true;POLIZIA LOCALE DI ROMA CAPITALE;false
POLIZIA LOCALE DI ROMA CAPITALE;2026;18/03/2026;In carico a ente esterno;false;true;POLIZIA LOCALE DI ROMA CAPITALE;false
POLIZIA LOCALE DI ROMA CAPITALE;2026;18/03/2026;In carico a ente esterno;false;true;POLIZIA LOCALE DI ROMA CAPITALE;false
POLIZIA LOCALE DI ROMA CAPITALE;2026;18/03/2026;In carico a ente esterno;false;true;POLIZIA LOCALE DI ROMA CAPITALE;false
POLIZIA LOCALE DI ROMA CAPITALE;2026;18/03/2026;In carico a ente esterno;false;true;POLIZIA LOCALE DI ROMA CAPITALE;false
CHIAMAROMA 060606;2026;18/03/2026;In carico a ente esterno;false;true;POLIZIA LOCALE DI ROMA CAPITALE;true
DIPARTIMENTO SCUOLA, LAVORO E FORMAZIONE PROFESSIONALE;2026;18/03/2026;Risolto al secondo livello;false;false;;false
CHIAMAROMA 060606;2026;18/03/2026;In carico a ente esterno;false;true;POLIZIA LOCALE DI ROMA CAPITALE;true
CHIAMAROMA 060606;2026;18/03/2026;In carico a ente esterno;false;true;POLIZIA LOCALE DI ROMA CAPITALE;true
CHIAMAROMA 060606;2026;18/03/2026;In carico a ente esterno;false;true;POLIZIA LOCALE DI ROMA CAPITALE;true
CHIAMAROMA 060606;2026;18/03/2026;In carico a ente esterno;false;true;POLIZIA LOCALE DI ROMA CAPITALE;true
CHIAMAROMA 060606;2026;18/03/2026;In carico a ente esterno;false;true;POLIZIA LOCALE DI ROMA CAPITALE;true
CHIAMAROMA 060606;2026;18/03/2026;Risolto al secondo livello;true;false;;false
CHIAMAROMA 060606;2026;18/03/2026;In carico a ente esterno;false;true;POLIZIA LOCALE DI ROMA CAPITALE;true
CHIAMAROMA 060606;2026;18/03/2026;In carico a ente esterno;false;true;POLIZIA LOCALE DI ROMA CAPITALE;true
CHIAMAROMA 060606;2026;18/03/2026;In carico a ente esterno;false;true;POLIZIA LOCALE DI ROMA CAPITALE;true
POLIZIA LOCALE DI ROMA CAPITALE;2026;18/03/2026;In carico a ente esterno;false;true;POLIZIA LOCALE DI ROMA CAPITALE;false
CHIAMAROMA 060606;2026;18/03/2026;In carico a ente esterno;false;true;POLIZIA LOCALE DI ROMA CAPITALE;true
CHIAMAROMA 060606;2026;18/03/2026;Risolto al secondo livello;false;false;;false
CHIAMAROMA 060606;2026;18/03/2026;In carico a ente esterno;false;true;POLIZIA LOCALE DI ROMA CAPITALE;true
CHIAMAROMA 060606;2026;18/03/2026;Risolto al secondo livello;false;false;;false
CHIAMAROMA 060606;2026;18/03/2026;In carico a ente esterno;false;true;POLIZIA LOCALE DI ROMA CAPITALE;true
CHIAMAROMA 060606;2026;18/03/2026;In carico a ente esterno;false;true;POLIZIA LOCALE DI ROMA CAPITALE;true
CHIAMAROMA 060606;2026;18/03/2026;In carico a ente esterno;false;true;POLIZIA LOCALE DI ROMA CAPITALE;true
CHIAMAROMA 060606;2026;18/03/2026;In carico a ente esterno;false;true;POLIZIA LOCALE DI ROMA CAPITALE;true
POLIZIA LOCALE DI ROMA CAPITALE;2026;18/03/2026;In carico a ente esterno;false;true;POLIZIA LOCALE DI ROMA CAPITALE;false
POLIZIA LOCALE DI ROMA CAPITALE;2026;18/03/2026;In carico a ente esterno;false;true;POLIZIA LOCALE DI ROMA CAPITALE;false
CHIAMAROMA 060606;2026;18/03/2026;In carico a ente esterno;false;true;POLIZIA LOCALE DI ROMA CAPITALE;true
CHIAMAROMA 060606;2026;18/03/2026;In carico a ente esterno;false;true;POLIZIA LOCALE DI ROMA CAPITALE;true
CHIAMAROMA 060606;2026;18/03/2026;In carico a ente esterno;false;true;POLIZIA LOCALE DI ROMA CAPITALE;true
POLIZIA LOCALE (14° Gruppo MONTEMARIO);2026;18/03/2026;Risolto al secondo livello;false;false;;false
CHIAMAROMA 060606;2026;18/03/2026;Risolto da Ente Esterno;false;true;AMA;false
CHIAMAROMA 060606;2026;18/03/2026;Risolto da Ente Esterno;false;true;AMA;false
CHIAMAROMA 060606;2026;18/03/2026;Risolto da Ente Esterno;false;true;AMA;false
CHIAMAROMA 060606;2026;18/03/2026;Risolto da Ente Esterno;false;true;AMA;false
CHIAMAROMA 060606;2026;18/03/2026;Risolto da Ente Esterno;false;true;AMA;false
CHIAMAROMA 060606;2026;18/03/2026;Risolto da Ente Esterno;false;true;AMA;false
CHIAMAROMA 060606;2026;18/03/2026;Risolto da Ente Esterno;false;true;AMA;false
CHIAMAROMA 060606;2026;18/03/2026;Risolto da Ente Esterno;false;true;AMA;false
CHIAMAROMA 060606;2026;18/03/2026;Risolto da Ente Esterno;false;true;AMA;false
POLIZIA LOCALE DI ROMA CAPITALE;2026;18/03/2026;In carico a ente esterno;false;true;POLIZIA LOCALE DI ROMA CAPITALE;false
CHIAMAROMA 060606;2026;18/03/2026;In carico a ente esterno;false;true;POLIZIA LOCALE DI ROMA CAPITALE;true
POLIZIA LOCALE DI ROMA CAPITALE;2026;18/03/2026;In carico a ente esterno;false;true;POLIZIA LOCALE DI ROMA CAPITALE;false
POLIZIA LOCALE DI ROMA CAPITALE;2026;18/03/2026;In carico a ente esterno;false;true;POLIZIA LOCALE DI ROMA CAPITALE;false
POLIZIA LOCALE DI ROMA CAPITALE;2026;18/03/2026;In carico a ente esterno;false;true;POLIZIA LOCALE DI ROMA CAPITALE;false
POLIZIA LOCALE DI ROMA CAPITALE;2026;18/03/2026;In carico a ente esterno;false;true;POLIZIA LOCALE DI ROMA CAPITALE;false
POLIZIA LOCALE DI ROMA CAPITALE;2026;18/03/2026;In carico a ente esterno;false;true;POLIZIA LOCALE DI ROMA CAPITALE;false
POLIZIA LOCALE DI ROMA CAPITALE;2026;18/03/2026;In carico a ente esterno;false;true;POLIZIA LOCALE DI ROMA CAPITALE;false
POLIZIA LOCALE DI ROMA CAPITALE;2026;18/03/2026;In carico a ente esterno;false;true;POLIZIA LOCALE DI ROMA CAPITALE;false
POLIZIA LOCALE DI ROMA CAPITALE;2026;18/03/2026;In carico a ente esterno;false;true;POLIZIA LOCALE DI ROMA CAPITALE;false
CHIAMAROMA 060606;2026;18/03/2026;In carico a ente esterno;false;true;POLIZIA LOCALE DI ROMA CAPITALE;true
CHIAMAROMA 060606;2026;18/03/2026;Risolto da Ente Esterno;false;true;AMA;false
POLIZIA LOCALE DI ROMA CAPITALE;2026;18/03/2026;In carico a ente esterno;false;true;POLIZIA LOCALE DI ROMA CAPITALE;false
POLIZIA LOCALE DI ROMA CAPITALE;2026;18/03/2026;In carico a ente esterno;false;true;POLIZIA LOCALE DI ROMA CAPITALE;false
POLIZIA LOCALE DI ROMA CAPITALE;2026;18/03/2026;In carico a ente esterno;false;true;POLIZIA LOCALE DI ROMA CAPITALE;false
POLIZIA LOCALE DI ROMA CAPITALE;2026;18/03/2026;In carico a ente esterno;false;true;POLIZIA LOCALE DI ROMA CAPITALE;false
POLIZIA LOCALE DI ROMA CAPITALE;2026;18/03/2026;In carico a ente esterno;false;true;POLIZIA LOCALE DI ROMA CAPITALE;false
POLIZIA LOCALE DI ROMA CAPITALE;2026;18/03/2026;In carico a ente esterno;false;true;POLIZIA LOCALE DI ROMA CAPITALE;false
POLIZIA LOCALE DI ROMA CAPITALE;2026;19/03/2026;In carico a ente esterno;false;true;POLIZIA LOCALE DI ROMA CAPITALE;false
POLIZIA LOCALE DI ROMA CAPITALE;2026;19/03/2026;In carico a ente esterno;false;true;POLIZIA LOCALE DI ROMA CAPITALE;false
AMA;2026;19/03/2026;Risolto da Ente Esterno;false;true;AMA;false
CHIAMAROMA 060606;2026;19/03/2026;Risolto da Ente Esterno;false;true;AMA;false
CHIAMAROMA 060606;2026;19/03/2026;Risolto da Ente Esterno;false;true;AMA;false
CHIAMAROMA 060606;2026;19/03/2026;Risolto da Ente Esterno;false;true;AMA;false
AMA;2026;19/03/2026;Risolto da Ente Esterno;false;true;AMA;false
CHIAMAROMA 060606;2026;19/03/2026;Risolto da Ente Esterno;false;true;AMA;false
CHIAMAROMA 060606;2026;19/03/2026;Risolto da Ente Esterno;false;true;AMA;false
DIPARTIMENTO TUTELA AMBIENTALE;2026;19/03/2026;Risolto da Ente Esterno;false;true;AMA;false
CHIAMAROMA 060606;2026;19/03/2026;Risolto da Ente Esterno;false;true;AMA;false
CHIAMAROMA 060606;2026;19/03/2026;Risolto da Ente Esterno;false;true;AMA;false
CHIAMAROMA 060606;2026;19/03/2026;Risolto da Ente Esterno;false;true;AMA;false
CHIAMAROMA 060606;2026;19/03/2026;Risolto da Ente Esterno;false;true;AMA;false
CHIAMAROMA 060606;2026;19/03/2026;Risolto da Ente Esterno;false;true;AMA;false
DIPARTIMENTO CICLO RIFIUTI;2026;19/03/2026;Risolto da Ente Esterno;false;true;AMA;false
CHIAMAROMA 060606;2026;19/03/2026;Risolto da Ente Esterno;false;true;AMA;false
CHIAMAROMA 060606;2026;19/03/2026;Risolto da Ente Esterno;false;true;AMA;false
BACK OFFICE ROMA CAPITALE;2026;19/03/2026;Risolto da Ente Esterno;false;true;AMA;false
CHIAMAROMA 060606;2026;19/03/2026;Risolto da Ente Esterno;false;true;AMA;false
CHIAMAROMA 060606;2026;19/03/2026;Risolto da Ente Esterno;false;true;AMA;false
CHIAMAROMA 060606;2026;19/03/2026;Risolto da Ente Esterno;false;true;AMA;false
CHIAMAROMA 060606;2026;19/03/2026;Risolto da Ente Esterno;false;true;AMA;false
CHIAMAROMA 060606;2026;19/03/2026;Risolto da Ente Esterno;false;true;AMA;false
CHIAMAROMA 060606;2026;19/03/2026;Risolto da Ente Esterno;false;true;AMA;false
CHIAMAROMA 060606;2026;19/03/2026;Risolto da Ente Esterno;false;true;AMA;false
CHIAMAROMA 060606;2026;19/03/2026;Risolto da Ente Esterno;false;true;AMA;false
CHIAMAROMA 060606;2026;19/03/2026;Risolto da Ente Esterno;false;true;AMA;false
CHIAMAROMA 060606;2026;19/03/2026;Risolto da Ente Esterno;false;true;AMA;false
CHIAMAROMA 060606;2026;19/03/2026;Risolto da Ente Esterno;false;true;AMA;false
CHIAMAROMA 060606;2026;19/03/2026;Risolto da Ente Esterno;false;true;AMA;false
CHIAMAROMA 060606;2026;19/03/2026;Risolto da Ente Esterno;false;true;AMA;false
POLIZIA LOCALE DI ROMA CAPITALE;2026;19/03/2026;In carico a ente esterno;false;true;POLIZIA LOCALE DI ROMA CAPITALE;false
BACK OFFICE ROMA CAPITALE;2026;19/03/2026;Risolto al primo livello;false;false;;false
DIPARTIMENTO SVILUPPO ECONOMICO E ATTIVITA’ PRODUTTIVE;2026;19/03/2026;Risolto al secondo livello;false;false;;false
CHIAMAROMA 060606;2026;19/03/2026;In carico a ente esterno;false;true;POLIZIA LOCALE DI ROMA CAPITALE;true
POLIZIA LOCALE DI ROMA CAPITALE;2026;19/03/2026;Risolto al secondo livello;false;false;;false
DIPARTIMENTO SVILUPPO ECONOMICO E ATTIVITA’ PRODUTTIVE;2026;19/03/2026;Risolto al secondo livello;false;false;;false
CHIAMAROMA 060606;2026;19/03/2026;In carico a ente esterno;false;true;POLIZIA LOCALE DI ROMA CAPITALE;true
POLIZIA LOCALE DI ROMA CAPITALE;2026;19/03/2026;In carico a ente esterno;false;true;POLIZIA LOCALE DI ROMA CAPITALE;false
POLIZIA LOCALE DI ROMA CAPITALE;2026;19/03/2026;In carico a ente esterno;false;true;POLIZIA LOCALE DI ROMA CAPITALE;false
CHIAMAROMA 060606;2026;19/03/2026;In carico a ente esterno;false;true;POLIZIA LOCALE DI ROMA CAPITALE;true
CHIAMAROMA 060606;2026;19/03/2026;In carico a ente esterno;false;true;POLIZIA LOCALE DI ROMA CAPITALE;true
CHIAMAROMA 060606;2026;19/03/2026;In carico a ente esterno;false;true;POLIZIA LOCALE DI ROMA CAPITALE;true
CHIAMAROMA 060606;2026;19/03/2026;In carico a ente esterno;false;true;POLIZIA LOCALE DI ROMA CAPITALE;true
CHIAMAROMA 060606;2026;19/03/2026;In carico a ente esterno;false;true;POLIZIA LOCALE DI ROMA CAPITALE;true
CHIAMAROMA 060606;2026;19/03/2026;In carico a ente esterno;false;true;POLIZIA LOCALE DI ROMA CAPITALE;true
CHIAMAROMA 060606;2026;19/03/2026;In carico a ente esterno;false;true;POLIZIA LOCALE DI ROMA CAPITALE;true
;2026;19/03/2026;In carico a ente esterno;false;true;POLIZIA LOCALE DI ROMA CAPITALE;false
CHIAMAROMA 060606;2026;19/03/2026;In carico a ente esterno;false;true;POLIZIA LOCALE DI ROMA CAPITALE;true
CHIAMAROMA 060606;2026;19/03/2026;In carico a ente esterno;false;true;POLIZIA LOCALE DI ROMA CAPITALE;true
DIPARTIMENTO MOBILITA’ SOSTENIBILE E TRASPORTI;2026;19/03/2026;Risolto al secondo livello;false;false;;false
POLIZIA LOCALE DI ROMA CAPITALE;2026;19/03/2026;In carico a ente esterno;false;true;POLIZIA LOCALE DI ROMA CAPITALE;false
POLIZIA LOCALE DI ROMA CAPITALE;2026;19/03/2026;In carico a ente esterno;false;true;POLIZIA LOCALE DI ROMA CAPITALE;false
POLIZIA LOCALE DI ROMA CAPITALE;2026;19/03/2026;In carico a ente esterno;false;true;POLIZIA LOCALE DI ROMA CAPITALE;false
POLIZIA LOCALE DI ROMA CAPITALE;2026;19/03/2026;In carico a ente esterno;false;true;POLIZIA LOCALE DI ROMA CAPITALE;false
POLIZIA LOCALE DI ROMA CAPITALE;2026;19/03/2026;In carico a ente esterno;false;true;POLIZIA LOCALE DI ROMA CAPITALE;false
MUNICIPIO XIII;2026;19/03/2026;Risolto al secondo livello;false;false;;false
CHIAMAROMA 060606;2026;19/03/2026;In carico a ente esterno;false;true;POLIZIA LOCALE DI ROMA CAPITALE;true
CHIAMAROMA 060606;2026;19/03/2026;Risolto al primo livello;false;false;;false
CHIAMAROMA 060606;2026;19/03/2026;Risolto al secondo livello;false;false;;false
CHIAMAROMA 060606;2026;19/03/2026;Risolto al secondo livello;false;false;;false
CHIAMAROMA 060606;2026;19/03/2026;Risolto al secondo livello;false;false;;false
CHIAMAROMA 060606;2026;19/03/2026;Risolto al secondo livello;false;false;;false
CHIAMAROMA 060606;2026;19/03/2026;Risolto al secondo livello;false;false;;false
CHIAMAROMA 060606;2026;19/03/2026;Risolto al secondo livello;false;false;;false
CHIAMAROMA 060606;2026;19/03/2026;Risolto al secondo livello;false;true;AMA;false
CHIAMAROMA 060606;2026;19/03/2026;Risolto al secondo livello;false;false;;false
CHIAMAROMA 060606;2026;19/03/2026;Risolto al secondo livello;false;false;;false
CHIAMAROMA 060606;2026;19/03/2026;Risolto al primo livello;false;false;;false
CHIAMAROMA 060606;2026;19/03/2026;Risolto al secondo livello;false;false;;false
CHIAMAROMA 060606;2026;19/03/2026;Risolto al secondo livello;false;false;;false
CHIAMAROMA 060606;2026;19/03/2026;Risolto al secondo livello;false;false;;false
CHIAMAROMA 060606;2026;19/03/2026;In carico a ente esterno;false;true;POLIZIA LOCALE DI ROMA CAPITALE;true
CHIAMAROMA 060606;2026;19/03/2026;Risolto al secondo livello;false;false;;false
CHIAMAROMA 060606;2026;19/03/2026;Risolto al secondo livello;false;false;;false
CHIAMAROMA 060606;2026;19/03/2026;Risolto al secondo livello;false;false;;false
CHIAMAROMA 060606;2026;19/03/2026;Risolto al secondo livello;false;false;;false
BACK OFFICE ROMA CAPITALE;2026;19/03/2026;Risolto al primo livello;false;false;;false
CHIAMAROMA 060606;2026;19/03/2026;Risolto al secondo livello;false;false;;false
CHIAMAROMA 060606;2026;19/03/2026;In carico a ente esterno;false;true;POLIZIA LOCALE DI ROMA CAPITALE;true
CHIAMAROMA 060606;2026;19/03/2026;Risolto al secondo livello;false;false;;false
CHIAMAROMA 060606;2026;19/03/2026;In carico a ente esterno;false;true;POLIZIA LOCALE DI ROMA CAPITALE;true
CHIAMAROMA 060606;2026;19/03/2026;Risolto al primo livello;false;false;;false
CHIAMAROMA 060606;2026;19/03/2026;Risolto al secondo livello;false;false;;false
CHIAMAROMA 060606;2026;19/03/2026;Risolto al secondo livello;false;true;AMA;false
CHIAMAROMA 060606;2026;19/03/2026;Risolto al secondo livello;false;false;;false
CHIAMAROMA 060606;2026;19/03/2026;Risolto al secondo livello;false;false;;false
CHIAMAROMA 060606;2026;19/03/2026;Risolto al secondo livello;false;false;;false
BACK OFFICE ROMA CAPITALE;2026;19/03/2026;Risolto al secondo livello;false;false;;false
CHIAMAROMA 060606;2026;19/03/2026;Risolto al secondo livello;false;false;;false
CHIAMAROMA 060606;2026;19/03/2026;Risolto al secondo livello;false;false;;false
CHIAMAROMA 060606;2026;19/03/2026;Risolto al secondo livello;false;false;;false
CHIAMAROMA 060606;2026;19/03/2026;In carico a ente esterno;false;true;POLIZIA LOCALE DI ROMA CAPITALE;true
CHIAMAROMA 060606;2026;19/03/2026;Risolto al secondo livello;false;false;;false
CHIAMAROMA 060606;2026;19/03/2026;Risolto al secondo livello;false;false;;false
CHIAMAROMA 060606;2026;19/03/2026;Risolto al secondo livello;false;false;;false
CHIAMAROMA 060606;2026;19/03/2026;Risolto al secondo livello;false;false;;false
CHIAMAROMA 060606;2026;19/03/2026;Risolto al secondo livello;false;false;;false
CHIAMAROMA 060606;2026;19/03/2026;Risolto al secondo livello;false;true;AMA;false
CHIAMAROMA 060606;2026;19/03/2026;Risolto al secondo livello;false;false;;false
CHIAMAROMA 060606;2026;19/03/2026;Risolto al secondo livello;false;false;;false
CHIAMAROMA 060606;2026;19/03/2026;Risolto al secondo livello;false;false;;false
CHIAMAROMA 060606;2026;19/03/2026;Risolto al secondo livello;false;false;;false
CHIAMAROMA 060606;2026;19/03/2026;Risolto al secondo livello;false;false;;false
CHIAMAROMA 060606;2026;19/03/2026;Risolto al secondo livello;false;false;;false
CHIAMAROMA 060606;2026;19/03/2026;Risolto al secondo livello;false;true;AMA;false
CHIAMAROMA 060606;2026;19/03/2026;Risolto al secondo livello;false;false;;false
CHIAMAROMA 060606;2026;19/03/2026;Risolto al primo livello;false;false;;false
CHIAMAROMA 060606;2026;19/03/2026;Risolto al secondo livello;false;true;AMA;false
CHIAMAROMA 060606;2026;19/03/2026;Risolto al secondo livello;false;false;;false
CHIAMAROMA 060606;2026;19/03/2026;Risolto al secondo livello;false;false;;false
CHIAMAROMA 060606;2026;19/03/2026;Risolto da Ente Esterno;false;true;AMA;false
CHIAMAROMA 060606;2026;19/03/2026;Risolto da Ente Esterno;false;true;AMA;false
CHIAMAROMA 060606;2026;19/03/2026;Risolto da Ente Esterno;false;true;AMA;false
CHIAMAROMA 060606;2026;19/03/2026;Risolto da Ente Esterno;false;true;AMA;false
CHIAMAROMA 060606;2026;19/03/2026;Risolto da Ente Esterno;false;true;AMA;false
CHIAMAROMA 060606;2026;19/03/2026;Risolto da Ente Esterno;false;true;AMA;false
CHIAMAROMA 060606;2026;19/03/2026;Risolto al secondo livello;false;false;;false
CHIAMAROMA 060606;2026;19/03/2026;Risolto da Ente Esterno;false;true;AMA;false
CHIAMAROMA 060606;2026;19/03/2026;Risolto da Ente Esterno;false;true;AMA;false
CHIAMAROMA 060606;2026;19/03/2026;Risolto da Ente Esterno;false;true;AMA;false
CHIAMAROMA 060606;2026;19/03/2026;Risolto da Ente Esterno;false;true;AMA;false
CHIAMAROMA 060606;2026;19/03/2026;Risolto da Ente Esterno;false;true;AMA;false
CHIAMAROMA 060606;2026;19/03/2026;Risolto al primo livello;false;false;;false
CHIAMAROMA 060606;2026;19/03/2026;Risolto da Ente Esterno;false;true;AMA;false
AMA;2026;19/03/2026;Risolto da Ente Esterno;false;true;AMA;false
CHIAMAROMA 060606;2026;19/03/2026;Risolto da Ente Esterno;false;true;AMA;false
BACK OFFICE ROMA CAPITALE;2026;19/03/2026;Risolto da Ente Esterno;false;true;AMA;false
CHIAMAROMA 060606;2026;19/03/2026;Risolto da Ente Esterno;false;true;AMA;false
DIPARTIMENTO CICLO RIFIUTI;2026;19/03/2026;Risolto da Ente Esterno;false;true;AMA;false
CHIAMAROMA 060606;2026;19/03/2026;Risolto da Ente Esterno;false;true;AMA;false
CHIAMAROMA 060606;2026;19/03/2026;Risolto da Ente Esterno;false;true;AMA;false
CHIAMAROMA 060606;2026;19/03/2026;Risolto da Ente Esterno;false;true;AMA;false
CHIAMAROMA 060606;2026;19/03/2026;Risolto da Ente Esterno;false;true;AMA;false
CHIAMAROMA 060606;2026;19/03/2026;Risolto da Ente Esterno;false;true;AMA;false
CHIAMAROMA 060606;2026;19/03/2026;Risolto da Ente Esterno;false;true;AMA;false
CHIAMAROMA 060606;2026;19/03/2026;Risolto da Ente Esterno;false;true;AMA;false
CHIAMAROMA 060606;2026;19/03/2026;Risolto da Ente Esterno;false;true;AMA;false
CHIAMAROMA 060606;2026;19/03/2026;Risolto da Ente Esterno;false;true;AMA;false
CHIAMAROMA 060606;2026;19/03/2026;Risolto al secondo livello;false;false;;false
CHIAMAROMA 060606;2026;19/03/2026;Risolto da Ente Esterno;false;true;AMA;false
CHIAMAROMA 060606;2026;19/03/2026;Risolto da Ente Esterno;false;true;AMA;false
060608 ZETEMA;2026;19/03/2026;Risolto al secondo livello;false;false;;false
CHIAMAROMA 060606;2026;19/03/2026;Risolto al secondo livello;false;false;;false
CHIAMAROMA 060606;2026;19/03/2026;Risolto al secondo livello;false;false;;false
CHIAMAROMA 060606;2026;19/03/2026;Risolto al secondo livello;false;false;;false
CHIAMAROMA 060606;2026;19/03/2026;Risolto al secondo livello;false;false;;false
CHIAMAROMA 060606;2026;19/03/2026;Risolto al secondo livello;false;false;;false
CHIAMAROMA 060606;2026;19/03/2026;Risolto al secondo livello;false;false;;false
CHIAMAROMA 060606;2026;19/03/2026;Risolto al secondo livello;false;false;;false
CHIAMAROMA 060606;2026;19/03/2026;Risolto al secondo livello;false;false;;false
CHIAMAROMA 060606;2026;19/03/2026;Risolto al secondo livello;false;false;;false
POLIZIA LOCALE DI ROMA CAPITALE;2026;19/03/2026;In carico a ente esterno;false;true;POLIZIA LOCALE DI ROMA CAPITALE;false
POLIZIA LOCALE DI ROMA CAPITALE;2026;19/03/2026;In carico a ente esterno;false;true;POLIZIA LOCALE DI ROMA CAPITALE;false
POLIZIA LOCALE DI ROMA CAPITALE;2026;19/03/2026;In carico a ente esterno;false;true;POLIZIA LOCALE DI ROMA CAPITALE;false
POLIZIA LOCALE DI ROMA CAPITALE;2026;19/03/2026;In carico a ente esterno;false;true;POLIZIA LOCALE DI ROMA CAPITALE;false
POLIZIA LOCALE DI ROMA CAPITALE;2026;19/03/2026;In carico a ente esterno;false;true;POLIZIA LOCALE DI ROMA CAPITALE;false
POLIZIA LOCALE DI ROMA CAPITALE;2026;19/03/2026;In carico a ente esterno;false;true;POLIZIA LOCALE DI ROMA CAPITALE;false
CHIAMAROMA 060606;2026;19/03/2026;Risolto al secondo livello;false;false;;false
CHIAMAROMA 060606;2026;19/03/2026;Risolto al secondo livello;false;false;;false
CHIAMAROMA 060606;2026;19/03/2026;Risolto al secondo livello;false;false;;false
CHIAMAROMA 060606;2026;19/03/2026;Risolto al secondo livello;false;false;;false
CHIAMAROMA 060606;2026;19/03/2026;Risolto al secondo livello;false;false;;false
CHIAMAROMA 060606;2026;19/03/2026;Risolto al secondo livello;false;false;;false
CHIAMAROMA 060606;2026;19/03/2026;Risolto al secondo livello;false;false;;false
CHIAMAROMA 060606;2026;19/03/2026;Risolto al secondo livello;false;false;;false
CHIAMAROMA 060606;2026;19/03/2026;Risolto al secondo livello;false;false;;false
CHIAMAROMA 060606;2026;19/03/2026;Risolto al secondo livello;false;false;;false
CHIAMAROMA 060606;2026;19/03/2026;Risolto al secondo livello;false;false;;false
CHIAMAROMA 060606;2026;19/03/2026;Risolto al secondo livello;false;false;;false
CHIAMAROMA 060606;2026;19/03/2026;Risolto al secondo livello;false;false;;false
CHIAMAROMA 060606;2026;19/03/2026;Risolto al secondo livello;false;false;;false
CHIAMAROMA 060606;2026;19/03/2026;Risolto al secondo livello;false;false;;false
CHIAMAROMA 060606;2026;19/03/2026;Risolto al secondo livello;false;false;;false
CHIAMAROMA 060606;2026;19/03/2026;Risolto al primo livello;false;false;;false
CHIAMAROMA 060606;2026;19/03/2026;Risolto al primo livello;false;false;;true
CHIAMAROMA 060606;2026;19/03/2026;Risolto al primo livello;false;false;;false
CHIAMAROMA 060606;2026;19/03/2026;Risolto al secondo livello;false;false;;false
CHIAMAROMA 060606;2026;19/03/2026;In carico a ente esterno;false;true;POLIZIA LOCALE DI ROMA CAPITALE;true
MUNICIPIO VII;2026;19/03/2026;Risolto al primo livello;false;false;;false
POLIZIA LOCALE DI ROMA CAPITALE;2026;19/03/2026;In carico a ente esterno;false;true;POLIZIA LOCALE DI ROMA CAPITALE;false
POLIZIA LOCALE DI ROMA CAPITALE;2026;19/03/2026;In carico a ente esterno;false;true;POLIZIA LOCALE DI ROMA CAPITALE;false
POLIZIA LOCALE DI ROMA CAPITALE;2026;19/03/2026;In carico a ente esterno;false;true;POLIZIA LOCALE DI ROMA CAPITALE;false
CHIAMAROMA 060606;2026;19/03/2026;Risolto al secondo livello;false;false;;false
CHIAMAROMA 060606;2026;19/03/2026;In carico a ente esterno;false;true;POLIZIA LOCALE DI ROMA CAPITALE;true
MUNICIPIO VII;2026;19/03/2026;Risolto al primo livello;false;false;;false
MUNICIPIO VII;2026;19/03/2026;Risolto al primo livello;false;false;;false
CHIAMAROMA 060606;2026;19/03/2026;Risolto al secondo livello;false;false;;false
MUNICIPIO VII;2026;19/03/2026;Risolto al primo livello;false;false;;false
CHIAMAROMA 060606;2026;19/03/2026;Risolto al secondo livello;false;false;;false
CHIAMAROMA 060606;2026;19/03/2026;In carico a ente esterno;false;true;POLIZIA LOCALE DI ROMA CAPITALE;true
CHIAMAROMA 060606;2026;19/03/2026;Risolto al primo livello;false;false;;false
CHIAMAROMA 060606;2026;19/03/2026;In carico a ente esterno;false;true;POLIZIA LOCALE DI ROMA CAPITALE;true
DIPARTIMENTO MOBILITA’ SOSTENIBILE E TRASPORTI;2026;19/03/2026;Trasferito telefonicamente a call center esterno o per pronto intervento;false;false;;false
CHIAMAROMA 060606;2026;19/03/2026;In carico a ente esterno;false;true;POLIZIA LOCALE DI ROMA CAPITALE;true
CHIAMAROMA 060606;2026;19/03/2026;In carico a ente esterno;false;true;POLIZIA LOCALE DI ROMA CAPITALE;true
DIPARTIMENTO TUTELA AMBIENTALE;2026;19/03/2026;Risolto al secondo livello;false;false;;false
MUNICIPIO V;2026;19/03/2026;Non lavorabile o dati insufficienti;false;false;;false
CHIAMAROMA 060606;2026;19/03/2026;In carico a ente esterno;false;true;POLIZIA LOCALE DI ROMA CAPITALE;true
CHIAMAROMA 060606;2026;19/03/2026;Risolto al secondo livello;false;false;;false
CHIAMAROMA 060606;2026;19/03/2026;Risolto al secondo livello;false;false;;false
CHIAMAROMA 060606;2026;19/03/2026;Risolto al secondo livello;false;false;;false
CHIAMAROMA 060606;2026;19/03/2026;Risolto al secondo livello;false;false;;false
CHIAMAROMA 060606;2026;19/03/2026;In carico a ente esterno;false;true;POLIZIA LOCALE DI ROMA CAPITALE;true
CHIAMAROMA 060606;2026;19/03/2026;In carico a ente esterno;false;true;POLIZIA LOCALE DI ROMA CAPITALE;true
CHIAMAROMA 060606;2026;19/03/2026;In carico a ente esterno;false;true;POLIZIA LOCALE DI ROMA CAPITALE;true
CHIAMAROMA 060606;2026;19/03/2026;Risolto al secondo livello;false;false;;false
MUNICIPIO V;2026;19/03/2026;Risolto al secondo livello;false;false;;false
POLIZIA LOCALE DI ROMA CAPITALE;2026;19/03/2026;In carico a ente esterno;false;true;POLIZIA LOCALE DI ROMA CAPITALE;false
POLIZIA LOCALE DI ROMA CAPITALE;2026;19/03/2026;In carico a ente esterno;false;true;POLIZIA LOCALE DI ROMA CAPITALE;false
POLIZIA LOCALE DI ROMA CAPITALE;2026;19/03/2026;In carico a ente esterno;false;true;POLIZIA LOCALE DI ROMA CAPITALE;false
CHIAMAROMA 060606;2026;19/03/2026;Risolto al secondo livello;false;false;;false
CHIAMAROMA 060606;2026;19/03/2026;Risolto al secondo livello;false;false;;false
CHIAMAROMA 060606;2026;19/03/2026;In carico a ente esterno;false;true;POLIZIA LOCALE DI ROMA CAPITALE;true
GABINETTO DEL SINDACO;2026;19/03/2026;Risolto al secondo livello;false;false;;false
CHIAMAROMA 060606;2026;19/03/2026;Risolto al secondo livello;false;false;;false
CHIAMAROMA 060606;2026;19/03/2026;In carico a ente esterno;false;true;POLIZIA LOCALE DI ROMA CAPITALE;true
BACK OFFICE ROMA CAPITALE;2026;19/03/2026;Risolto al secondo livello;false;false;;false
POLIZIA LOCALE (14° Gruppo MONTEMARIO);2026;19/03/2026;Risolto al secondo livello;false;false;;false
CHIAMAROMA 060606;2026;19/03/2026;In carico a ente esterno;false;true;POLIZIA LOCALE DI ROMA CAPITALE;true
CHIAMAROMA 060606;2026;19/03/2026;In carico a ente esterno;false;true;POLIZIA LOCALE DI ROMA CAPITALE;true
CHIAMAROMA 060606;2026;19/03/2026;In carico a ente esterno;false;true;POLIZIA LOCALE DI ROMA CAPITALE;true
CHIAMAROMA 060606;2026;19/03/2026;In carico a ente esterno;false;true;POLIZIA LOCALE DI ROMA CAPITALE;true
CHIAMAROMA 060606;2026;19/03/2026;In carico a ente esterno;false;true;POLIZIA LOCALE DI ROMA CAPITALE;true
;2026;19/03/2026;In carico a ente esterno;false;true;POLIZIA LOCALE DI ROMA CAPITALE;false
CHIAMAROMA 060606;2026;19/03/2026;In carico a ente esterno;false;true;POLIZIA LOCALE DI ROMA CAPITALE;true
CHIAMAROMA 060606;2026;19/03/2026;Risolto al secondo livello;false;true;AMA;false
CHIAMAROMA 060606;2026;19/03/2026;In carico a ente esterno;false;true;POLIZIA LOCALE DI ROMA CAPITALE;true
BACK OFFICE ROMA CAPITALE;2026;19/03/2026;In carico a ente esterno;false;true;POLIZIA LOCALE DI ROMA CAPITALE;false
CHIAMAROMA 060606;2026;19/03/2026;In carico a ente esterno;false;true;POLIZIA LOCALE DI ROMA CAPITALE;true
CHIAMAROMA 060606;2026;19/03/2026;Risolto da Ente Esterno;false;true;AMA;false
CHIAMAROMA 060606;2026;19/03/2026;Risolto da Ente Esterno;false;true;AMA;false
DIPARTIMENTO TUTELA AMBIENTALE;2026;19/03/2026;Risolto da Ente Esterno;false;true;AMA;false
CHIAMAROMA 060606;2026;19/03/2026;Risolto da Ente Esterno;false;true;AMA;false
CHIAMAROMA 060606;2026;19/03/2026;Risolto da Ente Esterno;false;true;AMA;false
CHIAMAROMA 060606;2026;19/03/2026;Risolto da Ente Esterno;false;true;AMA;false
CHIAMAROMA 060606;2026;19/03/2026;Risolto da Ente Esterno;false;true;AMA;false
CHIAMAROMA 060606;2026;19/03/2026;Risolto da Ente Esterno;false;true;AMA;false
CHIAMAROMA 060606;2026;19/03/2026;Risolto da Ente Esterno;false;true;AMA;false
CHIAMAROMA 060606;2026;19/03/2026;Risolto da Ente Esterno;false;true;AMA;false
MUNICIPIO IV;2026;19/03/2026;Risolto da Ente Esterno;false;true;AMA;false
CHIAMAROMA 060606;2026;19/03/2026;Risolto da Ente Esterno;false;true;AMA;false
CHIAMAROMA 060606;2026;19/03/2026;Risolto da Ente Esterno;false;true;AMA;false
CHIAMAROMA 060606;2026;19/03/2026;Risolto da Ente Esterno;false;true;AMA;false
CHIAMAROMA 060606;2026;19/03/2026;Risolto da Ente Esterno;false;true;AMA;false
MUNICIPIO I;2026;19/03/2026;Risolto da Ente Esterno;false;true;AMA;false
AMA;2026;19/03/2026;Risolto da Ente Esterno;false;true;AMA;false
CHIAMAROMA 060606;2026;19/03/2026;Risolto da Ente Esterno;false;true;AMA;false
CHIAMAROMA 060606;2026;19/03/2026;Risolto da Ente Esterno;false;true;AMA;false
CHIAMAROMA 060606;2026;19/03/2026;Risolto da Ente Esterno;false;true;AMA;false
CHIAMAROMA 060606;2026;19/03/2026;Risolto da Ente Esterno;false;true;AMA;false
CHIAMAROMA 060606;2026;19/03/2026;Risolto da Ente Esterno;false;true;AMA;false
CHIAMAROMA 060606;2026;19/03/2026;Risolto da Ente Esterno;false;true;AMA;false
CHIAMAROMA 060606;2026;19/03/2026;In carico a ente esterno;false;true;POLIZIA LOCALE DI ROMA CAPITALE;true
POLIZIA LOCALE DI ROMA CAPITALE;2026;19/03/2026;In carico a ente esterno;false;true;POLIZIA LOCALE DI ROMA CAPITALE;false
DIPARTIMENTO MOBILITA’ SOSTENIBILE E TRASPORTI;2026;19/03/2026;Risolto al primo livello;false;false;;false
CHIAMAROMA 060606;2026;19/03/2026;Risolto al secondo livello;false;false;;false
CHIAMAROMA 060606;2026;19/03/2026;Risolto al secondo livello;false;false;;false
CHIAMAROMA 060606;2026;19/03/2026;Risolto al secondo livello;false;false;;false
CHIAMAROMA 060606;2026;19/03/2026;Risolto al secondo livello;false;false;;false
CHIAMAROMA 060606;2026;19/03/2026;Risolto al secondo livello;false;false;;false
BACK OFFICE ROMA CAPITALE;2026;19/03/2026;In carico a ente esterno;false;true;POLIZIA LOCALE DI ROMA CAPITALE;false
MUNICIPIO XII;2026;19/03/2026;Risolto al secondo livello;false;false;;false
CHIAMAROMA 060606;2026;19/03/2026;Risolto al secondo livello;false;false;;false
CHIAMAROMA 060606;2026;19/03/2026;Risolto al secondo livello;false;false;;false
MUNICIPIO V;2026;19/03/2026;Risolto al secondo livello;false;false;;false
CHIAMAROMA 060606;2026;19/03/2026;Risolto al secondo livello;false;false;;false
CHIAMAROMA 060606;2026;19/03/2026;Risolto al secondo livello;false;false;;false
BACK OFFICE ROMA CAPITALE;2026;19/03/2026;In carico a ente esterno;false;true;POLIZIA LOCALE DI ROMA CAPITALE;false
CHIAMAROMA 060606;2026;19/03/2026;Risolto al secondo livello;false;false;;false
CHIAMAROMA 060606;2026;19/03/2026;In carico a ente esterno;false;true;POLIZIA LOCALE DI ROMA CAPITALE;true
CHIAMAROMA 060606;2026;19/03/2026;Risolto al secondo livello;false;false;;false
CHIAMAROMA 060606;2026;19/03/2026;Non più necessario;false;false;;false
CHIAMAROMA 060606;2026;19/03/2026;In carico a ente esterno;false;true;POLIZIA LOCALE DI ROMA CAPITALE;true
MUNICIPIO III;2026;19/03/2026;Risolto al secondo livello;false;false;;false
MUNICIPIO IX;2026;19/03/2026;Non più necessario;false;false;;false
MUNICIPIO XI;2026;19/03/2026;In carico a ente esterno;false;true;POLIZIA LOCALE DI ROMA CAPITALE;false
BACK OFFICE ROMA CAPITALE;2026;19/03/2026;In carico a ente esterno;false;true;POLIZIA LOCALE DI ROMA CAPITALE;false
MUNICIPIO VIII;2026;19/03/2026;Risolto al secondo livello;false;false;;false
DIPARTIMENTO TUTELA AMBIENTALE;2026;19/03/2026;Non più necessario;false;false;;false
POLIZIA LOCALE DI ROMA CAPITALE;2026;19/03/2026;In carico a ente esterno;false;true;POLIZIA LOCALE DI ROMA CAPITALE;false
POLIZIA LOCALE DI ROMA CAPITALE;2026;19/03/2026;In carico a ente esterno;false;true;POLIZIA LOCALE DI ROMA CAPITALE;false
POLIZIA LOCALE DI ROMA CAPITALE;2026;19/03/2026;In carico a ente esterno;false;true;POLIZIA LOCALE DI ROMA CAPITALE;false
POLIZIA LOCALE DI ROMA CAPITALE;2026;19/03/2026;In carico a ente esterno;false;true;POLIZIA LOCALE DI ROMA CAPITALE;false
POLIZIA LOCALE DI ROMA CAPITALE;2026;19/03/2026;In carico a ente esterno;false;true;POLIZIA LOCALE DI ROMA CAPITALE;false
POLIZIA LOCALE DI ROMA CAPITALE;2026;19/03/2026;In carico a ente esterno;false;true;POLIZIA LOCALE DI ROMA CAPITALE;false
CHIAMAROMA 060606;2026;19/03/2026;Non più necessario;false;false;;false
BACK OFFICE ROMA CAPITALE;2026;19/03/2026;In carico a ente esterno;false;true;POLIZIA LOCALE DI ROMA CAPITALE;false
BACK OFFICE ROMA CAPITALE;2026;19/03/2026;In carico a ente esterno;false;true;POLIZIA LOCALE DI ROMA CAPITALE;false
CHIAMAROMA 060606;2026;19/03/2026;Risolto al secondo livello;false;false;;false
CHIAMAROMA 060606;2026;19/03/2026;Risolto al secondo livello;false;false;;false
CHIAMAROMA 060606;2026;19/03/2026;In carico a ente esterno;false;true;POLIZIA LOCALE DI ROMA CAPITALE;true
CHIAMAROMA 060606;2026;19/03/2026;In carico a ente esterno;false;true;POLIZIA LOCALE DI ROMA CAPITALE;true
CHIAMAROMA 060606;2026;19/03/2026;Risolto al primo livello;false;false;;false
CHIAMAROMA 060606;2026;19/03/2026;Risolto al secondo livello;false;false;;false
CHIAMAROMA 060606;2026;19/03/2026;Risolto al primo livello;false;false;;false
CHIAMAROMA 060606;2026;19/03/2026;Risolto al primo livello;false;false;;false
CHIAMAROMA 060606;2026;19/03/2026;Risolto al secondo livello;false;false;;false
CHIAMAROMA 060606;2026;19/03/2026;In carico a ente esterno;false;true;POLIZIA LOCALE DI ROMA CAPITALE;true
CHIAMAROMA 060606;2026;19/03/2026;Risolto al secondo livello;false;false;;false
CHIAMAROMA 060606;2026;19/03/2026;In carico a ente esterno;false;true;POLIZIA LOCALE DI ROMA CAPITALE;true
MUNICIPIO VII;2026;19/03/2026;Risolto al primo livello;false;false;;true
DIPARTIMENTO INFRASTRUTTURE E LAVORI PUBBLICI;2026;19/03/2026;Risolto al secondo livello;false;false;;false
CHIAMAROMA 060606;2026;19/03/2026;Risolto al secondo livello;false;false;;false
CHIAMAROMA 060606;2026;19/03/2026;Risolto da Ente Esterno;false;true;AEQUAROMA;false
CHIAMAROMA 060606;2026;19/03/2026;In carico a ente esterno;false;true;POLIZIA LOCALE DI ROMA CAPITALE;true
CHIAMAROMA 060606;2026;19/03/2026;Non più necessario;false;false;;false
CHIAMAROMA 060606;2026;19/03/2026;Risolto al secondo livello;false;false;;false
POLIZIA LOCALE DI ROMA CAPITALE;2026;19/03/2026;In carico a ente esterno;false;true;POLIZIA LOCALE DI ROMA CAPITALE;false
CHIAMAROMA 060606;2026;19/03/2026;In carico a ente esterno;false;true;POLIZIA LOCALE DI ROMA CAPITALE;true
CHIAMAROMA 060606;2026;19/03/2026;In carico a ente esterno;false;true;POLIZIA LOCALE DI ROMA CAPITALE;true
CHIAMAROMA 060606;2026;19/03/2026;Risolto al secondo livello;false;false;;false
CHIAMAROMA 060606;2026;19/03/2026;Risolto al secondo livello;false;false;;false
CHIAMAROMA 060606;2026;19/03/2026;Non più necessario;false;false;;false
CHIAMAROMA 060606;2026;19/03/2026;Non più necessario;false;false;;false
DIPARTIMENTO TUTELA AMBIENTALE;2026;19/03/2026;Non più necessario;false;false;;false
CHIAMAROMA 060606;2026;19/03/2026;Non più necessario;false;false;;false
CHIAMAROMA 060606;2026;19/03/2026;In carico a ente esterno;false;true;POLIZIA LOCALE DI ROMA CAPITALE;true
CHIAMAROMA 060606;2026;19/03/2026;Non più necessario;false;false;;false
DIPARTIMENTO TUTELA AMBIENTALE;2026;19/03/2026;Non più necessario;false;false;;false
CHIAMAROMA 060606;2026;19/03/2026;Risolto da Ente Esterno;false;true;AMA;false
CHIAMAROMA 060606;2026;19/03/2026;Risolto da Ente Esterno;false;true;AMA;false
CHIAMAROMA 060606;2026;19/03/2026;Risolto da Ente Esterno;false;true;AMA;false
CHIAMAROMA 060606;2026;19/03/2026;Risolto da Ente Esterno;false;true;AMA;false
CHIAMAROMA 060606;2026;19/03/2026;Risolto da Ente Esterno;false;true;AMA;false
CHIAMAROMA 060606;2026;19/03/2026;Risolto da Ente Esterno;false;true;AMA;false
CHIAMAROMA 060606;2026;19/03/2026;Risolto da Ente Esterno;false;true;AMA;false
CHIAMAROMA 060606;2026;19/03/2026;Risolto da Ente Esterno;false;true;AMA;false
CHIAMAROMA 060606;2026;19/03/2026;Risolto da Ente Esterno;false;true;AMA;false
CHIAMAROMA 060606;2026;19/03/2026;Risolto da Ente Esterno;false;true;AMA;false
AMA;2026;19/03/2026;Risolto da Ente Esterno;false;true;AMA;false
CHIAMAROMA 060606;2026;19/03/2026;Risolto da Ente Esterno;false;true;AMA;false
DIPARTIMENTO TUTELA AMBIENTALE;2026;19/03/2026;Non più necessario;false;false;;false
CHIAMAROMA 060606;2026;19/03/2026;In carico a ente esterno;false;true;POLIZIA LOCALE DI ROMA CAPITALE;true
POLIZIA LOCALE DI ROMA CAPITALE;2026;19/03/2026;In carico a ente esterno;false;true;POLIZIA LOCALE DI ROMA CAPITALE;false
POLIZIA LOCALE DI ROMA CAPITALE;2026;19/03/2026;In carico a ente esterno;false;true;POLIZIA LOCALE DI ROMA CAPITALE;false
CHIAMAROMA 060606;2026;19/03/2026;In carico a ente esterno;false;true;POLIZIA LOCALE DI ROMA CAPITALE;true
CHIAMAROMA 060606;2026;19/03/2026;Non più necessario;false;false;;false
CHIAMAROMA 060606;2026;19/03/2026;Non più necessario;false;false;;false
CHIAMAROMA 060606;2026;19/03/2026;Non più necessario;false;false;;false
CHIAMAROMA 060606;2026;19/03/2026;Non più necessario;false;false;;false
CHIAMAROMA 060606;2026;19/03/2026;Non più necessario;false;false;;false
CHIAMAROMA 060606;2026;19/03/2026;Non più necessario;false;false;;false
CHIAMAROMA 060606;2026;19/03/2026;Risolto al secondo livello;false;true;ATAC;false
CHIAMAROMA 060606;2026;19/03/2026;Risolto al secondo livello;false;true;ATAC;false
MUNICIPIO X;2026;19/03/2026;Risolto al primo livello;false;false;;false
CHIAMAROMA 060606;2026;19/03/2026;Risolto al secondo livello;false;true;ATAC;false
CHIAMAROMA 060606;2026;19/03/2026;Risolto al secondo livello;false;true;ATAC;false
CHIAMAROMA 060606;2026;19/03/2026;Risolto al secondo livello;false;true;ATAC;false
CHIAMAROMA 060606;2026;19/03/2026;Risolto al secondo livello;false;true;ATAC;false
CHIAMAROMA 060606;2026;19/03/2026;Risolto al secondo livello;false;true;ATAC;false
CHIAMAROMA 060606;2026;19/03/2026;Risolto al secondo livello;false;true;ATAC;false
CHIAMAROMA 060606;2026;19/03/2026;Risolto al secondo livello;false;true;ATAC;false
CHIAMAROMA 060606;2026;19/03/2026;Risolto al secondo livello;false;true;ATAC;false
GABINETTO DEL SINDACO;2026;19/03/2026;Risolto al secondo livello;false;true;ATAC;false
CHIAMAROMA 060606;2026;19/03/2026;Risolto al secondo livello;false;true;ATAC;false
CHIAMAROMA 060606;2026;19/03/2026;Risolto al secondo livello;false;true;ATAC;false
;2026;19/03/2026;Risolto al secondo livello;false;true;ATAC;false
CHIAMAROMA 060606;2026;19/03/2026;Risolto al secondo livello;false;true;ATAC;false
POLIZIA LOCALE DI ROMA CAPITALE;2026;19/03/2026;In carico a ente esterno;false;true;POLIZIA LOCALE DI ROMA CAPITALE;false
POLIZIA LOCALE DI ROMA CAPITALE;2026;19/03/2026;In carico a ente esterno;false;true;POLIZIA LOCALE DI ROMA CAPITALE;false
POLIZIA LOCALE DI ROMA CAPITALE;2026;19/03/2026;In carico a ente esterno;false;true;POLIZIA LOCALE DI ROMA CAPITALE;false
CHIAMAROMA 060606;2026;19/03/2026;In carico a ente esterno;false;true;POLIZIA LOCALE DI ROMA CAPITALE;true
CHIAMAROMA 060606;2026;19/03/2026;In carico a ente esterno;false;true;POLIZIA LOCALE DI ROMA CAPITALE;true
CHIAMAROMA 060606;2026;19/03/2026;In carico a ente esterno;false;true;POLIZIA LOCALE DI ROMA CAPITALE;true
CHIAMAROMA 060606;2026;19/03/2026;Risolto al secondo livello;false;false;;false
MUNICIPIO VIII;2026;19/03/2026;Risolto al secondo livello;false;false;;false
CHIAMAROMA 060606;2026;19/03/2026;In carico a ente esterno;false;true;POLIZIA LOCALE DI ROMA CAPITALE;true
POLIZIA LOCALE DI ROMA CAPITALE;2026;19/03/2026;In carico a ente esterno;false;true;POLIZIA LOCALE DI ROMA CAPITALE;false
POLIZIA LOCALE DI ROMA CAPITALE;2026;19/03/2026;In carico a ente esterno;false;true;POLIZIA LOCALE DI ROMA CAPITALE;false
POLIZIA LOCALE DI ROMA CAPITALE;2026;19/03/2026;In carico a ente esterno;false;true;POLIZIA LOCALE DI ROMA CAPITALE;false
POLIZIA LOCALE DI ROMA CAPITALE;2026;19/03/2026;In carico a ente esterno;false;true;POLIZIA LOCALE DI ROMA CAPITALE;false
POLIZIA LOCALE DI ROMA CAPITALE;2026;19/03/2026;In carico a ente esterno;false;true;POLIZIA LOCALE DI ROMA CAPITALE;false
CHIAMAROMA 060606;2026;19/03/2026;In carico a ente esterno;false;true;POLIZIA LOCALE DI ROMA CAPITALE;true
CHIAMAROMA 060606;2026;19/03/2026;In carico a ente esterno;false;true;POLIZIA LOCALE DI ROMA CAPITALE;true
CHIAMAROMA 060606;2026;19/03/2026;Risolto da Ente Esterno;false;true;AMA;false
CHIAMAROMA 060606;2026;19/03/2026;Risolto da Ente Esterno;false;true;AMA;false
CHIAMAROMA 060606;2026;19/03/2026;Risolto da Ente Esterno;false;true;AMA;false
POLIZIA LOCALE DI ROMA CAPITALE;2026;19/03/2026;In carico a ente esterno;false;true;POLIZIA LOCALE DI ROMA CAPITALE;false
POLIZIA LOCALE DI ROMA CAPITALE;2026;19/03/2026;In carico a ente esterno;false;true;POLIZIA LOCALE DI ROMA CAPITALE;false
POLIZIA LOCALE DI ROMA CAPITALE;2026;19/03/2026;In carico a ente esterno;false;true;POLIZIA LOCALE DI ROMA CAPITALE;false
POLIZIA LOCALE DI ROMA CAPITALE;2026;19/03/2026;In carico a ente esterno;false;true;POLIZIA LOCALE DI ROMA CAPITALE;false
POLIZIA LOCALE DI ROMA CAPITALE;2026;19/03/2026;In carico a ente esterno;false;true;POLIZIA LOCALE DI ROMA CAPITALE;false
CHIAMAROMA 060606;2026;19/03/2026;In carico a ente esterno;false;true;POLIZIA LOCALE DI ROMA CAPITALE;true
POLIZIA LOCALE DI ROMA CAPITALE;2026;19/03/2026;In carico a ente esterno;false;true;POLIZIA LOCALE DI ROMA CAPITALE;false
POLIZIA LOCALE DI ROMA CAPITALE;2026;19/03/2026;In carico a ente esterno;false;true;POLIZIA LOCALE DI ROMA CAPITALE;false
POLIZIA LOCALE DI ROMA CAPITALE;2026;19/03/2026;In carico a ente esterno;false;true;POLIZIA LOCALE DI ROMA CAPITALE;false
POLIZIA LOCALE DI ROMA CAPITALE;2026;19/03/2026;In carico a ente esterno;false;true;POLIZIA LOCALE DI ROMA CAPITALE;false
POLIZIA LOCALE DI ROMA CAPITALE;2026;19/03/2026;In carico a ente esterno;false;true;POLIZIA LOCALE DI ROMA CAPITALE;false
POLIZIA LOCALE DI ROMA CAPITALE;2026;19/03/2026;In carico a ente esterno;false;true;POLIZIA LOCALE DI ROMA CAPITALE;false
POLIZIA LOCALE DI ROMA CAPITALE;2026;19/03/2026;In carico a ente esterno;false;true;POLIZIA LOCALE DI ROMA CAPITALE;false
POLIZIA LOCALE DI ROMA CAPITALE;2026;19/03/2026;In carico a ente esterno;false;true;POLIZIA LOCALE DI ROMA CAPITALE;false
POLIZIA LOCALE DI ROMA CAPITALE;2026;19/03/2026;In carico a ente esterno;false;true;POLIZIA LOCALE DI ROMA CAPITALE;false
POLIZIA LOCALE DI ROMA CAPITALE;2026;19/03/2026;In carico a ente esterno;false;true;POLIZIA LOCALE DI ROMA CAPITALE;false
POLIZIA LOCALE DI ROMA CAPITALE;2026;19/03/2026;In carico a ente esterno;false;true;POLIZIA LOCALE DI ROMA CAPITALE;false
POLIZIA LOCALE DI ROMA CAPITALE;2026;19/03/2026;In carico a ente esterno;false;true;POLIZIA LOCALE DI ROMA CAPITALE;false
POLIZIA LOCALE DI ROMA CAPITALE;2026;19/03/2026;In carico a ente esterno;false;true;POLIZIA LOCALE DI ROMA CAPITALE;false
POLIZIA LOCALE DI ROMA CAPITALE;2026;19/03/2026;In carico a ente esterno;false;true;POLIZIA LOCALE DI ROMA CAPITALE;false
POLIZIA LOCALE DI ROMA CAPITALE;2026;19/03/2026;In carico a ente esterno;false;true;POLIZIA LOCALE DI ROMA CAPITALE;false
POLIZIA LOCALE DI ROMA CAPITALE;2026;19/03/2026;In carico a ente esterno;false;true;POLIZIA LOCALE DI ROMA CAPITALE;false
POLIZIA LOCALE DI ROMA CAPITALE;2026;19/03/2026;In carico a ente esterno;false;true;POLIZIA LOCALE DI ROMA CAPITALE;false
POLIZIA LOCALE DI ROMA CAPITALE;2026;19/03/2026;In carico a ente esterno;false;true;POLIZIA LOCALE DI ROMA CAPITALE;false
POLIZIA LOCALE DI ROMA CAPITALE;2026;19/03/2026;In carico a ente esterno;false;true;POLIZIA LOCALE DI ROMA CAPITALE;false
POLIZIA LOCALE DI ROMA CAPITALE;2026;19/03/2026;In carico a ente esterno;false;true;POLIZIA LOCALE DI ROMA CAPITALE;false
POLIZIA LOCALE DI ROMA CAPITALE;2026;19/03/2026;In carico a ente esterno;false;true;POLIZIA LOCALE DI ROMA CAPITALE;false
POLIZIA LOCALE DI ROMA CAPITALE;2026;20/03/2026;In carico a ente esterno;false;true;POLIZIA LOCALE DI ROMA CAPITALE;false
POLIZIA LOCALE DI ROMA CAPITALE;2026;20/03/2026;In carico a ente esterno;false;true;POLIZIA LOCALE DI ROMA CAPITALE;false
POLIZIA LOCALE DI ROMA CAPITALE;2026;20/03/2026;In carico a ente esterno;false;true;POLIZIA LOCALE DI ROMA CAPITALE;false
CHIAMAROMA 060606;2026;20/03/2026;Risolto da Ente Esterno;false;true;AMA;false
CHIAMAROMA 060606;2026;20/03/2026;Risolto da Ente Esterno;false;true;AMA;false
CHIAMAROMA 060606;2026;20/03/2026;Risolto da Ente Esterno;false;true;AMA;false
CHIAMAROMA 060606;2026;20/03/2026;Risolto da Ente Esterno;false;true;AMA;false
CHIAMAROMA 060606;2026;20/03/2026;Risolto da Ente Esterno;false;true;AMA;false
POLIZIA LOCALE DI ROMA CAPITALE;2026;20/03/2026;In carico a ente esterno;false;true;POLIZIA LOCALE DI ROMA CAPITALE;false
CHIAMAROMA 060606;2026;20/03/2026;Risolto da Ente Esterno;false;true;AMA;false
CHIAMAROMA 060606;2026;20/03/2026;Risolto da Ente Esterno;false;true;AMA;false
CHIAMAROMA 060606;2026;20/03/2026;Risolto da Ente Esterno;false;true;AMA;false
CHIAMAROMA 060606;2026;20/03/2026;Risolto da Ente Esterno;false;true;AMA;false
BACK OFFICE ROMA CAPITALE;2026;20/03/2026;Risolto da Ente Esterno;false;true;AMA;false
CHIAMAROMA 060606;2026;20/03/2026;Risolto da Ente Esterno;false;true;AMA;false
CHIAMAROMA 060606;2026;20/03/2026;Risolto da Ente Esterno;false;true;AMA;false
AMA;2026;20/03/2026;Risolto da Ente Esterno;false;true;AMA;false
CHIAMAROMA 060606;2026;20/03/2026;Risolto da Ente Esterno;false;true;AMA;false
CHIAMAROMA 060606;2026;20/03/2026;Risolto da Ente Esterno;false;true;AMA;false
CHIAMAROMA 060606;2026;20/03/2026;Risolto da Ente Esterno;false;true;AMA;false
CHIAMAROMA 060606;2026;20/03/2026;Risolto da Ente Esterno;false;true;AMA;false
CHIAMAROMA 060606;2026;20/03/2026;Risolto da Ente Esterno;false;true;AMA;false
DIPARTIMENTO TUTELA AMBIENTALE;2026;20/03/2026;Risolto da Ente Esterno;false;true;AMA;false
AMA;2026;20/03/2026;Risolto da Ente Esterno;false;true;AMA;false
AMA;2026;20/03/2026;Risolto da Ente Esterno;false;true;AMA;false
CHIAMAROMA 060606;2026;20/03/2026;Risolto da Ente Esterno;false;true;AMA;false
CHIAMAROMA 060606;2026;20/03/2026;Risolto da Ente Esterno;false;true;AMA;false
CHIAMAROMA 060606;2026;20/03/2026;Risolto da Ente Esterno;false;true;AMA;false
CHIAMAROMA 060606;2026;20/03/2026;Risolto da Ente Esterno;false;true;AMA;false
CHIAMAROMA 060606;2026;20/03/2026;Risolto da Ente Esterno;false;true;AMA;false
CHIAMAROMA 060606;2026;20/03/2026;Risolto da Ente Esterno;false;true;AMA;false
AMA;2026;20/03/2026;Risolto da Ente Esterno;false;true;AMA;false
CHIAMAROMA 060606;2026;20/03/2026;Risolto da Ente Esterno;false;true;AMA;false
CHIAMAROMA 060606;2026;20/03/2026;Risolto da Ente Esterno;false;true;AMA;false
MUNICIPIO VII;2026;20/03/2026;Risolto da Ente Esterno;false;true;AMA;false
CHIAMAROMA 060606;2026;20/03/2026;Risolto da Ente Esterno;false;true;AMA;false
CHIAMAROMA 060606;2026;20/03/2026;Risolto da Ente Esterno;false;true;AMA;false
CHIAMAROMA 060606;2026;20/03/2026;Risolto da Ente Esterno;false;true;AMA;false
CHIAMAROMA 060606;2026;20/03/2026;Risolto da Ente Esterno;false;true;AMA;false
CHIAMAROMA 060606;2026;20/03/2026;In carico a ente esterno;false;true;POLIZIA LOCALE DI ROMA CAPITALE;true
POLIZIA LOCALE DI ROMA CAPITALE;2026;20/03/2026;In carico a ente esterno;false;true;POLIZIA LOCALE DI ROMA CAPITALE;false
CHIAMAROMA 060606;2026;20/03/2026;Risolto al secondo livello;false;false;;false
POLIZIA LOCALE DI ROMA CAPITALE;2026;20/03/2026;Risolto al secondo livello;false;false;;false
RAGIONERIA GENERALE;2026;20/03/2026;Risolto al secondo livello;false;false;;false
CHIAMAROMA 060606;2026;20/03/2026;In carico a ente esterno;false;true;POLIZIA LOCALE DI ROMA CAPITALE;true
DIPARTIMENTO INFRASTRUTTURE E LAVORI PUBBLICI;2026;20/03/2026;Risolto al secondo livello;false;false;;false
CHIAMAROMA 060606;2026;20/03/2026;Risolto al secondo livello;false;false;;false
CHIAMAROMA 060606;2026;20/03/2026;In carico a ente esterno;false;true;POLIZIA LOCALE DI ROMA CAPITALE;true
CHIAMAROMA 060606;2026;20/03/2026;Risolto al secondo livello;false;false;;false
;2026;20/03/2026;Risolto al primo livello;false;false;;false
CHIAMAROMA 060606;2026;20/03/2026;Risolto al secondo livello;false;false;;false
CHIAMAROMA 060606;2026;20/03/2026;Risolto al secondo livello;false;false;;false
CHIAMAROMA 060606;2026;20/03/2026;Risolto al secondo livello;false;false;;false
CHIAMAROMA 060606;2026;20/03/2026;In carico a ente esterno;false;true;POLIZIA LOCALE DI ROMA CAPITALE;true
POLIZIA LOCALE DI ROMA CAPITALE;2026;20/03/2026;In carico a ente esterno;false;true;POLIZIA LOCALE DI ROMA CAPITALE;false
POLIZIA LOCALE DI ROMA CAPITALE;2026;20/03/2026;In carico a ente esterno;false;true;POLIZIA LOCALE DI ROMA CAPITALE;false
POLIZIA LOCALE DI ROMA CAPITALE;2026;20/03/2026;In carico a ente esterno;false;true;POLIZIA LOCALE DI ROMA CAPITALE;false
POLIZIA LOCALE DI ROMA CAPITALE;2026;20/03/2026;In carico a ente esterno;false;true;POLIZIA LOCALE DI ROMA CAPITALE;false
CHIAMAROMA 060606;2026;20/03/2026;Non più necessario;false;false;;false
CHIAMAROMA 060606;2026;20/03/2026;Risolto al secondo livello;false;false;;false
CHIAMAROMA 060606;2026;20/03/2026;Risolto al secondo livello;false;false;;false
RAGIONERIA GENERALE;2026;20/03/2026;Risolto al secondo livello;false;false;;false
RAGIONERIA GENERALE;2026;20/03/2026;Risolto al secondo livello;false;false;;false
CHIAMAROMA 060606;2026;20/03/2026;In carico a ente esterno;false;true;POLIZIA LOCALE DI ROMA CAPITALE;true
BACK OFFICE ROMA CAPITALE;2026;20/03/2026;Risolto al secondo livello;false;false;;false
BACK OFFICE ROMA CAPITALE;2026;20/03/2026;Risolto al secondo livello;false;false;;false
BACK OFFICE ROMA CAPITALE;2026;20/03/2026;Risolto al secondo livello;false;false;;false
CHIAMAROMA 060606;2026;20/03/2026;Risolto al secondo livello;false;false;;false
BACK OFFICE ROMA CAPITALE;2026;20/03/2026;Risolto al secondo livello;false;false;;false
RAGIONERIA GENERALE;2026;20/03/2026;Risolto al secondo livello;false;false;;false
CHIAMAROMA 060606;2026;20/03/2026;Risolto al secondo livello;false;false;;false
CHIAMAROMA 060606;2026;20/03/2026;Risolto al secondo livello;false;false;;false
BACK OFFICE ROMA CAPITALE;2026;20/03/2026;Risolto al secondo livello;false;false;;false
CHIAMAROMA 060606;2026;20/03/2026;Risolto al secondo livello;false;false;;false
DIPARTIMENTO TUTELA AMBIENTALE;2026;20/03/2026;Risolto al secondo livello;false;false;;false
CHIAMAROMA 060606;2026;20/03/2026;Risolto al secondo livello;false;false;;false
CHIAMAROMA 060606;2026;20/03/2026;Risolto al secondo livello;false;false;;false
DIPARTIMENTO TUTELA AMBIENTALE;2026;20/03/2026;Risolto al secondo livello;false;false;;false
MUNICIPIO III;2026;20/03/2026;Risolto al secondo livello;false;false;;false
MUNICIPIO III;2026;20/03/2026;Risolto al secondo livello;false;false;;false
CHIAMAROMA 060606;2026;20/03/2026;Risolto al secondo livello;false;false;;false
CHIAMAROMA 060606;2026;20/03/2026;In carico a ente esterno;false;true;POLIZIA LOCALE DI ROMA CAPITALE;true
CHIAMAROMA 060606;2026;20/03/2026;Risolto al secondo livello;false;true;AMA;false
CHIAMAROMA 060606;2026;20/03/2026;Risolto al secondo livello;false;true;AMA;false
CHIAMAROMA 060606;2026;20/03/2026;Risolto al secondo livello;false;true;AMA;false
CHIAMAROMA 060606;2026;20/03/2026;In carico a ente esterno;false;true;POLIZIA LOCALE DI ROMA CAPITALE;true
;2026;20/03/2026;In carico a ente esterno;false;true;POLIZIA LOCALE DI ROMA CAPITALE;false
CHIAMAROMA 060606;2026;20/03/2026;In carico a ente esterno;false;true;POLIZIA LOCALE DI ROMA CAPITALE;true
CHIAMAROMA 060606;2026;20/03/2026;In carico a ente esterno;false;true;POLIZIA LOCALE DI ROMA CAPITALE;true
CHIAMAROMA 060606;2026;20/03/2026;In carico a ente esterno;false;true;POLIZIA LOCALE DI ROMA CAPITALE;true
CHIAMAROMA 060606;2026;20/03/2026;In carico a ente esterno;false;true;POLIZIA LOCALE DI ROMA CAPITALE;true
CHIAMAROMA 060606;2026;20/03/2026;Risolto al secondo livello;false;false;;false
CHIAMAROMA 060606;2026;20/03/2026;Risolto al secondo livello;false;false;;false
CHIAMAROMA 060606;2026;20/03/2026;Risolto al secondo livello;false;false;;false
POLIZIA LOCALE (11° Gruppo MARCONI);2026;20/03/2026;Non più necessario;false;false;;false
BACK OFFICE ROMA CAPITALE;2026;20/03/2026;Risolto al secondo livello;false;false;;false
CHIAMAROMA 060606;2026;20/03/2026;In carico a ente esterno;false;true;POLIZIA LOCALE DI ROMA CAPITALE;true
DIPARTIMENTO TUTELA AMBIENTALE;2026;20/03/2026;Risolto al secondo livello;false;false;;false
DIPARTIMENTO TUTELA AMBIENTALE;2026;20/03/2026;Risolto al secondo livello;false;false;;false
CHIAMAROMA 060606;2026;20/03/2026;Risolto al secondo livello;false;false;;false
CHIAMAROMA 060606;2026;20/03/2026;Risolto al secondo livello;false;false;;false
CHIAMAROMA 060606;2026;20/03/2026;Risolto al secondo livello;false;false;;false
CHIAMAROMA 060606;2026;20/03/2026;Risolto al secondo livello;false;false;;false
CHIAMAROMA 060606;2026;20/03/2026;Risolto al secondo livello;false;false;;false
CHIAMAROMA 060606;2026;20/03/2026;Risolto al secondo livello;false;false;;false
CHIAMAROMA 060606;2026;20/03/2026;Risolto al secondo livello;false;true;AMA;false
CHIAMAROMA 060606;2026;20/03/2026;Risolto al secondo livello;false;false;;false
CHIAMAROMA 060606;2026;20/03/2026;In carico a ente esterno;false;true;POLIZIA LOCALE DI ROMA CAPITALE;true
CHIAMAROMA 060606;2026;20/03/2026;In carico a ente esterno;false;true;POLIZIA LOCALE DI ROMA CAPITALE;true
CHIAMAROMA 060606;2026;20/03/2026;In carico a ente esterno;false;true;POLIZIA LOCALE DI ROMA CAPITALE;true
CHIAMAROMA 060606;2026;20/03/2026;In carico a ente esterno;false;true;POLIZIA LOCALE DI ROMA CAPITALE;true
CHIAMAROMA 060606;2026;20/03/2026;Risolto al secondo livello;false;false;;false
CHIAMAROMA 060606;2026;20/03/2026;In carico a ente esterno;false;true;POLIZIA LOCALE DI ROMA CAPITALE;true
RAGIONERIA GENERALE;2026;20/03/2026;Risolto al secondo livello;false;false;;false
CHIAMAROMA 060606;2026;20/03/2026;Risolto da Ente Esterno;false;true;AMA;false
CHIAMAROMA 060606;2026;20/03/2026;Risolto da Ente Esterno;false;true;AMA;false
CHIAMAROMA 060606;2026;20/03/2026;In carico a ente esterno;false;true;POLIZIA LOCALE DI ROMA CAPITALE;true
CHIAMAROMA 060606;2026;20/03/2026;Risolto da Ente Esterno;false;true;AMA;false
CHIAMAROMA 060606;2026;20/03/2026;Risolto da Ente Esterno;false;true;AMA;false
CHIAMAROMA 060606;2026;20/03/2026;Risolto da Ente Esterno;false;true;AMA;false
CHIAMAROMA 060606;2026;20/03/2026;Risolto da Ente Esterno;false;true;AMA;false
CHIAMAROMA 060606;2026;20/03/2026;Risolto da Ente Esterno;false;true;AMA;false
CHIAMAROMA 060606;2026;20/03/2026;Risolto da Ente Esterno;false;true;AMA;false
POLIZIA LOCALE DI ROMA CAPITALE;2026;20/03/2026;In carico a ente esterno;false;true;POLIZIA LOCALE DI ROMA CAPITALE;false
POLIZIA LOCALE DI ROMA CAPITALE;2026;20/03/2026;In carico a ente esterno;false;true;POLIZIA LOCALE DI ROMA CAPITALE;false
POLIZIA LOCALE DI ROMA CAPITALE;2026;20/03/2026;In carico a ente esterno;false;true;POLIZIA LOCALE DI ROMA CAPITALE;false
POLIZIA LOCALE DI ROMA CAPITALE;2026;20/03/2026;In carico a ente esterno;false;true;POLIZIA LOCALE DI ROMA CAPITALE;false
POLIZIA LOCALE DI ROMA CAPITALE;2026;20/03/2026;In carico a ente esterno;false;true;POLIZIA LOCALE DI ROMA CAPITALE;false
POLIZIA LOCALE DI ROMA CAPITALE;2026;20/03/2026;In carico a ente esterno;false;true;POLIZIA LOCALE DI ROMA CAPITALE;false
POLIZIA LOCALE DI ROMA CAPITALE;2026;20/03/2026;In carico a ente esterno;false;true;POLIZIA LOCALE DI ROMA CAPITALE;false
CHIAMAROMA 060606;2026;20/03/2026;In carico a ente esterno;false;true;POLIZIA LOCALE DI ROMA CAPITALE;true
RAGIONERIA GENERALE;2026;20/03/2026;Risolto al secondo livello;false;false;;false
CHIAMAROMA 060606;2026;20/03/2026;In carico a ente esterno;false;true;POLIZIA LOCALE DI ROMA CAPITALE;true
CHIAMAROMA 060606;2026;20/03/2026;In carico a ente esterno;false;true;POLIZIA LOCALE DI ROMA CAPITALE;true
CHIAMAROMA 060606;2026;20/03/2026;Risolto al secondo livello;false;true;AMA;false
CHIAMAROMA 060606;2026;20/03/2026;Risolto al primo livello;false;false;;true
POLIZIA LOCALE DI ROMA CAPITALE;2026;20/03/2026;Risolto al secondo livello;false;false;;false
CHIAMAROMA 060606;2026;20/03/2026;In carico a ente esterno;false;true;POLIZIA LOCALE DI ROMA CAPITALE;true
CHIAMAROMA 060606;2026;20/03/2026;In carico a ente esterno;false;true;POLIZIA LOCALE DI ROMA CAPITALE;true
POLIZIA LOCALE DI ROMA CAPITALE;2026;20/03/2026;In carico a ente esterno;false;true;POLIZIA LOCALE DI ROMA CAPITALE;false
CHIAMAROMA 060606;2026;20/03/2026;In carico a ente esterno;false;true;POLIZIA LOCALE DI ROMA CAPITALE;true
CHIAMAROMA 060606;2026;20/03/2026;Risolto al secondo livello;false;false;;false
CHIAMAROMA 060606;2026;20/03/2026;Risolto al secondo livello;false;false;;false
CHIAMAROMA 060606;2026;20/03/2026;Risolto al primo livello;false;false;;false
CHIAMAROMA 060606;2026;20/03/2026;In carico a ente esterno;false;true;POLIZIA LOCALE DI ROMA CAPITALE;true
CHIAMAROMA 060606;2026;20/03/2026;In carico a ente esterno;false;true;POLIZIA LOCALE DI ROMA CAPITALE;true
CHIAMAROMA 060606;2026;20/03/2026;In carico a ente esterno;false;true;POLIZIA LOCALE DI ROMA CAPITALE;true
CHIAMAROMA 060606;2026;20/03/2026;Risolto al primo livello;false;false;;false
DIPARTIMENTO TUTELA AMBIENTALE;2026;20/03/2026;Risolto al secondo livello;false;false;;false
CHIAMAROMA 060606;2026;20/03/2026;In carico a ente esterno;false;true;POLIZIA LOCALE DI ROMA CAPITALE;true
CHIAMAROMA 060606;2026;20/03/2026;Risolto al secondo livello;false;false;;false
CHIAMAROMA 060606;2026;20/03/2026;Risolto al secondo livello;false;true;AMA;false
CHIAMAROMA 060606;2026;20/03/2026;Risolto al secondo livello;false;false;;false
CHIAMAROMA 060606;2026;20/03/2026;Risolto al primo livello;false;false;;false
CHIAMAROMA 060606;2026;20/03/2026;Risolto al secondo livello;false;false;;false
CHIAMAROMA 060606;2026;20/03/2026;Risolto al secondo livello;false;false;;false
DIPARTIMENTO TUTELA AMBIENTALE;2026;20/03/2026;Risolto al secondo livello;false;false;;false
CHIAMAROMA 060606;2026;20/03/2026;Risolto al secondo livello;false;true;AMA;false
CHIAMAROMA 060606;2026;20/03/2026;In carico a ente esterno;false;true;POLIZIA LOCALE DI ROMA CAPITALE;true
DIPARTIMENTO TUTELA AMBIENTALE;2026;20/03/2026;Risolto al secondo livello;false;false;;false
CHIAMAROMA 060606;2026;20/03/2026;Risolto al secondo livello;false;true;AMA;false
MUNICIPIO VII;2026;20/03/2026;Risolto al primo livello;false;false;;false
CHIAMAROMA 060606;2026;20/03/2026;Risolto al secondo livello;false;false;;false
CHIAMAROMA 060606;2026;20/03/2026;Risolto al secondo livello;false;false;;false
CHIAMAROMA 060606;2026;20/03/2026;Risolto al secondo livello;false;false;;false
CHIAMAROMA 060606;2026;20/03/2026;Risolto al secondo livello;false;false;;false
CHIAMAROMA 060606;2026;20/03/2026;In carico a ente esterno;false;true;POLIZIA LOCALE DI ROMA CAPITALE;true
CHIAMAROMA 060606;2026;20/03/2026;Risolto al secondo livello;false;false;;false
MUNICIPIO III;2026;20/03/2026;Risolto al secondo livello;false;false;;false
POLIZIA LOCALE DI ROMA CAPITALE;2026;20/03/2026;In carico a ente esterno;false;true;POLIZIA LOCALE DI ROMA CAPITALE;false
POLIZIA LOCALE DI ROMA CAPITALE;2026;20/03/2026;In carico a ente esterno;false;true;POLIZIA LOCALE DI ROMA CAPITALE;false
POLIZIA LOCALE DI ROMA CAPITALE;2026;20/03/2026;In carico a ente esterno;false;true;POLIZIA LOCALE DI ROMA CAPITALE;false
POLIZIA LOCALE DI ROMA CAPITALE;2026;20/03/2026;In carico a ente esterno;false;true;POLIZIA LOCALE DI ROMA CAPITALE;false
POLIZIA LOCALE DI ROMA CAPITALE;2026;20/03/2026;In carico a ente esterno;false;true;POLIZIA LOCALE DI ROMA CAPITALE;false
POLIZIA LOCALE DI ROMA CAPITALE;2026;20/03/2026;In carico a ente esterno;false;true;POLIZIA LOCALE DI ROMA CAPITALE;false
POLIZIA LOCALE DI ROMA CAPITALE;2026;20/03/2026;In carico a ente esterno;false;true;POLIZIA LOCALE DI ROMA CAPITALE;false
POLIZIA LOCALE DI ROMA CAPITALE;2026;20/03/2026;In carico a ente esterno;false;true;POLIZIA LOCALE DI ROMA CAPITALE;false
CHIAMAROMA 060606;2026;20/03/2026;Risolto al primo livello;false;false;;false
CHIAMAROMA 060606;2026;20/03/2026;Risolto al secondo livello;false;false;;false
CHIAMAROMA 060606;2026;20/03/2026;Risolto al secondo livello;false;false;;false
MUNICIPIO VII;2026;20/03/2026;Risolto al primo livello;false;false;;false
CHIAMAROMA 060606;2026;20/03/2026;In carico a ente esterno;false;true;POLIZIA LOCALE DI ROMA CAPITALE;true
CHIAMAROMA 060606;2026;20/03/2026;Risolto al secondo livello;false;false;;false
MUNICIPIO I;2026;20/03/2026;In carico a ente esterno;false;true;POLIZIA LOCALE DI ROMA CAPITALE;false
CHIAMAROMA 060606;2026;20/03/2026;Risolto al secondo livello;false;false;;false
CHIAMAROMA 060606;2026;20/03/2026;Non più necessario;false;false;;false
CHIAMAROMA 060606;2026;20/03/2026;Non più necessario;false;false;;false
CHIAMAROMA 060606;2026;20/03/2026;Non lavorabile o dati insufficienti;false;false;;false
CHIAMAROMA 060606;2026;20/03/2026;In carico a ente esterno;false;true;POLIZIA LOCALE DI ROMA CAPITALE;true
CHIAMAROMA 060606;2026;20/03/2026;In carico a ente esterno;false;true;POLIZIA LOCALE DI ROMA CAPITALE;true
CHIAMAROMA 060606;2026;20/03/2026;Risolto al primo livello;false;false;;false
CHIAMAROMA 060606;2026;20/03/2026;Risolto da Ente Esterno;false;true;AMA;false
BACK OFFICE ROMA CAPITALE;2026;20/03/2026;Risolto da Ente Esterno;false;true;AMA;false
CHIAMAROMA 060606;2026;20/03/2026;Risolto da Ente Esterno;false;true;AMA;false
CHIAMAROMA 060606;2026;20/03/2026;Risolto da Ente Esterno;false;true;AMA;false
CHIAMAROMA 060606;2026;20/03/2026;Risolto da Ente Esterno;false;true;AMA;false
CHIAMAROMA 060606;2026;20/03/2026;Risolto da Ente Esterno;false;true;AMA;false
CHIAMAROMA 060606;2026;20/03/2026;Risolto da Ente Esterno;false;true;AMA;false
CHIAMAROMA 060606;2026;20/03/2026;Risolto da Ente Esterno;false;true;AMA;false
CHIAMAROMA 060606;2026;20/03/2026;Risolto da Ente Esterno;false;true;AMA;false
CHIAMAROMA 060606;2026;20/03/2026;Risolto da Ente Esterno;false;true;AMA;false
AMA;2026;20/03/2026;Risolto da Ente Esterno;false;true;AMA;false
CHIAMAROMA 060606;2026;20/03/2026;Risolto da Ente Esterno;false;true;AMA;false
CHIAMAROMA 060606;2026;20/03/2026;Risolto da Ente Esterno;false;true;AMA;false
CHIAMAROMA 060606;2026;20/03/2026;Risolto da Ente Esterno;false;true;AMA;false
POLIZIA LOCALE DI ROMA CAPITALE;2026;20/03/2026;In carico a ente esterno;false;true;POLIZIA LOCALE DI ROMA CAPITALE;false
POLIZIA LOCALE DI ROMA CAPITALE;2026;20/03/2026;In carico a ente esterno;false;true;POLIZIA LOCALE DI ROMA CAPITALE;false
DIPARTIMENTO TUTELA AMBIENTALE;2026;20/03/2026;Risolto al secondo livello;false;false;;false
CHIAMAROMA 060606;2026;20/03/2026;In carico a ente esterno;false;true;POLIZIA LOCALE DI ROMA CAPITALE;true
CHIAMAROMA 060606;2026;20/03/2026;Risolto al primo livello;false;false;;true
MUNICIPIO X;2026;20/03/2026;Risolto al primo livello;false;false;;false
CHIAMAROMA 060606;2026;20/03/2026;In carico a ente esterno;false;true;POLIZIA LOCALE DI ROMA CAPITALE;true
CHIAMAROMA 060606;2026;20/03/2026;Risolto al secondo livello;false;false;;false
CHIAMAROMA 060606;2026;20/03/2026;Risolto al secondo livello;false;false;;false
CHIAMAROMA 060606;2026;20/03/2026;Risolto al secondo livello;false;false;;false
CHIAMAROMA 060606;2026;20/03/2026;In carico a ente esterno;false;true;POLIZIA LOCALE DI ROMA CAPITALE;true
CHIAMAROMA 060606;2026;20/03/2026;In carico a ente esterno;false;true;POLIZIA LOCALE DI ROMA CAPITALE;true
MUNICIPIO IX;2026;20/03/2026;Risolto al secondo livello;false;false;;false
CHIAMAROMA 060606;2026;20/03/2026;Risolto al secondo livello;false;false;;false
POLIZIA LOCALE DI ROMA CAPITALE;2026;20/03/2026;In carico a ente esterno;false;true;POLIZIA LOCALE DI ROMA CAPITALE;false
POLIZIA LOCALE DI ROMA CAPITALE;2026;20/03/2026;In carico a ente esterno;false;true;POLIZIA LOCALE DI ROMA CAPITALE;false
POLIZIA LOCALE DI ROMA CAPITALE;2026;20/03/2026;In carico a ente esterno;false;true;POLIZIA LOCALE DI ROMA CAPITALE;false
;2026;20/03/2026;In carico a ente esterno;false;false;;false
MUNICIPIO IX;2026;20/03/2026;Risolto al secondo livello;false;false;;false
CHIAMAROMA 060606;2026;20/03/2026;In carico a ente esterno;false;true;POLIZIA LOCALE DI ROMA CAPITALE;true
CHIAMAROMA 060606;2026;20/03/2026;In carico a ente esterno;false;true;POLIZIA LOCALE DI ROMA CAPITALE;true
CHIAMAROMA 060606;2026;20/03/2026;Risolto al secondo livello;false;false;;false
CHIAMAROMA 060606;2026;20/03/2026;Risolto al secondo livello;false;false;;false
CHIAMAROMA 060606;2026;20/03/2026;In carico a ente esterno;false;true;POLIZIA LOCALE DI ROMA CAPITALE;true
CHIAMAROMA 060606;2026;20/03/2026;In carico a ente esterno;false;true;POLIZIA LOCALE DI ROMA CAPITALE;true
BACK OFFICE ROMA CAPITALE;2026;20/03/2026;In carico a ente esterno;false;true;POLIZIA LOCALE DI ROMA CAPITALE;false
BACK OFFICE ROMA CAPITALE;2026;20/03/2026;In carico a ente esterno;false;true;POLIZIA LOCALE DI ROMA CAPITALE;false
CHIAMAROMA 060606;2026;20/03/2026;In carico a ente esterno;false;true;POLIZIA LOCALE DI ROMA CAPITALE;true
BACK OFFICE ROMA CAPITALE;2026;20/03/2026;In carico a ente esterno;false;true;POLIZIA LOCALE DI ROMA CAPITALE;false
CHIAMAROMA 060606;2026;20/03/2026;Risolto al secondo livello;false;false;;false
CHIAMAROMA 060606;2026;20/03/2026;Risolto al secondo livello;false;false;;false
CHIAMAROMA 060606;2026;20/03/2026;Risolto al secondo livello;false;false;;false
POLIZIA LOCALE (COMANDO GENERALE);2026;20/03/2026;Risolto al primo livello;false;false;;false
CHIAMAROMA 060606;2026;20/03/2026;Risolto al secondo livello;false;false;;false
MUNICIPIO I;2026;20/03/2026;Risolto al primo livello;false;false;;false
CHIAMAROMA 060606;2026;20/03/2026;Risolto al secondo livello;false;false;;false
POLIZIA LOCALE DI ROMA CAPITALE;2026;20/03/2026;In carico a ente esterno;false;true;POLIZIA LOCALE DI ROMA CAPITALE;false
POLIZIA LOCALE DI ROMA CAPITALE;2026;20/03/2026;In carico a ente esterno;false;true;POLIZIA LOCALE DI ROMA CAPITALE;false
POLIZIA LOCALE DI ROMA CAPITALE;2026;20/03/2026;In carico a ente esterno;false;true;POLIZIA LOCALE DI ROMA CAPITALE;false
CHIAMAROMA 060606;2026;20/03/2026;Risolto al primo livello;false;false;;false
CHIAMAROMA 060606;2026;20/03/2026;In carico a ente esterno;false;true;POLIZIA LOCALE DI ROMA CAPITALE;true
CHIAMAROMA 060606;2026;20/03/2026;Risolto al primo livello;false;false;;true
CHIAMAROMA 060606;2026;20/03/2026;Risolto al secondo livello;false;false;;false
MUNICIPIO IX;2026;20/03/2026;Risolto al secondo livello;false;false;;false
CHIAMAROMA 060606;2026;20/03/2026;Risolto al secondo livello;false;false;;false
DIPARTIMENTO TUTELA AMBIENTALE;2026;20/03/2026;Risolto al secondo livello;false;false;;false
CHIAMAROMA 060606;2026;20/03/2026;Risolto da Ente Esterno;false;true;AMA;false
CHIAMAROMA 060606;2026;20/03/2026;Risolto da Ente Esterno;false;true;AMA;false
CHIAMAROMA 060606;2026;20/03/2026;Risolto da Ente Esterno;false;true;AMA;false
CHIAMAROMA 060606;2026;20/03/2026;Risolto da Ente Esterno;false;true;AMA;false
CHIAMAROMA 060606;2026;20/03/2026;Risolto da Ente Esterno;false;true;AMA;false
CHIAMAROMA 060606;2026;20/03/2026;Risolto da Ente Esterno;false;true;AMA;false
AMA;2026;20/03/2026;Risolto da Ente Esterno;false;true;AMA;false
CHIAMAROMA 060606;2026;20/03/2026;Risolto da Ente Esterno;false;true;AMA;false
AMA;2026;20/03/2026;Risolto da Ente Esterno;false;true;AMA;false
CHIAMAROMA 060606;2026;20/03/2026;Risolto da Ente Esterno;false;true;AMA;false
CHIAMAROMA 060606;2026;20/03/2026;Risolto da Ente Esterno;false;true;AMA;false
CHIAMAROMA 060606;2026;20/03/2026;Risolto da Ente Esterno;false;true;AMA;false
CHIAMAROMA 060606;2026;20/03/2026;Risolto da Ente Esterno;false;true;AMA;false
CHIAMAROMA 060606;2026;20/03/2026;Risolto da Ente Esterno;false;true;AMA;false
CHIAMAROMA 060606;2026;20/03/2026;Risolto da Ente Esterno;false;true;AMA;false
AMA;2026;20/03/2026;Risolto da Ente Esterno;false;true;AMA;false
CHIAMAROMA 060606;2026;20/03/2026;Risolto da Ente Esterno;false;true;AMA;false
BACK OFFICE ROMA CAPITALE;2026;20/03/2026;Risolto da Ente Esterno;false;true;AMA;false
BACK OFFICE ROMA CAPITALE;2026;20/03/2026;Risolto da Ente Esterno;false;true;AMA;false
BACK OFFICE ROMA CAPITALE;2026;20/03/2026;Risolto da Ente Esterno;false;true;AMA;false
BACK OFFICE ROMA CAPITALE;2026;20/03/2026;Risolto da Ente Esterno;false;true;AMA;false
CHIAMAROMA 060606;2026;20/03/2026;Risolto da Ente Esterno;false;true;AMA;false
CHIAMAROMA 060606;2026;20/03/2026;Risolto da Ente Esterno;false;true;AMA;false
CHIAMAROMA 060606;2026;20/03/2026;Risolto da Ente Esterno;false;true;AMA;false
CHIAMAROMA 060606;2026;20/03/2026;Non più necessario;false;false;;false
CHIAMAROMA 060606;2026;20/03/2026;Risolto da Ente Esterno;false;true;AMA;false
CHIAMAROMA 060606;2026;20/03/2026;Risolto da Ente Esterno;false;true;AMA;false
CHIAMAROMA 060606;2026;20/03/2026;Risolto da Ente Esterno;false;true;AMA;false
CHIAMAROMA 060606;2026;20/03/2026;Risolto da Ente Esterno;false;true;AMA;false
CHIAMAROMA 060606;2026;20/03/2026;Risolto da Ente Esterno;false;true;AMA;false
CHIAMAROMA 060606;2026;20/03/2026;Risolto da Ente Esterno;false;true;AMA;false
CHIAMAROMA 060606;2026;20/03/2026;Risolto da Ente Esterno;false;true;AMA;false
CHIAMAROMA 060606;2026;20/03/2026;Risolto da Ente Esterno;false;true;AMA;false
CHIAMAROMA 060606;2026;20/03/2026;Risolto da Ente Esterno;false;true;AMA;false
CHIAMAROMA 060606;2026;20/03/2026;Risolto da Ente Esterno;false;true;AMA;false
CHIAMAROMA 060606;2026;20/03/2026;Non più necessario;false;false;;false
CHIAMAROMA 060606;2026;20/03/2026;In carico a ente esterno;false;true;POLIZIA LOCALE DI ROMA CAPITALE;true
CHIAMAROMA 060606;2026;20/03/2026;In carico a ente esterno;false;true;POLIZIA LOCALE DI ROMA CAPITALE;true
POLIZIA LOCALE DI ROMA CAPITALE;2026;20/03/2026;In carico a ente esterno;false;true;POLIZIA LOCALE DI ROMA CAPITALE;false
POLIZIA LOCALE DI ROMA CAPITALE;2026;20/03/2026;In carico a ente esterno;false;true;POLIZIA LOCALE DI ROMA CAPITALE;false
CHIAMAROMA 060606;2026;20/03/2026;Risolto al primo livello;false;false;;true
CHIAMAROMA 060606;2026;20/03/2026;In carico a ente esterno;false;true;POLIZIA LOCALE DI ROMA CAPITALE;true
CHIAMAROMA 060606;2026;20/03/2026;In carico a ente esterno;false;true;POLIZIA LOCALE DI ROMA CAPITALE;true
CHIAMAROMA 060606;2026;20/03/2026;Risolto al secondo livello;false;false;;false
CHIAMAROMA 060606;2026;20/03/2026;Risolto al primo livello;false;false;;true
BACK OFFICE ROMA CAPITALE;2026;20/03/2026;Risolto al secondo livello;false;false;;false
CHIAMAROMA 060606;2026;20/03/2026;In carico a ente esterno;false;true;POLIZIA LOCALE DI ROMA CAPITALE;true
CHIAMAROMA 060606;2026;20/03/2026;In carico a ente esterno;false;true;POLIZIA LOCALE DI ROMA CAPITALE;true
CHIAMAROMA 060606;2026;20/03/2026;In carico a ente esterno;false;true;POLIZIA LOCALE DI ROMA CAPITALE;true
POLIZIA LOCALE DI ROMA CAPITALE;2026;20/03/2026;In carico a ente esterno;false;true;POLIZIA LOCALE DI ROMA CAPITALE;false
POLIZIA LOCALE DI ROMA CAPITALE;2026;20/03/2026;In carico a ente esterno;false;true;POLIZIA LOCALE DI ROMA CAPITALE;false
CHIAMAROMA 060606;2026;20/03/2026;Risolto al secondo livello;false;false;;false
CHIAMAROMA 060606;2026;20/03/2026;In carico a ente esterno;false;true;POLIZIA LOCALE DI ROMA CAPITALE;true
CHIAMAROMA 060606;2026;20/03/2026;In carico a ente esterno;false;true;POLIZIA LOCALE DI ROMA CAPITALE;true
CHIAMAROMA 060606;2026;20/03/2026;In carico a ente esterno;false;true;POLIZIA LOCALE DI ROMA CAPITALE;true
CHIAMAROMA 060606;2026;20/03/2026;In carico a ente esterno;false;true;POLIZIA LOCALE DI ROMA CAPITALE;true
CHIAMAROMA 060606;2026;20/03/2026;In carico a ente esterno;false;true;POLIZIA LOCALE DI ROMA CAPITALE;true
POLIZIA LOCALE DI ROMA CAPITALE;2026;20/03/2026;In carico a ente esterno;false;true;POLIZIA LOCALE DI ROMA CAPITALE;false
POLIZIA LOCALE DI ROMA CAPITALE;2026;20/03/2026;In carico a ente esterno;false;true;POLIZIA LOCALE DI ROMA CAPITALE;false
POLIZIA LOCALE DI ROMA CAPITALE;2026;20/03/2026;In carico a ente esterno;false;true;POLIZIA LOCALE DI ROMA CAPITALE;false
POLIZIA LOCALE DI ROMA CAPITALE;2026;20/03/2026;In carico a ente esterno;false;true;POLIZIA LOCALE DI ROMA CAPITALE;false
POLIZIA LOCALE DI ROMA CAPITALE;2026;20/03/2026;In carico a ente esterno;false;true;POLIZIA LOCALE DI ROMA CAPITALE;false
POLIZIA LOCALE DI ROMA CAPITALE;2026;20/03/2026;In carico a ente esterno;false;true;POLIZIA LOCALE DI ROMA CAPITALE;false
POLIZIA LOCALE DI ROMA CAPITALE;2026;20/03/2026;In carico a ente esterno;false;true;POLIZIA LOCALE DI ROMA CAPITALE;false
CHIAMAROMA 060606;2026;20/03/2026;In carico a ente esterno;false;true;POLIZIA LOCALE DI ROMA CAPITALE;true
CHIAMAROMA 060606;2026;20/03/2026;Non lavorabile o dati insufficienti;false;false;;false
CHIAMAROMA 060606;2026;20/03/2026;Risolto al secondo livello;false;false;;false
CHIAMAROMA 060606;2026;20/03/2026;In carico a ente esterno;false;true;POLIZIA LOCALE DI ROMA CAPITALE;true
;2026;20/03/2026;Risolto al secondo livello;false;false;;false
AMA;2026;20/03/2026;Risolto da Ente Esterno;false;true;AMA;false
CHIAMAROMA 060606;2026;20/03/2026;Risolto da Ente Esterno;false;true;AMA;false
CHIAMAROMA 060606;2026;20/03/2026;Risolto da Ente Esterno;false;true;AMA;false
CHIAMAROMA 060606;2026;20/03/2026;Risolto da Ente Esterno;false;true;AMA;false
BACK OFFICE ROMA CAPITALE;2026;20/03/2026;Risolto da Ente Esterno;false;true;AMA;false
CHIAMAROMA 060606;2026;20/03/2026;Risolto da Ente Esterno;false;true;AMA;false
CHIAMAROMA 060606;2026;20/03/2026;Risolto da Ente Esterno;false;true;AMA;false
CHIAMAROMA 060606;2026;20/03/2026;Risolto da Ente Esterno;false;true;AMA;false
CHIAMAROMA 060606;2026;20/03/2026;Risolto da Ente Esterno;false;true;AMA;false
POLIZIA LOCALE DI ROMA CAPITALE;2026;20/03/2026;In carico a ente esterno;false;true;POLIZIA LOCALE DI ROMA CAPITALE;false
POLIZIA LOCALE DI ROMA CAPITALE;2026;20/03/2026;In carico a ente esterno;false;true;POLIZIA LOCALE DI ROMA CAPITALE;false
CHIAMAROMA 060606;2026;20/03/2026;In carico a ente esterno;false;true;POLIZIA LOCALE DI ROMA CAPITALE;true
CHIAMAROMA 060606;2026;20/03/2026;Risolto al primo livello;false;false;;true
POLIZIA LOCALE DI ROMA CAPITALE;2026;20/03/2026;In carico a ente esterno;false;true;POLIZIA LOCALE DI ROMA CAPITALE;false
CHIAMAROMA 060606;2026;20/03/2026;Risolto al primo livello;false;false;;true
CHIAMAROMA 060606;2026;20/03/2026;Risolto al primo livello;false;false;;true
POLIZIA LOCALE DI ROMA CAPITALE;2026;20/03/2026;In carico a ente esterno;false;true;POLIZIA LOCALE DI ROMA CAPITALE;false
CHIAMAROMA 060606;2026;20/03/2026;Risolto da Ente Esterno;false;true;AMA;false
POLIZIA LOCALE DI ROMA CAPITALE;2026;20/03/2026;In carico a ente esterno;false;true;POLIZIA LOCALE DI ROMA CAPITALE;false
POLIZIA LOCALE DI ROMA CAPITALE;2026;20/03/2026;In carico a ente esterno;false;true;POLIZIA LOCALE DI ROMA CAPITALE;false
POLIZIA LOCALE DI ROMA CAPITALE;2026;20/03/2026;In carico a ente esterno;false;true;POLIZIA LOCALE DI ROMA CAPITALE;false
POLIZIA LOCALE DI ROMA CAPITALE;2026;20/03/2026;In carico a ente esterno;false;true;POLIZIA LOCALE DI ROMA CAPITALE;false
POLIZIA LOCALE DI ROMA CAPITALE;2026;20/03/2026;In carico a ente esterno;false;true;POLIZIA LOCALE DI ROMA CAPITALE;false
POLIZIA LOCALE DI ROMA CAPITALE;2026;20/03/2026;In carico a ente esterno;false;true;POLIZIA LOCALE DI ROMA CAPITALE;false
CHIAMAROMA 060606;2026;21/03/2026;Risolto da Ente Esterno;false;true;AMA;false
AMA;2026;21/03/2026;Risolto da Ente Esterno;false;true;AMA;false
CHIAMAROMA 060606;2026;21/03/2026;Risolto da Ente Esterno;false;true;AMA;false
CHIAMAROMA 060606;2026;21/03/2026;Risolto da Ente Esterno;false;true;AMA;false
POLIZIA LOCALE DI ROMA CAPITALE;2026;21/03/2026;In carico a ente esterno;false;true;POLIZIA LOCALE DI ROMA CAPITALE;false
POLIZIA LOCALE DI ROMA CAPITALE;2026;21/03/2026;In carico a ente esterno;false;true;POLIZIA LOCALE DI ROMA CAPITALE;false
POLIZIA LOCALE DI ROMA CAPITALE;2026;21/03/2026;In carico a ente esterno;false;true;POLIZIA LOCALE DI ROMA CAPITALE;false
DIPARTIMENTO TUTELA AMBIENTALE;2026;21/03/2026;Risolto da Ente Esterno;false;true;AMA;false
CHIAMAROMA 060606;2026;21/03/2026;Risolto da Ente Esterno;false;true;AMA;false
CHIAMAROMA 060606;2026;21/03/2026;Risolto da Ente Esterno;false;true;AMA;false
BACK OFFICE ROMA CAPITALE;2026;21/03/2026;Risolto da Ente Esterno;false;true;AMA;false
CHIAMAROMA 060606;2026;21/03/2026;Risolto da Ente Esterno;false;true;AMA;false
CHIAMAROMA 060606;2026;21/03/2026;Risolto da Ente Esterno;false;true;AMA;false
CHIAMAROMA 060606;2026;21/03/2026;Risolto da Ente Esterno;false;true;AMA;false
CHIAMAROMA 060606;2026;21/03/2026;Risolto da Ente Esterno;false;true;AMA;false
BACK OFFICE ROMA CAPITALE;2026;21/03/2026;Risolto da Ente Esterno;false;true;AMA;false
CHIAMAROMA 060606;2026;21/03/2026;Risolto da Ente Esterno;false;true;AMA;false
CHIAMAROMA 060606;2026;21/03/2026;Risolto da Ente Esterno;false;true;AMA;false
CHIAMAROMA 060606;2026;21/03/2026;Risolto da Ente Esterno;false;true;AMA;false
CHIAMAROMA 060606;2026;21/03/2026;Risolto da Ente Esterno;false;true;AMA;false
CHIAMAROMA 060606;2026;21/03/2026;Risolto da Ente Esterno;false;true;AMA;false
CHIAMAROMA 060606;2026;21/03/2026;Risolto da Ente Esterno;false;true;AMA;false
AMA;2026;21/03/2026;Risolto da Ente Esterno;false;true;AMA;false
CHIAMAROMA 060606;2026;21/03/2026;Risolto da Ente Esterno;false;true;AMA;false
BACK OFFICE ROMA CAPITALE;2026;21/03/2026;Risolto da Ente Esterno;false;true;AMA;false
CHIAMAROMA 060606;2026;21/03/2026;Risolto da Ente Esterno;false;true;AMA;false
CHIAMAROMA 060606;2026;21/03/2026;Risolto da Ente Esterno;false;true;AMA;false
CHIAMAROMA 060606;2026;21/03/2026;Risolto da Ente Esterno;false;true;AMA;false
CHIAMAROMA 060606;2026;21/03/2026;Risolto da Ente Esterno;false;true;AMA;false
CHIAMAROMA 060606;2026;21/03/2026;Risolto da Ente Esterno;false;true;AMA;false
CHIAMAROMA 060606;2026;21/03/2026;Risolto da Ente Esterno;false;true;AMA;false
CHIAMAROMA 060606;2026;21/03/2026;Risolto da Ente Esterno;false;true;AMA;false
CHIAMAROMA 060606;2026;21/03/2026;Risolto da Ente Esterno;false;true;AMA;false
CHIAMAROMA 060606;2026;21/03/2026;Risolto da Ente Esterno;false;true;AMA;false
CHIAMAROMA 060606;2026;21/03/2026;Risolto da Ente Esterno;false;true;AMA;false
POLIZIA LOCALE DI ROMA CAPITALE;2026;21/03/2026;In carico a ente esterno;false;true;POLIZIA LOCALE DI ROMA CAPITALE;false
CHIAMAROMA 060606;2026;21/03/2026;In carico a ente esterno;false;true;POLIZIA LOCALE DI ROMA CAPITALE;true
CHIAMAROMA 060606;2026;21/03/2026;In carico a ente esterno;false;true;POLIZIA LOCALE DI ROMA CAPITALE;true
CHIAMAROMA 060606;2026;21/03/2026;In carico a ente esterno;false;true;POLIZIA LOCALE DI ROMA CAPITALE;true
CHIAMAROMA 060606;2026;21/03/2026;In carico a ente esterno;false;true;POLIZIA LOCALE DI ROMA CAPITALE;true
POLIZIA LOCALE DI ROMA CAPITALE;2026;21/03/2026;In carico a ente esterno;false;true;POLIZIA LOCALE DI ROMA CAPITALE;false
POLIZIA LOCALE DI ROMA CAPITALE;2026;21/03/2026;In carico a ente esterno;false;true;POLIZIA LOCALE DI ROMA CAPITALE;false
POLIZIA LOCALE DI ROMA CAPITALE;2026;21/03/2026;In carico a ente esterno;false;true;POLIZIA LOCALE DI ROMA CAPITALE;false
CHIAMAROMA 060606;2026;21/03/2026;Risolto al primo livello;false;true;AMA;true
CHIAMAROMA 060606;2026;21/03/2026;Risolto da Ente Esterno;false;true;AMA;false
CHIAMAROMA 060606;2026;21/03/2026;Risolto da Ente Esterno;false;true;AMA;false
CHIAMAROMA 060606;2026;21/03/2026;Risolto da Ente Esterno;false;true;AMA;false
CHIAMAROMA 060606;2026;21/03/2026;Risolto da Ente Esterno;false;true;AMA;false
CHIAMAROMA 060606;2026;21/03/2026;Risolto da Ente Esterno;false;true;AMA;false
CHIAMAROMA 060606;2026;21/03/2026;Risolto da Ente Esterno;false;true;AMA;false
CHIAMAROMA 060606;2026;21/03/2026;Risolto da Ente Esterno;false;true;AMA;false
CHIAMAROMA 060606;2026;21/03/2026;Risolto da Ente Esterno;false;true;AMA;false
CHIAMAROMA 060606;2026;21/03/2026;Risolto da Ente Esterno;false;true;AMA;false
CHIAMAROMA 060606;2026;21/03/2026;Risolto da Ente Esterno;false;true;AMA;false
MUNICIPIO VI;2026;21/03/2026;Risolto da Ente Esterno;false;true;AMA;false
CHIAMAROMA 060606;2026;21/03/2026;Risolto da Ente Esterno;false;true;AMA;false
CHIAMAROMA 060606;2026;21/03/2026;Risolto da Ente Esterno;false;true;AMA;false
CHIAMAROMA 060606;2026;21/03/2026;Risolto da Ente Esterno;false;true;AMA;false
CHIAMAROMA 060606;2026;21/03/2026;Risolto da Ente Esterno;false;true;AMA;false
CHIAMAROMA 060606;2026;21/03/2026;Risolto da Ente Esterno;false;true;AMA;false
CHIAMAROMA 060606;2026;21/03/2026;Risolto da Ente Esterno;false;true;AMA;false
CHIAMAROMA 060606;2026;21/03/2026;Risolto da Ente Esterno;false;true;AMA;false
CHIAMAROMA 060606;2026;21/03/2026;Risolto da Ente Esterno;false;true;AMA;false
CHIAMAROMA 060606;2026;21/03/2026;Risolto da Ente Esterno;false;true;AMA;false
CHIAMAROMA 060606;2026;21/03/2026;Risolto da Ente Esterno;false;true;AMA;false
POLIZIA LOCALE DI ROMA CAPITALE;2026;21/03/2026;In carico a ente esterno;false;true;POLIZIA LOCALE DI ROMA CAPITALE;false
POLIZIA LOCALE DI ROMA CAPITALE;2026;21/03/2026;In carico a ente esterno;false;true;POLIZIA LOCALE DI ROMA CAPITALE;false
POLIZIA LOCALE DI ROMA CAPITALE;2026;21/03/2026;In carico a ente esterno;false;true;POLIZIA LOCALE DI ROMA CAPITALE;false
CHIAMAROMA 060606;2026;21/03/2026;Risolto al primo livello;false;false;;true
POLIZIA LOCALE DI ROMA CAPITALE;2026;21/03/2026;In carico a ente esterno;false;true;POLIZIA LOCALE DI ROMA CAPITALE;false
POLIZIA LOCALE DI ROMA CAPITALE;2026;21/03/2026;In carico a ente esterno;false;true;POLIZIA LOCALE DI ROMA CAPITALE;false
POLIZIA LOCALE DI ROMA CAPITALE;2026;21/03/2026;In carico a ente esterno;false;true;POLIZIA LOCALE DI ROMA CAPITALE;false
POLIZIA LOCALE DI ROMA CAPITALE;2026;21/03/2026;In carico a ente esterno;false;true;POLIZIA LOCALE DI ROMA CAPITALE;false
CHIAMAROMA 060606;2026;21/03/2026;In carico a ente esterno;false;true;POLIZIA LOCALE DI ROMA CAPITALE;true
POLIZIA LOCALE DI ROMA CAPITALE;2026;21/03/2026;In carico a ente esterno;false;true;POLIZIA LOCALE DI ROMA CAPITALE;false
POLIZIA LOCALE DI ROMA CAPITALE;2026;21/03/2026;In carico a ente esterno;false;true;POLIZIA LOCALE DI ROMA CAPITALE;false
BACK OFFICE ROMA CAPITALE;2026;21/03/2026;In carico a ente esterno;false;true;POLIZIA LOCALE DI ROMA CAPITALE;false
BACK OFFICE ROMA CAPITALE;2026;21/03/2026;In carico a ente esterno;false;true;POLIZIA LOCALE DI ROMA CAPITALE;false
AMA;2026;21/03/2026;Risolto da Ente Esterno;false;true;AMA;true
CHIAMAROMA 060606;2026;21/03/2026;Risolto da Ente Esterno;false;true;AMA;false
CHIAMAROMA 060606;2026;21/03/2026;Risolto da Ente Esterno;false;true;AMA;false
CHIAMAROMA 060606;2026;21/03/2026;Risolto da Ente Esterno;false;true;AMA;false
CHIAMAROMA 060606;2026;21/03/2026;Risolto da Ente Esterno;false;true;AMA;false
CHIAMAROMA 060606;2026;21/03/2026;Risolto da Ente Esterno;false;true;AMA;false
CHIAMAROMA 060606;2026;21/03/2026;Risolto da Ente Esterno;false;true;AMA;false
CHIAMAROMA 060606;2026;21/03/2026;Risolto da Ente Esterno;false;true;AMA;false
CHIAMAROMA 060606;2026;21/03/2026;Risolto da Ente Esterno;false;true;AMA;false
CHIAMAROMA 060606;2026;21/03/2026;Risolto da Ente Esterno;false;true;AMA;false
CHIAMAROMA 060606;2026;21/03/2026;Risolto da Ente Esterno;false;true;AMA;false
CHIAMAROMA 060606;2026;21/03/2026;Risolto da Ente Esterno;false;true;AMA;false
CHIAMAROMA 060606;2026;21/03/2026;Risolto da Ente Esterno;false;true;AMA;false
AMA;2026;21/03/2026;Risolto da Ente Esterno;false;true;AMA;false
CHIAMAROMA 060606;2026;21/03/2026;Risolto da Ente Esterno;false;true;AMA;false
CHIAMAROMA 060606;2026;21/03/2026;Risolto da Ente Esterno;false;true;AMA;false
CHIAMAROMA 060606;2026;21/03/2026;Risolto da Ente Esterno;false;true;AMA;false
CHIAMAROMA 060606;2026;21/03/2026;Risolto da Ente Esterno;false;true;AMA;false
AMA;2026;21/03/2026;Risolto da Ente Esterno;false;true;AMA;false
BACK OFFICE ROMA CAPITALE;2026;21/03/2026;Non più necessario;false;false;;false
POLIZIA LOCALE DI ROMA CAPITALE;2026;21/03/2026;In carico a ente esterno;false;true;POLIZIA LOCALE DI ROMA CAPITALE;false
POLIZIA LOCALE DI ROMA CAPITALE;2026;21/03/2026;In carico a ente esterno;false;true;POLIZIA LOCALE DI ROMA CAPITALE;false
MUNICIPIO IX;2026;21/03/2026;Non più necessario;false;false;;false
BACK OFFICE ROMA CAPITALE;2026;21/03/2026;Risolto al secondo livello;false;false;;false
POLIZIA LOCALE DI ROMA CAPITALE;2026;21/03/2026;In carico a ente esterno;false;true;POLIZIA LOCALE DI ROMA CAPITALE;false
CHIAMAROMA 060606;2026;21/03/2026;In carico a ente esterno;false;true;POLIZIA LOCALE DI ROMA CAPITALE;true
CHIAMAROMA 060606;2026;21/03/2026;Risolto al primo livello;false;false;;true
POLIZIA LOCALE DI ROMA CAPITALE;2026;21/03/2026;In carico a ente esterno;false;true;POLIZIA LOCALE DI ROMA CAPITALE;false
CHIAMAROMA 060606;2026;21/03/2026;Risolto da Ente Esterno;false;true;AMA;false
CHIAMAROMA 060606;2026;21/03/2026;Risolto da Ente Esterno;false;true;AMA;false
CHIAMAROMA 060606;2026;21/03/2026;Risolto da Ente Esterno;false;true;AMA;false
CHIAMAROMA 060606;2026;21/03/2026;Risolto da Ente Esterno;false;true;AMA;false
POLIZIA LOCALE DI ROMA CAPITALE;2026;21/03/2026;In carico a ente esterno;false;true;POLIZIA LOCALE DI ROMA CAPITALE;false
POLIZIA LOCALE DI ROMA CAPITALE;2026;21/03/2026;In carico a ente esterno;false;true;POLIZIA LOCALE DI ROMA CAPITALE;false
POLIZIA LOCALE DI ROMA CAPITALE;2026;21/03/2026;In carico a ente esterno;false;true;POLIZIA LOCALE DI ROMA CAPITALE;false
POLIZIA LOCALE DI ROMA CAPITALE;2026;21/03/2026;In carico a ente esterno;false;true;POLIZIA LOCALE DI ROMA CAPITALE;false
POLIZIA LOCALE DI ROMA CAPITALE;2026;21/03/2026;In carico a ente esterno;false;true;POLIZIA LOCALE DI ROMA CAPITALE;false
POLIZIA LOCALE DI ROMA CAPITALE;2026;21/03/2026;In carico a ente esterno;false;true;POLIZIA LOCALE DI ROMA CAPITALE;false
POLIZIA LOCALE DI ROMA CAPITALE;2026;21/03/2026;In carico a ente esterno;false;true;POLIZIA LOCALE DI ROMA CAPITALE;false
POLIZIA LOCALE DI ROMA CAPITALE;2026;21/03/2026;In carico a ente esterno;false;true;POLIZIA LOCALE DI ROMA CAPITALE;false
POLIZIA LOCALE DI ROMA CAPITALE;2026;21/03/2026;In carico a ente esterno;false;true;POLIZIA LOCALE DI ROMA CAPITALE;false
CHIAMAROMA 060606;2026;21/03/2026;Risolto da Ente Esterno;false;true;AMA;false
CHIAMAROMA 060606;2026;21/03/2026;Risolto da Ente Esterno;false;true;AMA;false
CHIAMAROMA 060606;2026;21/03/2026;Risolto da Ente Esterno;false;true;AMA;false
CHIAMAROMA 060606;2026;21/03/2026;Risolto da Ente Esterno;false;true;AMA;false
CHIAMAROMA 060606;2026;21/03/2026;Risolto da Ente Esterno;false;true;AMA;false
POLIZIA LOCALE DI ROMA CAPITALE;2026;21/03/2026;In carico a ente esterno;false;true;POLIZIA LOCALE DI ROMA CAPITALE;false
POLIZIA LOCALE DI ROMA CAPITALE;2026;21/03/2026;In carico a ente esterno;false;true;POLIZIA LOCALE DI ROMA CAPITALE;false
POLIZIA LOCALE DI ROMA CAPITALE;2026;21/03/2026;In carico a ente esterno;false;true;POLIZIA LOCALE DI ROMA CAPITALE;false
POLIZIA LOCALE DI ROMA CAPITALE;2026;21/03/2026;In carico a ente esterno;false;true;POLIZIA LOCALE DI ROMA CAPITALE;false
POLIZIA LOCALE DI ROMA CAPITALE;2026;21/03/2026;In carico a ente esterno;false;true;POLIZIA LOCALE DI ROMA CAPITALE;false
POLIZIA LOCALE DI ROMA CAPITALE;2026;21/03/2026;In carico a ente esterno;false;true;POLIZIA LOCALE DI ROMA CAPITALE;false
POLIZIA LOCALE DI ROMA CAPITALE;2026;21/03/2026;In carico a ente esterno;false;true;POLIZIA LOCALE DI ROMA CAPITALE;false
POLIZIA LOCALE DI ROMA CAPITALE;2026;21/03/2026;In carico a ente esterno;false;true;POLIZIA LOCALE DI ROMA CAPITALE;false
POLIZIA LOCALE DI ROMA CAPITALE;2026;21/03/2026;In carico a ente esterno;false;true;POLIZIA LOCALE DI ROMA CAPITALE;false
POLIZIA LOCALE DI ROMA CAPITALE;2026;21/03/2026;In carico a ente esterno;false;true;POLIZIA LOCALE DI ROMA CAPITALE;false
BACK OFFICE ROMA CAPITALE;2026;21/03/2026;Risolto da Ente Esterno;false;true;AMA;false
CHIAMAROMA 060606;2026;21/03/2026;Risolto da Ente Esterno;false;true;AMA;false
CHIAMAROMA 060606;2026;21/03/2026;Risolto da Ente Esterno;false;true;AMA;false
CHIAMAROMA 060606;2026;21/03/2026;Risolto da Ente Esterno;false;true;AMA;false
CHIAMAROMA 060606;2026;21/03/2026;Risolto da Ente Esterno;false;true;AMA;false
POLIZIA LOCALE DI ROMA CAPITALE;2026;21/03/2026;In carico a ente esterno;false;true;POLIZIA LOCALE DI ROMA CAPITALE;false
POLIZIA LOCALE DI ROMA CAPITALE;2026;21/03/2026;In carico a ente esterno;false;true;POLIZIA LOCALE DI ROMA CAPITALE;false
POLIZIA LOCALE DI ROMA CAPITALE;2026;21/03/2026;In carico a ente esterno;false;true;POLIZIA LOCALE DI ROMA CAPITALE;false
POLIZIA LOCALE DI ROMA CAPITALE;2026;21/03/2026;In carico a ente esterno;false;true;POLIZIA LOCALE DI ROMA CAPITALE;false
POLIZIA LOCALE DI ROMA CAPITALE;2026;21/03/2026;In carico a ente esterno;false;true;POLIZIA LOCALE DI ROMA CAPITALE;false
POLIZIA LOCALE DI ROMA CAPITALE;2026;21/03/2026;In carico a ente esterno;false;true;POLIZIA LOCALE DI ROMA CAPITALE;false
POLIZIA LOCALE DI ROMA CAPITALE;2026;22/03/2026;In carico a ente esterno;false;true;POLIZIA LOCALE DI ROMA CAPITALE;false
MUNICIPIO XIV;2026;22/03/2026;Risolto da Ente Esterno;false;true;AMA;false
CHIAMAROMA 060606;2026;22/03/2026;Risolto da Ente Esterno;false;true;AMA;false
CHIAMAROMA 060606;2026;22/03/2026;Risolto da Ente Esterno;false;true;AMA;false
AMA;2026;22/03/2026;Risolto da Ente Esterno;false;true;AMA;false
CHIAMAROMA 060606;2026;22/03/2026;Risolto da Ente Esterno;false;true;AMA;false
CHIAMAROMA 060606;2026;22/03/2026;Risolto da Ente Esterno;false;true;AMA;false
CHIAMAROMA 060606;2026;22/03/2026;Risolto da Ente Esterno;false;true;AMA;false
CHIAMAROMA 060606;2026;22/03/2026;Risolto da Ente Esterno;false;true;AMA;false
CHIAMAROMA 060606;2026;22/03/2026;Risolto da Ente Esterno;false;true;AMA;false
CHIAMAROMA 060606;2026;22/03/2026;Risolto da Ente Esterno;false;true;AMA;false
CHIAMAROMA 060606;2026;22/03/2026;Risolto da Ente Esterno;false;true;AMA;false
CHIAMAROMA 060606;2026;22/03/2026;Risolto da Ente Esterno;false;true;AMA;false
CHIAMAROMA 060606;2026;22/03/2026;Risolto da Ente Esterno;false;true;AMA;false
CHIAMAROMA 060606;2026;22/03/2026;Risolto da Ente Esterno;false;true;AMA;false
POLIZIA LOCALE DI ROMA CAPITALE;2026;22/03/2026;In carico a ente esterno;false;true;POLIZIA LOCALE DI ROMA CAPITALE;false
POLIZIA LOCALE DI ROMA CAPITALE;2026;22/03/2026;In carico a ente esterno;false;true;POLIZIA LOCALE DI ROMA CAPITALE;false
POLIZIA LOCALE DI ROMA CAPITALE;2026;22/03/2026;In carico a ente esterno;false;true;POLIZIA LOCALE DI ROMA CAPITALE;false
POLIZIA LOCALE DI ROMA CAPITALE;2026;22/03/2026;In carico a ente esterno;false;true;POLIZIA LOCALE DI ROMA CAPITALE;false
AMA;2026;22/03/2026;Risolto da Ente Esterno;false;true;AMA;false
CHIAMAROMA 060606;2026;22/03/2026;Risolto da Ente Esterno;false;true;AMA;false
CHIAMAROMA 060606;2026;22/03/2026;Risolto da Ente Esterno;false;true;AMA;false
CHIAMAROMA 060606;2026;22/03/2026;Risolto da Ente Esterno;false;true;AMA;false
CHIAMAROMA 060606;2026;22/03/2026;Risolto da Ente Esterno;false;true;AMA;false
BACK OFFICE ROMA CAPITALE;2026;22/03/2026;Risolto da Ente Esterno;false;true;AMA;false
CHIAMAROMA 060606;2026;22/03/2026;Risolto da Ente Esterno;false;true;AMA;false
CHIAMAROMA 060606;2026;22/03/2026;Risolto da Ente Esterno;false;true;AMA;false
CHIAMAROMA 060606;2026;22/03/2026;Risolto da Ente Esterno;false;true;AMA;false
CHIAMAROMA 060606;2026;22/03/2026;Risolto da Ente Esterno;false;true;AMA;false
CHIAMAROMA 060606;2026;22/03/2026;Risolto da Ente Esterno;false;true;AMA;false
AMA;2026;22/03/2026;Risolto da Ente Esterno;false;true;AMA;false
CHIAMAROMA 060606;2026;22/03/2026;Risolto da Ente Esterno;false;true;AMA;false
CHIAMAROMA 060606;2026;22/03/2026;Risolto da Ente Esterno;false;true;AMA;false
CHIAMAROMA 060606;2026;22/03/2026;Risolto da Ente Esterno;false;true;AMA;false
CHIAMAROMA 060606;2026;22/03/2026;Risolto da Ente Esterno;false;true;AMA;false
CHIAMAROMA 060606;2026;22/03/2026;Risolto da Ente Esterno;false;true;AMA;false
CHIAMAROMA 060606;2026;22/03/2026;Risolto da Ente Esterno;false;true;AMA;false
CHIAMAROMA 060606;2026;22/03/2026;Risolto da Ente Esterno;false;true;AMA;false
POLIZIA LOCALE DI ROMA CAPITALE;2026;22/03/2026;In carico a ente esterno;false;true;POLIZIA LOCALE DI ROMA CAPITALE;false
POLIZIA LOCALE DI ROMA CAPITALE;2026;22/03/2026;In carico a ente esterno;false;true;POLIZIA LOCALE DI ROMA CAPITALE;false
POLIZIA LOCALE DI ROMA CAPITALE;2026;22/03/2026;In carico a ente esterno;false;true;POLIZIA LOCALE DI ROMA CAPITALE;false
CHIAMAROMA 060606;2026;22/03/2026;Risolto da Ente Esterno;false;true;AMA;false
CHIAMAROMA 060606;2026;22/03/2026;Risolto da Ente Esterno;false;true;AMA;false
CHIAMAROMA 060606;2026;22/03/2026;Risolto da Ente Esterno;false;true;AMA;false
CHIAMAROMA 060606;2026;22/03/2026;Risolto da Ente Esterno;false;true;AMA;false
POLIZIA LOCALE DI ROMA CAPITALE;2026;22/03/2026;In carico a ente esterno;false;true;POLIZIA LOCALE DI ROMA CAPITALE;false
POLIZIA LOCALE DI ROMA CAPITALE;2026;22/03/2026;In carico a ente esterno;false;true;POLIZIA LOCALE DI ROMA CAPITALE;false
POLIZIA LOCALE DI ROMA CAPITALE;2026;22/03/2026;In carico a ente esterno;false;true;POLIZIA LOCALE DI ROMA CAPITALE;false
POLIZIA LOCALE DI ROMA CAPITALE;2026;22/03/2026;In carico a ente esterno;false;true;POLIZIA LOCALE DI ROMA CAPITALE;false
POLIZIA LOCALE DI ROMA CAPITALE;2026;22/03/2026;In carico a ente esterno;false;true;POLIZIA LOCALE DI ROMA CAPITALE;false
CHIAMAROMA 060606;2026;22/03/2026;Risolto al primo livello;false;false;;true
CHIAMAROMA 060606;2026;22/03/2026;Risolto da Ente Esterno;false;true;AMA;false
CHIAMAROMA 060606;2026;22/03/2026;Risolto da Ente Esterno;false;true;AMA;false
CHIAMAROMA 060606;2026;22/03/2026;Risolto da Ente Esterno;false;true;AMA;false
POLIZIA LOCALE DI ROMA CAPITALE;2026;22/03/2026;In carico a ente esterno;false;true;POLIZIA LOCALE DI ROMA CAPITALE;false
CHIAMAROMA 060606;2026;22/03/2026;In carico a ente esterno;false;true;POLIZIA LOCALE DI ROMA CAPITALE;true
POLIZIA LOCALE DI ROMA CAPITALE;2026;22/03/2026;In carico a ente esterno;false;true;POLIZIA LOCALE DI ROMA CAPITALE;false
CHIAMAROMA 060606;2026;22/03/2026;In carico a ente esterno;false;true;POLIZIA LOCALE DI ROMA CAPITALE;true
POLIZIA LOCALE DI ROMA CAPITALE;2026;22/03/2026;In carico a ente esterno;false;true;POLIZIA LOCALE DI ROMA CAPITALE;false
POLIZIA LOCALE DI ROMA CAPITALE;2026;22/03/2026;In carico a ente esterno;false;true;POLIZIA LOCALE DI ROMA CAPITALE;false
POLIZIA LOCALE DI ROMA CAPITALE;2026;22/03/2026;In carico a ente esterno;false;true;POLIZIA LOCALE DI ROMA CAPITALE;false
CHIAMAROMA 060606;2026;22/03/2026;Risolto da Ente Esterno;false;true;AMA;false
CHIAMAROMA 060606;2026;22/03/2026;Risolto da Ente Esterno;false;true;AMA;false
POLIZIA LOCALE DI ROMA CAPITALE;2026;22/03/2026;In carico a ente esterno;false;true;POLIZIA LOCALE DI ROMA CAPITALE;false
CHIAMAROMA 060606;2026;22/03/2026;In carico a ente esterno;false;true;POLIZIA LOCALE DI ROMA CAPITALE;true
POLIZIA LOCALE DI ROMA CAPITALE;2026;22/03/2026;Risolto al secondo livello;false;false;;false
POLIZIA LOCALE DI ROMA CAPITALE;2026;22/03/2026;In carico a ente esterno;false;true;POLIZIA LOCALE DI ROMA CAPITALE;false
POLIZIA LOCALE DI ROMA CAPITALE;2026;22/03/2026;In carico a ente esterno;false;true;POLIZIA LOCALE DI ROMA CAPITALE;false
CHIAMAROMA 060606;2026;22/03/2026;In carico a ente esterno;false;true;POLIZIA LOCALE DI ROMA CAPITALE;true
BACK OFFICE ROMA CAPITALE;2026;22/03/2026;Risolto al secondo livello;false;false;;false
DIPARTIMENTO MOBILITA’ SOSTENIBILE E TRASPORTI;2026;22/03/2026;Risolto al secondo livello;false;false;;false
CHIAMAROMA 060606;2026;22/03/2026;Risolto da Ente Esterno;false;true;AMA;false
CHIAMAROMA 060606;2026;22/03/2026;Risolto da Ente Esterno;false;true;AMA;false
CHIAMAROMA 060606;2026;22/03/2026;Risolto da Ente Esterno;false;true;AMA;false
POLIZIA LOCALE DI ROMA CAPITALE;2026;22/03/2026;In carico a ente esterno;false;true;POLIZIA LOCALE DI ROMA CAPITALE;false
POLIZIA LOCALE DI ROMA CAPITALE;2026;22/03/2026;In carico a ente esterno;false;true;POLIZIA LOCALE DI ROMA CAPITALE;false
POLIZIA LOCALE DI ROMA CAPITALE;2026;22/03/2026;In carico a ente esterno;false;true;POLIZIA LOCALE DI ROMA CAPITALE;false
POLIZIA LOCALE DI ROMA CAPITALE;2026;22/03/2026;In carico a ente esterno;false;true;POLIZIA LOCALE DI ROMA CAPITALE;false
POLIZIA LOCALE DI ROMA CAPITALE;2026;22/03/2026;In carico a ente esterno;false;true;POLIZIA LOCALE DI ROMA CAPITALE;false
CHIAMAROMA 060606;2026;22/03/2026;Risolto da Ente Esterno;false;true;AMA;false
POLIZIA LOCALE DI ROMA CAPITALE;2026;22/03/2026;In carico a ente esterno;false;true;POLIZIA LOCALE DI ROMA CAPITALE;false
POLIZIA LOCALE DI ROMA CAPITALE;2026;22/03/2026;In carico a ente esterno;false;true;POLIZIA LOCALE DI ROMA CAPITALE;false
POLIZIA LOCALE DI ROMA CAPITALE;2026;22/03/2026;In carico a ente esterno;false;true;POLIZIA LOCALE DI ROMA CAPITALE;false
CHIAMAROMA 060606;2026;23/03/2026;Risolto da Ente Esterno;false;true;AMA;false
CHIAMAROMA 060606;2026;23/03/2026;Risolto da Ente Esterno;false;true;AMA;false
CHIAMAROMA 060606;2026;23/03/2026;Risolto da Ente Esterno;false;true;AMA;false
BACK OFFICE ROMA CAPITALE;2026;23/03/2026;Risolto da Ente Esterno;false;true;AMA;false
CHIAMAROMA 060606;2026;23/03/2026;Risolto da Ente Esterno;false;true;AMA;false
AMA;2026;23/03/2026;Risolto da Ente Esterno;false;true;AMA;false
CHIAMAROMA 060606;2026;23/03/2026;Risolto da Ente Esterno;false;true;AMA;false
CHIAMAROMA 060606;2026;23/03/2026;Risolto da Ente Esterno;false;true;AMA;false
CHIAMAROMA 060606;2026;23/03/2026;Risolto da Ente Esterno;false;true;AMA;false
CHIAMAROMA 060606;2026;23/03/2026;Risolto da Ente Esterno;false;true;AMA;false
CHIAMAROMA 060606;2026;23/03/2026;Risolto da Ente Esterno;false;true;AMA;false
CHIAMAROMA 060606;2026;23/03/2026;Risolto da Ente Esterno;false;true;AMA;false
CHIAMAROMA 060606;2026;23/03/2026;Risolto da Ente Esterno;false;true;AMA;false
CHIAMAROMA 060606;2026;23/03/2026;Risolto da Ente Esterno;false;true;AMA;false
CHIAMAROMA 060606;2026;23/03/2026;Risolto da Ente Esterno;false;true;AMA;false
CHIAMAROMA 060606;2026;23/03/2026;Risolto da Ente Esterno;false;true;AMA;false
CHIAMAROMA 060606;2026;23/03/2026;Risolto da Ente Esterno;false;true;AMA;false
CHIAMAROMA 060606;2026;23/03/2026;Risolto da Ente Esterno;false;true;AMA;false
CHIAMAROMA 060606;2026;23/03/2026;Risolto da Ente Esterno;false;true;AMA;false
CHIAMAROMA 060606;2026;23/03/2026;Risolto da Ente Esterno;false;true;AMA;false
CHIAMAROMA 060606;2026;23/03/2026;Risolto da Ente Esterno;false;true;AMA;false
CHIAMAROMA 060606;2026;23/03/2026;Risolto da Ente Esterno;false;true;AMA;false
CHIAMAROMA 060606;2026;23/03/2026;Risolto da Ente Esterno;false;true;AMA;false
CHIAMAROMA 060606;2026;23/03/2026;Risolto da Ente Esterno;false;true;AMA;false
CHIAMAROMA 060606;2026;23/03/2026;Risolto da Ente Esterno;false;true;AMA;false
CHIAMAROMA 060606;2026;23/03/2026;Risolto da Ente Esterno;false;true;AMA;false
CHIAMAROMA 060606;2026;23/03/2026;Risolto da Ente Esterno;false;true;AMA;false
CHIAMAROMA 060606;2026;23/03/2026;Risolto da Ente Esterno;false;true;AMA;false
CHIAMAROMA 060606;2026;23/03/2026;In carico a ente esterno;false;true;POLIZIA LOCALE DI ROMA CAPITALE;true
CHIAMAROMA 060606;2026;23/03/2026;Risolto al secondo livello;false;false;;false
CHIAMAROMA 060606;2026;23/03/2026;In carico a ente esterno;false;true;POLIZIA LOCALE DI ROMA CAPITALE;true
CHIAMAROMA 060606;2026;23/03/2026;In carico a ente esterno;false;true;POLIZIA LOCALE DI ROMA CAPITALE;true
POLIZIA LOCALE DI ROMA CAPITALE;2026;23/03/2026;In carico a ente esterno;false;true;POLIZIA LOCALE DI ROMA CAPITALE;false
POLIZIA LOCALE DI ROMA CAPITALE;2026;23/03/2026;In carico a ente esterno;false;true;POLIZIA LOCALE DI ROMA CAPITALE;false
MUNICIPIO XIV;2026;23/03/2026;Risolto al secondo livello;false;false;;false
CHIAMAROMA 060606;2026;23/03/2026;Risolto al secondo livello;false;false;;false
MUNICIPIO XIV;2026;23/03/2026;Risolto al secondo livello;false;false;;false
CHIAMAROMA 060606;2026;23/03/2026;Risolto al secondo livello;false;false;;false
CHIAMAROMA 060606;2026;23/03/2026;Risolto al secondo livello;false;false;;false
CHIAMAROMA 060606;2026;23/03/2026;Risolto al secondo livello;false;false;;false
DIPARTIMENTO SVILUPPO ECONOMICO E ATTIVITA’ PRODUTTIVE;2026;23/03/2026;Risolto al secondo livello;false;false;;false
POLIZIA LOCALE DI ROMA CAPITALE;2026;23/03/2026;In carico a ente esterno;false;true;POLIZIA LOCALE DI ROMA CAPITALE;true
POLIZIA LOCALE DI ROMA CAPITALE;2026;23/03/2026;In carico a ente esterno;false;true;POLIZIA LOCALE DI ROMA CAPITALE;true
CHIAMAROMA 060606;2026;23/03/2026;Risolto al secondo livello;false;false;;false
CHIAMAROMA 060606;2026;23/03/2026;Risolto al secondo livello;false;false;;false
POLIZIA LOCALE DI ROMA CAPITALE;2026;23/03/2026;In carico a ente esterno;false;true;POLIZIA LOCALE DI ROMA CAPITALE;true
CHIAMAROMA 060606;2026;23/03/2026;Risolto al secondo livello;false;false;;false
CHIAMAROMA 060606;2026;23/03/2026;Risolto al primo livello;false;false;;true
CHIAMAROMA 060606;2026;23/03/2026;Risolto al secondo livello;false;false;;false
MUNICIPIO IV;2026;23/03/2026;Risolto al primo livello;false;false;;false
CHIAMAROMA 060606;2026;23/03/2026;Risolto al secondo livello;false;false;;false
CHIAMAROMA 060606;2026;23/03/2026;Risolto al secondo livello;false;false;;false
POLIZIA LOCALE DI ROMA CAPITALE;2026;23/03/2026;In carico a ente esterno;false;true;POLIZIA LOCALE DI ROMA CAPITALE;false
POLIZIA LOCALE DI ROMA CAPITALE;2026;23/03/2026;In carico a ente esterno;false;true;POLIZIA LOCALE DI ROMA CAPITALE;false
POLIZIA LOCALE DI ROMA CAPITALE;2026;23/03/2026;In carico a ente esterno;false;true;POLIZIA LOCALE DI ROMA CAPITALE;true
CHIAMAROMA 060606;2026;23/03/2026;Risolto al secondo livello;false;false;;false
CHIAMAROMA 060606;2026;23/03/2026;Risolto al primo livello;false;false;;true
CHIAMAROMA 060606;2026;23/03/2026;Risolto al secondo livello;false;false;;false
DIPARTIMENTO VALORIZZAZIONE DEL PATRIMONIO E POLITICHE ABITATIVE;2026;23/03/2026;Risolto al secondo livello;false;false;;false
POLIZIA LOCALE DI ROMA CAPITALE;2026;23/03/2026;In carico a ente esterno;false;true;POLIZIA LOCALE DI ROMA CAPITALE;true
CHIAMAROMA 060606;2026;23/03/2026;Risolto al secondo livello;false;false;;false
POLIZIA LOCALE DI ROMA CAPITALE;2026;23/03/2026;In carico a ente esterno;false;true;POLIZIA LOCALE DI ROMA CAPITALE;true
POLIZIA LOCALE DI ROMA CAPITALE;2026;23/03/2026;In carico a ente esterno;false;true;POLIZIA LOCALE DI ROMA CAPITALE;true
POLIZIA LOCALE DI ROMA CAPITALE;2026;23/03/2026;In carico a ente esterno;false;true;POLIZIA LOCALE DI ROMA CAPITALE;true
CHIAMAROMA 060606;2026;23/03/2026;Risolto da Ente Esterno;false;true;AMA;false
CHIAMAROMA 060606;2026;23/03/2026;Risolto da Ente Esterno;false;true;AMA;false
CHIAMAROMA 060606;2026;23/03/2026;Risolto da Ente Esterno;false;true;AMA;false
DIPARTIMENTO TUTELA AMBIENTALE;2026;23/03/2026;Risolto da Ente Esterno;false;true;AMA;false
CHIAMAROMA 060606;2026;23/03/2026;Risolto da Ente Esterno;false;true;AMA;false
CHIAMAROMA 060606;2026;23/03/2026;Risolto da Ente Esterno;false;true;AMA;false
CHIAMAROMA 060606;2026;23/03/2026;Risolto da Ente Esterno;false;true;AMA;false
CHIAMAROMA 060606;2026;23/03/2026;Risolto da Ente Esterno;false;true;AMA;false
CHIAMAROMA 060606;2026;23/03/2026;Risolto da Ente Esterno;false;true;AMA;false
CHIAMAROMA 060606;2026;23/03/2026;Risolto da Ente Esterno;false;true;AMA;false
CHIAMAROMA 060606;2026;23/03/2026;Risolto da Ente Esterno;false;true;AMA;false
CHIAMAROMA 060606;2026;23/03/2026;Risolto da Ente Esterno;false;true;AMA;false
CHIAMAROMA 060606;2026;23/03/2026;Risolto da Ente Esterno;false;true;AMA;false
CHIAMAROMA 060606;2026;23/03/2026;Risolto da Ente Esterno;false;true;AMA;false
CHIAMAROMA 060606;2026;23/03/2026;Risolto da Ente Esterno;false;true;AMA;false
CHIAMAROMA 060606;2026;23/03/2026;Risolto da Ente Esterno;false;true;AMA;false
CHIAMAROMA 060606;2026;23/03/2026;Risolto da Ente Esterno;false;true;AMA;false
CHIAMAROMA 060606;2026;23/03/2026;Risolto da Ente Esterno;false;true;AMA;false
CHIAMAROMA 060606;2026;23/03/2026;Risolto da Ente Esterno;false;true;AMA;false
CHIAMAROMA 060606;2026;23/03/2026;Risolto da Ente Esterno;false;true;AMA;false
CHIAMAROMA 060606;2026;23/03/2026;Risolto da Ente Esterno;false;true;AMA;false
CHIAMAROMA 060606;2026;23/03/2026;Risolto da Ente Esterno;false;true;AMA;false
CHIAMAROMA 060606;2026;23/03/2026;Risolto da Ente Esterno;false;true;AMA;false
CHIAMAROMA 060606;2026;23/03/2026;Risolto da Ente Esterno;false;true;AMA;false
POLIZIA LOCALE DI ROMA CAPITALE;2026;23/03/2026;In carico a ente esterno;false;true;POLIZIA LOCALE DI ROMA CAPITALE;false
POLIZIA LOCALE DI ROMA CAPITALE;2026;23/03/2026;In carico a ente esterno;false;true;POLIZIA LOCALE DI ROMA CAPITALE;false
POLIZIA LOCALE DI ROMA CAPITALE;2026;23/03/2026;In carico a ente esterno;false;true;POLIZIA LOCALE DI ROMA CAPITALE;false
POLIZIA LOCALE DI ROMA CAPITALE;2026;23/03/2026;In carico a ente esterno;false;true;POLIZIA LOCALE DI ROMA CAPITALE;false
POLIZIA LOCALE DI ROMA CAPITALE;2026;23/03/2026;In carico a ente esterno;false;true;POLIZIA LOCALE DI ROMA CAPITALE;false
POLIZIA LOCALE (14° Gruppo MONTEMARIO);2026;23/03/2026;Risolto al secondo livello;false;false;;false
CHIAMAROMA 060606;2026;23/03/2026;Non più necessario;false;false;;false
POLIZIA LOCALE DI ROMA CAPITALE;2026;23/03/2026;In carico a ente esterno;false;true;POLIZIA LOCALE DI ROMA CAPITALE;true
DIPARTIMENTO MOBILITA’ SOSTENIBILE E TRASPORTI;2026;23/03/2026;Non più necessario;false;false;;false
CHIAMAROMA 060606;2026;23/03/2026;Risolto al secondo livello;false;false;;false
CHIAMAROMA 060606;2026;23/03/2026;Risolto al secondo livello;false;false;;false
CHIAMAROMA 060606;2026;23/03/2026;Risolto al primo livello;false;false;;false
POLIZIA LOCALE DI ROMA CAPITALE;2026;23/03/2026;In carico a ente esterno;false;true;POLIZIA LOCALE DI ROMA CAPITALE;false
POLIZIA LOCALE DI ROMA CAPITALE;2026;23/03/2026;In carico a ente esterno;false;true;POLIZIA LOCALE DI ROMA CAPITALE;false
POLIZIA LOCALE DI ROMA CAPITALE;2026;23/03/2026;In carico a ente esterno;false;true;POLIZIA LOCALE DI ROMA CAPITALE;false
POLIZIA LOCALE DI ROMA CAPITALE;2026;23/03/2026;In carico a ente esterno;false;true;POLIZIA LOCALE DI ROMA CAPITALE;false
POLIZIA LOCALE DI ROMA CAPITALE;2026;23/03/2026;In carico a ente esterno;false;true;POLIZIA LOCALE DI ROMA CAPITALE;false
POLIZIA LOCALE DI ROMA CAPITALE;2026;23/03/2026;In carico a ente esterno;false;true;POLIZIA LOCALE DI ROMA CAPITALE;false
POLIZIA LOCALE DI ROMA CAPITALE;2026;23/03/2026;Risolto al secondo livello;false;false;;false
POLIZIA LOCALE DI ROMA CAPITALE;2026;23/03/2026;In carico a ente esterno;false;true;POLIZIA LOCALE DI ROMA CAPITALE;true
CHIAMAROMA 060606;2026;23/03/2026;Risolto al primo livello;false;false;;true
CHIAMAROMA 060606;2026;23/03/2026;In carico a ente esterno;false;true;POLIZIA LOCALE DI ROMA CAPITALE;true
CHIAMAROMA 060606;2026;23/03/2026;Risolto al secondo livello;false;false;;false
CHIAMAROMA 060606;2026;23/03/2026;In carico a ente esterno;false;true;POLIZIA LOCALE DI ROMA CAPITALE;true
CHIAMAROMA 060606;2026;23/03/2026;Risolto al secondo livello;false;true;AMA;false
MUNICIPIO VII;2026;23/03/2026;Risolto al primo livello;false;false;;false
CHIAMAROMA 060606;2026;23/03/2026;Risolto al primo livello;false;false;;false
POLIZIA LOCALE DI ROMA CAPITALE;2026;23/03/2026;In carico a ente esterno;false;true;POLIZIA LOCALE DI ROMA CAPITALE;false
POLIZIA LOCALE DI ROMA CAPITALE;2026;23/03/2026;In carico a ente esterno;false;true;POLIZIA LOCALE DI ROMA CAPITALE;false
POLIZIA LOCALE DI ROMA CAPITALE;2026;23/03/2026;In carico a ente esterno;false;true;POLIZIA LOCALE DI ROMA CAPITALE;false
POLIZIA LOCALE DI ROMA CAPITALE;2026;23/03/2026;In carico a ente esterno;false;true;POLIZIA LOCALE DI ROMA CAPITALE;false
CHIAMAROMA 060606;2026;23/03/2026;Risolto al primo livello;false;false;;false
CHIAMAROMA 060606;2026;23/03/2026;In carico a ente esterno;false;true;POLIZIA LOCALE DI ROMA CAPITALE;true
CHIAMAROMA 060606;2026;23/03/2026;Risolto al secondo livello;false;false;;false
GABINETTO DEL SINDACO;2026;23/03/2026;In carico a ente esterno;false;true;POLIZIA LOCALE DI ROMA CAPITALE;false
MUNICIPIO III;2026;23/03/2026;In carico a ente esterno;false;true;POLIZIA LOCALE DI ROMA CAPITALE;false
CHIAMAROMA 060606;2026;23/03/2026;In carico a ente esterno;false;true;POLIZIA LOCALE DI ROMA CAPITALE;true
MUNICIPIO II;2026;23/03/2026;Non più necessario;false;false;;false
CHIAMAROMA 060606;2026;23/03/2026;In carico a ente esterno;false;true;POLIZIA LOCALE DI ROMA CAPITALE;true
CHIAMAROMA 060606;2026;23/03/2026;Risolto al secondo livello;false;false;;false
CHIAMAROMA 060606;2026;23/03/2026;Risolto al secondo livello;false;false;;false
CHIAMAROMA 060606;2026;23/03/2026;In carico a ente esterno;false;true;POLIZIA LOCALE DI ROMA CAPITALE;true
CHIAMAROMA 060606;2026;23/03/2026;Risolto al secondo livello;false;false;;false
POLIZIA LOCALE (14° Gruppo MONTEMARIO);2026;23/03/2026;Risolto al secondo livello;false;false;;false
CHIAMAROMA 060606;2026;23/03/2026;Risolto al secondo livello;false;false;;false
CHIAMAROMA 060606;2026;23/03/2026;In carico a ente esterno;false;true;POLIZIA LOCALE DI ROMA CAPITALE;true
CHIAMAROMA 060606;2026;23/03/2026;Risolto da Ente Esterno;false;true;AMA;false
CHIAMAROMA 060606;2026;23/03/2026;Risolto da Ente Esterno;false;true;AMA;false
CHIAMAROMA 060606;2026;23/03/2026;Risolto da Ente Esterno;false;true;AMA;false
CHIAMAROMA 060606;2026;23/03/2026;Risolto da Ente Esterno;false;true;AMA;false
CHIAMAROMA 060606;2026;23/03/2026;Risolto da Ente Esterno;false;true;AMA;false
CHIAMAROMA 060606;2026;23/03/2026;Risolto da Ente Esterno;false;true;AMA;false
AMA;2026;23/03/2026;Risolto da Ente Esterno;false;true;AMA;false
CHIAMAROMA 060606;2026;23/03/2026;Risolto da Ente Esterno;false;true;AMA;false
AMA;2026;23/03/2026;Risolto da Ente Esterno;false;true;AMA;false
CHIAMAROMA 060606;2026;23/03/2026;Risolto da Ente Esterno;false;true;AMA;false
CHIAMAROMA 060606;2026;23/03/2026;Risolto da Ente Esterno;false;true;AMA;false
CHIAMAROMA 060606;2026;23/03/2026;Risolto da Ente Esterno;false;true;AMA;false
CHIAMAROMA 060606;2026;23/03/2026;Risolto da Ente Esterno;false;true;AMA;false
CHIAMAROMA 060606;2026;23/03/2026;Risolto da Ente Esterno;false;true;AMA;false
CHIAMAROMA 060606;2026;23/03/2026;Risolto da Ente Esterno;false;true;AMA;false
CHIAMAROMA 060606;2026;23/03/2026;Risolto da Ente Esterno;false;true;AMA;false
CHIAMAROMA 060606;2026;23/03/2026;Risolto da Ente Esterno;false;true;AMA;false
CHIAMAROMA 060606;2026;23/03/2026;Risolto da Ente Esterno;false;true;AMA;false
CHIAMAROMA 060606;2026;23/03/2026;Risolto da Ente Esterno;false;true;AMA;false
CHIAMAROMA 060606;2026;23/03/2026;Risolto da Ente Esterno;false;true;AMA;false
CHIAMAROMA 060606;2026;23/03/2026;Risolto da Ente Esterno;false;true;AMA;false
;2026;23/03/2026;In carico a ente esterno;false;true;POLIZIA LOCALE DI ROMA CAPITALE;false
POLIZIA LOCALE DI ROMA CAPITALE;2026;23/03/2026;In carico a ente esterno;false;true;POLIZIA LOCALE DI ROMA CAPITALE;false
POLIZIA LOCALE DI ROMA CAPITALE;2026;23/03/2026;In carico a ente esterno;false;true;POLIZIA LOCALE DI ROMA CAPITALE;false
CHIAMAROMA 060606;2026;23/03/2026;In carico a ente esterno;false;true;POLIZIA LOCALE DI ROMA CAPITALE;true
DIPARTIMENTO TUTELA AMBIENTALE;2026;23/03/2026;Risolto al secondo livello;false;false;;false
CHIAMAROMA 060606;2026;23/03/2026;Risolto al secondo livello;false;false;;false
CHIAMAROMA 060606;2026;23/03/2026;Risolto al secondo livello;false;false;;false
CHIAMAROMA 060606;2026;23/03/2026;Non più necessario;false;false;;false
CHIAMAROMA 060606;2026;23/03/2026;Non più necessario;false;false;;false
CHIAMAROMA 060606;2026;23/03/2026;In carico a ente esterno;false;false;;false
DIPARTIMENTO VALORIZZAZIONE DEL PATRIMONIO E POLITICHE ABITATIVE;2026;23/03/2026;Risolto al secondo livello;false;false;;false
CHIAMAROMA 060606;2026;23/03/2026;In carico a ente esterno;false;true;POLIZIA LOCALE DI ROMA CAPITALE;true
CHIAMAROMA 060606;2026;23/03/2026;In carico a ente esterno;false;false;;false
CHIAMAROMA 060606;2026;23/03/2026;Mancata risposta del cittadino;false;false;;false
AMA;2026;23/03/2026;Risolto al secondo livello;false;true;AMA;false
CHIAMAROMA 060606;2026;23/03/2026;In carico a ente esterno;false;true;POLIZIA LOCALE DI ROMA CAPITALE;true
CHIAMAROMA 060606;2026;23/03/2026;Risolto al secondo livello;false;false;;false
CHIAMAROMA 060606;2026;23/03/2026;Risolto al secondo livello;false;true;AMA;false
CHIAMAROMA 060606;2026;23/03/2026;Risolto al secondo livello;false;false;;false
CHIAMAROMA 060606;2026;23/03/2026;In carico a ente esterno;false;true;POLIZIA LOCALE DI ROMA CAPITALE;true
POLIZIA LOCALE DI ROMA CAPITALE;2026;23/03/2026;In carico a ente esterno;false;true;POLIZIA LOCALE DI ROMA CAPITALE;false
POLIZIA LOCALE DI ROMA CAPITALE;2026;23/03/2026;In carico a ente esterno;false;true;POLIZIA LOCALE DI ROMA CAPITALE;false
CHIAMAROMA 060606;2026;23/03/2026;Risolto al primo livello;false;false;;false
CHIAMAROMA 060606;2026;23/03/2026;In carico a ente esterno;false;true;POLIZIA LOCALE DI ROMA CAPITALE;true
CHIAMAROMA 060606;2026;23/03/2026;Risolto al secondo livello;false;true;AMA;false
CHIAMAROMA 060606;2026;23/03/2026;In carico a ente esterno;false;true;POLIZIA LOCALE DI ROMA CAPITALE;true
CHIAMAROMA 060606;2026;23/03/2026;Risolto al secondo livello;false;true;AMA;false
DIPARTIMENTO MOBILITA’ SOSTENIBILE E TRASPORTI;2026;23/03/2026;Risolto al primo livello;false;false;;false
CHIAMAROMA 060606;2026;23/03/2026;Risolto al primo livello;false;false;;false
POLIZIA LOCALE (8° Gruppo TINTORETTO);2026;23/03/2026;Risolto al secondo livello;false;false;;false
CHIAMAROMA 060606;2026;23/03/2026;In carico a ente esterno;false;true;POLIZIA LOCALE DI ROMA CAPITALE;true
CHIAMAROMA 060606;2026;23/03/2026;In carico a ente esterno;false;true;POLIZIA LOCALE DI ROMA CAPITALE;true
CHIAMAROMA 060606;2026;23/03/2026;Risolto al secondo livello;false;false;;false
BACK OFFICE ROMA CAPITALE;2026;23/03/2026;Risolto da Ente Esterno;false;true;AMA;false
CHIAMAROMA 060606;2026;23/03/2026;Risolto da Ente Esterno;false;true;AMA;false
CHIAMAROMA 060606;2026;23/03/2026;Risolto da Ente Esterno;false;true;AMA;false
CHIAMAROMA 060606;2026;23/03/2026;Risolto da Ente Esterno;false;true;AMA;false
CHIAMAROMA 060606;2026;23/03/2026;Risolto da Ente Esterno;false;true;AMA;false
AMA;2026;23/03/2026;Risolto da Ente Esterno;false;true;AMA;false
AMA;2026;23/03/2026;Risolto da Ente Esterno;false;true;AMA;false
CHIAMAROMA 060606;2026;23/03/2026;Risolto da Ente Esterno;false;true;AMA;false
CHIAMAROMA 060606;2026;23/03/2026;Risolto da Ente Esterno;false;true;AMA;false
POLIZIA LOCALE DI ROMA CAPITALE;2026;23/03/2026;In carico a ente esterno;false;true;POLIZIA LOCALE DI ROMA CAPITALE;false
POLIZIA LOCALE DI ROMA CAPITALE;2026;23/03/2026;In carico a ente esterno;false;true;POLIZIA LOCALE DI ROMA CAPITALE;false
CHIAMAROMA 060606;2026;23/03/2026;Risolto al primo livello;false;false;;true
CHIAMAROMA 060606;2026;23/03/2026;In carico a ente esterno;false;true;POLIZIA LOCALE DI ROMA CAPITALE;true
POLIZIA LOCALE (5° Gruppo CASILINO);2026;23/03/2026;Risolto al secondo livello;false;false;;false
GABINETTO DEL SINDACO;2026;23/03/2026;In carico a ente esterno;false;true;POLIZIA LOCALE DI ROMA CAPITALE;false
CHIAMAROMA 060606;2026;23/03/2026;In carico a ente esterno;false;true;POLIZIA LOCALE DI ROMA CAPITALE;true
POLIZIA LOCALE DI ROMA CAPITALE;2026;23/03/2026;In carico a ente esterno;false;true;POLIZIA LOCALE DI ROMA CAPITALE;false
POLIZIA LOCALE DI ROMA CAPITALE;2026;23/03/2026;In carico a ente esterno;false;true;POLIZIA LOCALE DI ROMA CAPITALE;false
POLIZIA LOCALE DI ROMA CAPITALE;2026;23/03/2026;In carico a ente esterno;false;true;POLIZIA LOCALE DI ROMA CAPITALE;false
POLIZIA LOCALE DI ROMA CAPITALE;2026;23/03/2026;In carico a ente esterno;false;true;POLIZIA LOCALE DI ROMA CAPITALE;false
CHIAMAROMA 060606;2026;23/03/2026;In carico a ente esterno;false;true;POLIZIA LOCALE DI ROMA CAPITALE;true
CHIAMAROMA 060606;2026;23/03/2026;In carico a ente esterno;false;true;POLIZIA LOCALE DI ROMA CAPITALE;true
CHIAMAROMA 060606;2026;23/03/2026;In carico a ente esterno;false;true;POLIZIA LOCALE DI ROMA CAPITALE;true
CHIAMAROMA 060606;2026;23/03/2026;In carico a ente esterno;false;true;POLIZIA LOCALE DI ROMA CAPITALE;true
CHIAMAROMA 060606;2026;23/03/2026;In carico a ente esterno;false;true;POLIZIA LOCALE DI ROMA CAPITALE;true
CHIAMAROMA 060606;2026;23/03/2026;In carico a ente esterno;false;true;POLIZIA LOCALE DI ROMA CAPITALE;true
CHIAMAROMA 060606;2026;23/03/2026;In carico a ente esterno;false;true;POLIZIA LOCALE DI ROMA CAPITALE;true
CHIAMAROMA 060606;2026;23/03/2026;In carico a ente esterno;false;true;POLIZIA LOCALE DI ROMA CAPITALE;true
POLIZIA LOCALE DI ROMA CAPITALE;2026;23/03/2026;In carico a ente esterno;false;true;POLIZIA LOCALE DI ROMA CAPITALE;false
CHIAMAROMA 060606;2026;23/03/2026;In carico a ente esterno;false;true;POLIZIA LOCALE DI ROMA CAPITALE;true
CHIAMAROMA 060606;2026;23/03/2026;In carico a ente esterno;false;true;POLIZIA LOCALE DI ROMA CAPITALE;true
CHIAMAROMA 060606;2026;23/03/2026;In carico a ente esterno;false;true;POLIZIA LOCALE DI ROMA CAPITALE;true
POLIZIA LOCALE (8° Gruppo TINTORETTO);2026;23/03/2026;Risolto al secondo livello;false;false;;false
CHIAMAROMA 060606;2026;23/03/2026;In carico a ente esterno;false;true;POLIZIA LOCALE DI ROMA CAPITALE;true
CHIAMAROMA 060606;2026;23/03/2026;Risolto da Ente Esterno;false;true;AMA;false
CHIAMAROMA 060606;2026;23/03/2026;Risolto da Ente Esterno;false;true;AMA;false
CHIAMAROMA 060606;2026;23/03/2026;Risolto da Ente Esterno;false;true;AMA;false
AMA;2026;23/03/2026;Risolto da Ente Esterno;false;true;AMA;false
CHIAMAROMA 060606;2026;23/03/2026;Risolto da Ente Esterno;false;true;AMA;false
AMA;2026;23/03/2026;Risolto da Ente Esterno;false;true;AMA;false
AMA;2026;23/03/2026;Risolto da Ente Esterno;false;true;AMA;false
AMA;2026;23/03/2026;Risolto da Ente Esterno;false;true;AMA;false
CHIAMAROMA 060606;2026;23/03/2026;Risolto da Ente Esterno;false;true;AMA;false
AMA;2026;23/03/2026;Risolto da Ente Esterno;false;true;AMA;true
AMA;2026;23/03/2026;Risolto da Ente Esterno;false;true;AMA;false
CHIAMAROMA 060606;2026;23/03/2026;Risolto da Ente Esterno;false;true;AMA;false
CHIAMAROMA 060606;2026;23/03/2026;In carico a ente esterno;false;true;POLIZIA LOCALE DI ROMA CAPITALE;true
CHIAMAROMA 060606;2026;23/03/2026;In carico a ente esterno;false;true;POLIZIA LOCALE DI ROMA CAPITALE;true
CHIAMAROMA 060606;2026;23/03/2026;In carico a ente esterno;false;true;POLIZIA LOCALE DI ROMA CAPITALE;true
CHIAMAROMA 060606;2026;23/03/2026;Risolto al primo livello;false;false;;true
CHIAMAROMA 060606;2026;23/03/2026;In carico a ente esterno;false;true;POLIZIA LOCALE DI ROMA CAPITALE;true
CHIAMAROMA 060606;2026;23/03/2026;Risolto al primo livello;false;false;;true
POLIZIA LOCALE DI ROMA CAPITALE;2026;23/03/2026;In carico a ente esterno;false;true;POLIZIA LOCALE DI ROMA CAPITALE;false
POLIZIA LOCALE DI ROMA CAPITALE;2026;23/03/2026;In carico a ente esterno;false;true;POLIZIA LOCALE DI ROMA CAPITALE;false
AMA;2026;23/03/2026;Risolto da Ente Esterno;false;true;AMA;false
CHIAMAROMA 060606;2026;23/03/2026;Risolto da Ente Esterno;false;true;AMA;false
AMA;2026;23/03/2026;Risolto da Ente Esterno;false;true;AMA;false
CHIAMAROMA 060606;2026;23/03/2026;Risolto da Ente Esterno;false;true;AMA;false
CHIAMAROMA 060606;2026;23/03/2026;Risolto da Ente Esterno;false;true;AMA;false
AMA;2026;23/03/2026;Risolto da Ente Esterno;false;true;AMA;false
AMA;2026;23/03/2026;Risolto da Ente Esterno;false;true;AMA;false
AMA;2026;23/03/2026;Risolto da Ente Esterno;false;true;AMA;false
CHIAMAROMA 060606;2026;23/03/2026;In carico a ente esterno;false;true;POLIZIA LOCALE DI ROMA CAPITALE;true
POLIZIA LOCALE DI ROMA CAPITALE;2026;23/03/2026;In carico a ente esterno;false;true;POLIZIA LOCALE DI ROMA CAPITALE;false
CHIAMAROMA 060606;2026;24/03/2026;In carico a ente esterno;false;true;POLIZIA LOCALE DI ROMA CAPITALE;true
BACK OFFICE ROMA CAPITALE;2026;24/03/2026;Risolto da Ente Esterno;false;true;AMA;false
CHIAMAROMA 060606;2026;24/03/2026;Risolto da Ente Esterno;false;true;AMA;false
POLIZIA LOCALE DI ROMA CAPITALE;2026;24/03/2026;In carico a ente esterno;false;true;POLIZIA LOCALE DI ROMA CAPITALE;false
CHIAMAROMA 060606;2026;24/03/2026;Risolto da Ente Esterno;false;true;AMA;false
CHIAMAROMA 060606;2026;24/03/2026;Risolto da Ente Esterno;false;true;AMA;false
BACK OFFICE ROMA CAPITALE;2026;24/03/2026;Risolto da Ente Esterno;false;true;AMA;false
CHIAMAROMA 060606;2026;24/03/2026;Risolto da Ente Esterno;false;true;AMA;false
CHIAMAROMA 060606;2026;24/03/2026;Risolto da Ente Esterno;false;true;AMA;false
CHIAMAROMA 060606;2026;24/03/2026;Risolto da Ente Esterno;false;true;AMA;false
CHIAMAROMA 060606;2026;24/03/2026;Risolto da Ente Esterno;false;true;AMA;false
CHIAMAROMA 060606;2026;24/03/2026;Risolto da Ente Esterno;false;true;AMA;false
CHIAMAROMA 060606;2026;24/03/2026;Risolto da Ente Esterno;false;true;AMA;false
CHIAMAROMA 060606;2026;24/03/2026;Risolto da Ente Esterno;false;true;AMA;false
AMA;2026;24/03/2026;Risolto da Ente Esterno;false;true;AMA;false
AMA;2026;24/03/2026;Risolto da Ente Esterno;false;true;AMA;false
AMA;2026;24/03/2026;Risolto da Ente Esterno;false;true;AMA;false
AMA;2026;24/03/2026;Risolto da Ente Esterno;false;true;AMA;false
AMA;2026;24/03/2026;Risolto da Ente Esterno;false;true;AMA;false
AMA;2026;24/03/2026;Risolto da Ente Esterno;false;true;AMA;false
AMA;2026;24/03/2026;Risolto da Ente Esterno;false;true;AMA;false
AMA;2026;24/03/2026;Risolto da Ente Esterno;false;true;AMA;false
AMA;2026;24/03/2026;Risolto da Ente Esterno;false;true;AMA;false
AMA;2026;24/03/2026;Risolto da Ente Esterno;false;true;AMA;false
CHIAMAROMA 060606;2026;24/03/2026;Risolto da Ente Esterno;false;true;AMA;false
CHIAMAROMA 060606;2026;24/03/2026;Risolto da Ente Esterno;false;true;AMA;false
CHIAMAROMA 060606;2026;24/03/2026;Risolto da Ente Esterno;false;true;AMA;false
CHIAMAROMA 060606;2026;24/03/2026;Risolto da Ente Esterno;false;true;AMA;false
CHIAMAROMA 060606;2026;24/03/2026;Risolto da Ente Esterno;false;true;AMA;false
CHIAMAROMA 060606;2026;24/03/2026;In carico a ente esterno;false;true;POLIZIA LOCALE DI ROMA CAPITALE;true
MUNICIPIO XIV;2026;24/03/2026;Risolto da Ente Esterno;false;true;AMA;false
AMA;2026;24/03/2026;Risolto da Ente Esterno;false;true;AMA;false
AMA;2026;24/03/2026;Risolto da Ente Esterno;false;true;AMA;false
CHIAMAROMA 060606;2026;24/03/2026;Risolto da Ente Esterno;false;true;AMA;false
CHIAMAROMA 060606;2026;24/03/2026;In carico a ente esterno;false;true;POLIZIA LOCALE DI ROMA CAPITALE;true
CHIAMAROMA 060606;2026;24/03/2026;Risolto al secondo livello;false;true;AMA;false
POLIZIA LOCALE DI ROMA CAPITALE;2026;24/03/2026;In carico a ente esterno;false;true;POLIZIA LOCALE DI ROMA CAPITALE;false
POLIZIA LOCALE DI ROMA CAPITALE;2026;24/03/2026;In carico a ente esterno;false;true;POLIZIA LOCALE DI ROMA CAPITALE;false
CHIAMAROMA 060606;2026;24/03/2026;In carico a ente esterno;false;true;POLIZIA LOCALE DI ROMA CAPITALE;true
DIPARTIMENTO MOBILITA’ SOSTENIBILE E TRASPORTI;2026;24/03/2026;In carico a ente esterno;false;true;POLIZIA LOCALE DI ROMA CAPITALE;false
CHIAMAROMA 060606;2026;24/03/2026;In carico a ente esterno;false;true;POLIZIA LOCALE DI ROMA CAPITALE;true
CHIAMAROMA 060606;2026;24/03/2026;Risolto al secondo livello;false;false;;false
CHIAMAROMA 060606;2026;24/03/2026;Risolto al secondo livello;false;false;;false
POLIZIA LOCALE DI ROMA CAPITALE;2026;24/03/2026;Risolto al secondo livello;false;false;;false
RAGIONERIA GENERALE;2026;24/03/2026;Risolto al secondo livello;false;false;;false
DIPARTIMENTO TUTELA AMBIENTALE;2026;24/03/2026;Non più necessario;false;false;;false
MUNICIPIO II;2026;24/03/2026;Risolto al secondo livello;false;false;;false
CHIAMAROMA 060606;2026;24/03/2026;Risolto al secondo livello;false;false;;false
CHIAMAROMA 060606;2026;24/03/2026;Non più necessario;false;false;;false
CHIAMAROMA 060606;2026;24/03/2026;Risolto al primo livello;false;false;;false
CHIAMAROMA 060606;2026;24/03/2026;Risolto al secondo livello;false;false;;false
DIPARTIMENTO TUTELA AMBIENTALE;2026;24/03/2026;Non più necessario;false;false;;false
CHIAMAROMA 060606;2026;24/03/2026;In carico a ente esterno;false;false;;false
CHIAMAROMA 060606;2026;24/03/2026;Risolto al secondo livello;false;false;;false
POLIZIA LOCALE DI ROMA CAPITALE;2026;24/03/2026;Risolto al secondo livello;false;false;;false
CHIAMAROMA 060606;2026;24/03/2026;Non più necessario;false;false;;false
CHIAMAROMA 060606;2026;24/03/2026;Non più necessario;false;false;;false
CHIAMAROMA 060606;2026;24/03/2026;Risolto al secondo livello;false;false;;false
CHIAMAROMA 060606;2026;24/03/2026;Risolto al secondo livello;false;false;;false
MUNICIPIO I;2026;24/03/2026;Non più necessario;false;false;;false
CHIAMAROMA 060606;2026;24/03/2026;Non più necessario;false;false;;false
DIPARTIMENTO TUTELA AMBIENTALE;2026;24/03/2026;Risolto al secondo livello;false;false;;false
CHIAMAROMA 060606;2026;24/03/2026;Non più necessario;false;false;;false
CHIAMAROMA 060606;2026;24/03/2026;In carico a ente esterno;false;false;;false
POLIZIA LOCALE DI ROMA CAPITALE;2026;24/03/2026;In carico a ente esterno;false;true;POLIZIA LOCALE DI ROMA CAPITALE;false
POLIZIA LOCALE DI ROMA CAPITALE;2026;24/03/2026;In carico a ente esterno;false;true;POLIZIA LOCALE DI ROMA CAPITALE;false
POLIZIA LOCALE DI ROMA CAPITALE;2026;24/03/2026;In carico a ente esterno;false;true;POLIZIA LOCALE DI ROMA CAPITALE;false
POLIZIA LOCALE DI ROMA CAPITALE;2026;24/03/2026;In carico a ente esterno;false;true;POLIZIA LOCALE DI ROMA CAPITALE;false
POLIZIA LOCALE DI ROMA CAPITALE;2026;24/03/2026;In carico a ente esterno;false;true;POLIZIA LOCALE DI ROMA CAPITALE;false
POLIZIA LOCALE DI ROMA CAPITALE;2026;24/03/2026;In carico a ente esterno;false;true;POLIZIA LOCALE DI ROMA CAPITALE;false
GABINETTO DEL SINDACO;2026;24/03/2026;Risolto al secondo livello;false;false;;false
BACK OFFICE ROMA CAPITALE;2026;24/03/2026;Risolto al secondo livello;false;false;;false
CHIAMAROMA 060606;2026;24/03/2026;Risolto al secondo livello;false;true;AMA;false
CHIAMAROMA 060606;2026;24/03/2026;Risolto al secondo livello;false;false;;false
CHIAMAROMA 060606;2026;24/03/2026;In carico a ente esterno;false;true;POLIZIA LOCALE DI ROMA CAPITALE;true
CHIAMAROMA 060606;2026;24/03/2026;Risolto al secondo livello;false;false;;false
CHIAMAROMA 060606;2026;24/03/2026;In carico a ente esterno;false;true;POLIZIA LOCALE DI ROMA CAPITALE;true
MUNICIPIO II;2026;24/03/2026;Risolto al secondo livello;false;false;;false
CHIAMAROMA 060606;2026;24/03/2026;Risolto al secondo livello;false;false;;false
BACK OFFICE ROMA CAPITALE;2026;24/03/2026;Mancata risposta del cittadino;false;false;;false
GABINETTO DEL SINDACO;2026;24/03/2026;Risolto al secondo livello;false;false;;false
MUNICIPIO IX;2026;24/03/2026;Trasferito telefonicamente a call center esterno o per pronto intervento;false;false;;false
CHIAMAROMA 060606;2026;24/03/2026;Risolto al secondo livello;false;false;;false
RAGIONERIA GENERALE;2026;24/03/2026;Risolto al secondo livello;false;false;;false
CHIAMAROMA 060606;2026;24/03/2026;Risolto al secondo livello;false;false;;false
RAGIONERIA GENERALE;2026;24/03/2026;Risolto al secondo livello;false;false;;false
BACK OFFICE ROMA CAPITALE;2026;24/03/2026;In carico a ente esterno;false;true;POLIZIA LOCALE DI ROMA CAPITALE;false
MUNICIPIO III;2026;24/03/2026;In carico a ente esterno;false;true;POLIZIA LOCALE DI ROMA CAPITALE;false
CHIAMAROMA 060606;2026;24/03/2026;Risolto al secondo livello;false;false;;false
BACK OFFICE ROMA CAPITALE;2026;24/03/2026;In carico a ente esterno;false;true;POLIZIA LOCALE DI ROMA CAPITALE;false
CHIAMAROMA 060606;2026;24/03/2026;Risolto al secondo livello;false;false;;false
BACK OFFICE ROMA CAPITALE;2026;24/03/2026;In carico a ente esterno;false;true;POLIZIA LOCALE DI ROMA CAPITALE;false
MUNICIPIO I;2026;24/03/2026;Risolto al secondo livello;false;false;;false
BACK OFFICE ROMA CAPITALE;2026;24/03/2026;In carico a ente esterno;false;true;POLIZIA LOCALE DI ROMA CAPITALE;false
BACK OFFICE ROMA CAPITALE;2026;24/03/2026;In carico a ente esterno;false;true;POLIZIA LOCALE DI ROMA CAPITALE;false
CHIAMAROMA 060606;2026;24/03/2026;Risolto da Ente Esterno;false;true;AMA;false
CHIAMAROMA 060606;2026;24/03/2026;Risolto da Ente Esterno;false;true;AMA;false
CHIAMAROMA 060606;2026;24/03/2026;Risolto da Ente Esterno;false;true;AMA;false
MUNICIPIO IX;2026;24/03/2026;Non lavorabile o dati insufficienti;false;false;;false
CHIAMAROMA 060606;2026;24/03/2026;Risolto da Ente Esterno;false;true;AMA;false
CHIAMAROMA 060606;2026;24/03/2026;Risolto da Ente Esterno;false;true;AMA;false
CHIAMAROMA 060606;2026;24/03/2026;Risolto da Ente Esterno;false;true;AMA;false
CHIAMAROMA 060606;2026;24/03/2026;Risolto da Ente Esterno;false;true;AMA;false
CHIAMAROMA 060606;2026;24/03/2026;Risolto da Ente Esterno;false;true;AMA;false
CHIAMAROMA 060606;2026;24/03/2026;Risolto da Ente Esterno;false;true;AMA;false
CHIAMAROMA 060606;2026;24/03/2026;Risolto da Ente Esterno;false;true;AMA;false
AMA;2026;24/03/2026;Risolto da Ente Esterno;false;true;AMA;false
AMA;2026;24/03/2026;Risolto da Ente Esterno;false;true;AMA;false
AMA;2026;24/03/2026;Risolto da Ente Esterno;false;true;AMA;false
CHIAMAROMA 060606;2026;24/03/2026;Risolto da Ente Esterno;false;true;AMA;false
CHIAMAROMA 060606;2026;24/03/2026;Risolto da Ente Esterno;false;true;AMA;false
CHIAMAROMA 060606;2026;24/03/2026;Risolto da Ente Esterno;false;true;AMA;false
CHIAMAROMA 060606;2026;24/03/2026;Risolto da Ente Esterno;false;true;AMA;false
CHIAMAROMA 060606;2026;24/03/2026;Risolto da Ente Esterno;false;true;AMA;false
AMA;2026;24/03/2026;Risolto da Ente Esterno;false;true;AMA;false
AMA;2026;24/03/2026;Risolto da Ente Esterno;false;true;AMA;false
CHIAMAROMA 060606;2026;24/03/2026;Risolto da Ente Esterno;false;true;AMA;false
AMA;2026;24/03/2026;Risolto da Ente Esterno;false;true;AMA;false
BACK OFFICE ROMA CAPITALE;2026;24/03/2026;Risolto da Ente Esterno;false;true;AMA;false
CHIAMAROMA 060606;2026;24/03/2026;Risolto da Ente Esterno;false;true;AMA;false
CHIAMAROMA 060606;2026;24/03/2026;Risolto da Ente Esterno;false;true;AMA;false
CHIAMAROMA 060606;2026;24/03/2026;Risolto da Ente Esterno;false;true;AMA;false
CHIAMAROMA 060606;2026;24/03/2026;Risolto da Ente Esterno;false;true;AMA;false
CHIAMAROMA 060606;2026;24/03/2026;Risolto da Ente Esterno;false;true;AMA;false
MUNICIPIO IX;2026;24/03/2026;Non lavorabile o dati insufficienti;false;false;;false
MUNICIPIO IX;2026;24/03/2026;Non lavorabile o dati insufficienti;false;false;;false
POLIZIA LOCALE DI ROMA CAPITALE;2026;24/03/2026;In carico a ente esterno;false;true;POLIZIA LOCALE DI ROMA CAPITALE;false
POLIZIA LOCALE DI ROMA CAPITALE;2026;24/03/2026;In carico a ente esterno;false;true;POLIZIA LOCALE DI ROMA CAPITALE;false
POLIZIA LOCALE DI ROMA CAPITALE;2026;24/03/2026;In carico a ente esterno;false;true;POLIZIA LOCALE DI ROMA CAPITALE;false
POLIZIA LOCALE DI ROMA CAPITALE;2026;24/03/2026;In carico a ente esterno;false;true;POLIZIA LOCALE DI ROMA CAPITALE;false
POLIZIA LOCALE DI ROMA CAPITALE;2026;24/03/2026;In carico a ente esterno;false;true;POLIZIA LOCALE DI ROMA CAPITALE;false
POLIZIA LOCALE DI ROMA CAPITALE;2026;24/03/2026;In carico a ente esterno;false;true;POLIZIA LOCALE DI ROMA CAPITALE;false
POLIZIA LOCALE DI ROMA CAPITALE;2026;24/03/2026;In carico a ente esterno;false;true;POLIZIA LOCALE DI ROMA CAPITALE;false
POLIZIA LOCALE DI ROMA CAPITALE;2026;24/03/2026;In carico a ente esterno;false;true;POLIZIA LOCALE DI ROMA CAPITALE;false
CHIAMAROMA 060606;2026;24/03/2026;Risolto al secondo livello;false;false;;false
CHIAMAROMA 060606;2026;24/03/2026;Risolto al secondo livello;false;false;;false
MUNICIPIO IX;2026;24/03/2026;Risolto al secondo livello;false;false;;false
CHIAMAROMA 060606;2026;24/03/2026;Risolto al secondo livello;false;false;;false
CHIAMAROMA 060606;2026;24/03/2026;In carico a ente esterno;false;true;POLIZIA LOCALE DI ROMA CAPITALE;true
MUNICIPIO XIV;2026;24/03/2026;Non lavorabile o dati insufficienti;false;false;;false
DIPARTIMENTO INFRASTRUTTURE E LAVORI PUBBLICI;2026;24/03/2026;Non più necessario;false;false;;false
RAGIONERIA GENERALE;2026;24/03/2026;Risolto al secondo livello;false;false;;false
CHIAMAROMA 060606;2026;24/03/2026;Risolto al secondo livello;false;false;;false
CHIAMAROMA 060606;2026;24/03/2026;In carico a ente esterno;false;true;POLIZIA LOCALE DI ROMA CAPITALE;true
CHIAMAROMA 060606;2026;24/03/2026;In carico a ente esterno;false;true;POLIZIA LOCALE DI ROMA CAPITALE;true
CHIAMAROMA 060606;2026;24/03/2026;Risolto al secondo livello;false;false;;false
CHIAMAROMA 060606;2026;24/03/2026;In carico a ente esterno;false;true;POLIZIA LOCALE DI ROMA CAPITALE;true
CHIAMAROMA 060606;2026;24/03/2026;Risolto al secondo livello;false;false;;false
;2026;24/03/2026;Risolto al secondo livello;false;false;;false
MUNICIPIO V;2026;24/03/2026;Risolto al primo livello;false;false;;true
CHIAMAROMA 060606;2026;24/03/2026;In carico a ente esterno;false;true;POLIZIA LOCALE DI ROMA CAPITALE;true
CHIAMAROMA 060606;2026;24/03/2026;Risolto al secondo livello;false;false;;false
CHIAMAROMA 060606;2026;24/03/2026;Risolto al primo livello;false;false;;true
POLIZIA LOCALE (8° Gruppo TINTORETTO);2026;24/03/2026;Risolto al secondo livello;false;false;;false
POLIZIA LOCALE DI ROMA CAPITALE;2026;24/03/2026;In carico a ente esterno;false;true;POLIZIA LOCALE DI ROMA CAPITALE;false
CHIAMAROMA 060606;2026;24/03/2026;In carico a ente esterno;false;true;POLIZIA LOCALE DI ROMA CAPITALE;true
CHIAMAROMA 060606;2026;24/03/2026;Risolto al secondo livello;false;false;;false
CHIAMAROMA 060606;2026;24/03/2026;In carico a ente esterno;false;true;POLIZIA LOCALE DI ROMA CAPITALE;true
CHIAMAROMA 060606;2026;24/03/2026;In carico a ente esterno;false;true;POLIZIA LOCALE DI ROMA CAPITALE;true
CHIAMAROMA 060606;2026;24/03/2026;Risolto al secondo livello;false;true;AMA;false
CHIAMAROMA 060606;2026;24/03/2026;Risolto al secondo livello;false;false;;false
CHIAMAROMA 060606;2026;24/03/2026;Risolto al secondo livello;false;false;;false
MUNICIPIO III;2026;24/03/2026;Non lavorabile o dati insufficienti;false;false;;false
CHIAMAROMA 060606;2026;24/03/2026;Risolto al secondo livello;false;false;;false
CHIAMAROMA 060606;2026;24/03/2026;Risolto al secondo livello;false;false;;false
CHIAMAROMA 060606;2026;24/03/2026;Risolto al secondo livello;false;false;;false
CHIAMAROMA 060606;2026;24/03/2026;In carico a ente esterno;false;true;POLIZIA LOCALE DI ROMA CAPITALE;true
CHIAMAROMA 060606;2026;24/03/2026;Risolto al secondo livello;false;true;AMA;false
CHIAMAROMA 060606;2026;24/03/2026;Risolto al secondo livello;false;false;;false
CHIAMAROMA 060606;2026;24/03/2026;Risolto al secondo livello;false;false;;false
CHIAMAROMA 060606;2026;24/03/2026;Risolto al secondo livello;false;false;;false
RAGIONERIA GENERALE;2026;24/03/2026;Risolto al secondo livello;false;false;;false
CHIAMAROMA 060606;2026;24/03/2026;Risolto al secondo livello;false;false;;false
RAGIONERIA GENERALE;2026;24/03/2026;Risolto al secondo livello;false;false;;false
CHIAMAROMA 060606;2026;24/03/2026;In carico a ente esterno;false;true;POLIZIA LOCALE DI ROMA CAPITALE;true
CHIAMAROMA 060606;2026;24/03/2026;In carico a ente esterno;false;true;POLIZIA LOCALE DI ROMA CAPITALE;true
POLIZIA LOCALE DI ROMA CAPITALE;2026;24/03/2026;In carico a ente esterno;false;true;POLIZIA LOCALE DI ROMA CAPITALE;false
CHIAMAROMA 060606;2026;24/03/2026;In carico a ente esterno;false;true;POLIZIA LOCALE DI ROMA CAPITALE;false
POLIZIA LOCALE DI ROMA CAPITALE;2026;24/03/2026;In carico a ente esterno;false;true;POLIZIA LOCALE DI ROMA CAPITALE;false
POLIZIA LOCALE DI ROMA CAPITALE;2026;24/03/2026;In carico a ente esterno;false;true;POLIZIA LOCALE DI ROMA CAPITALE;false
POLIZIA LOCALE DI ROMA CAPITALE;2026;24/03/2026;In carico a ente esterno;false;true;POLIZIA LOCALE DI ROMA CAPITALE;false
POLIZIA LOCALE DI ROMA CAPITALE;2026;24/03/2026;In carico a ente esterno;false;true;POLIZIA LOCALE DI ROMA CAPITALE;false
POLIZIA LOCALE DI ROMA CAPITALE;2026;24/03/2026;In carico a ente esterno;false;true;POLIZIA LOCALE DI ROMA CAPITALE;false
CHIAMAROMA 060606;2026;24/03/2026;Risolto al secondo livello;false;false;;false
CHIAMAROMA 060606;2026;24/03/2026;In carico a ente esterno;false;true;POLIZIA LOCALE DI ROMA CAPITALE;true
CHIAMAROMA 060606;2026;24/03/2026;Risolto al secondo livello;false;true;AMA;false
CHIAMAROMA 060606;2026;24/03/2026;In carico a ente esterno;false;true;POLIZIA LOCALE DI ROMA CAPITALE;true
CHIAMAROMA 060606;2026;24/03/2026;Risolto al secondo livello;false;false;;false
CHIAMAROMA 060606;2026;24/03/2026;Risolto al primo livello;false;false;;true
CHIAMAROMA 060606;2026;24/03/2026;Risolto da Ente Esterno;false;true;AMA;false
CHIAMAROMA 060606;2026;24/03/2026;Risolto da Ente Esterno;false;true;AMA;false
CHIAMAROMA 060606;2026;24/03/2026;Risolto da Ente Esterno;false;true;AMA;false
CHIAMAROMA 060606;2026;24/03/2026;Risolto da Ente Esterno;false;true;AMA;false
CHIAMAROMA 060606;2026;24/03/2026;Risolto da Ente Esterno;false;true;AMA;false
CHIAMAROMA 060606;2026;24/03/2026;Risolto da Ente Esterno;false;true;AMA;false
CHIAMAROMA 060606;2026;24/03/2026;Risolto da Ente Esterno;false;true;AMA;false
CHIAMAROMA 060606;2026;24/03/2026;Risolto da Ente Esterno;false;true;AMA;false
CHIAMAROMA 060606;2026;24/03/2026;Risolto da Ente Esterno;false;true;AMA;false
CHIAMAROMA 060606;2026;24/03/2026;Risolto da Ente Esterno;false;true;AMA;false
CHIAMAROMA 060606;2026;24/03/2026;Risolto da Ente Esterno;false;true;AMA;false
CHIAMAROMA 060606;2026;24/03/2026;Risolto da Ente Esterno;false;true;AMA;false
CHIAMAROMA 060606;2026;24/03/2026;Risolto da Ente Esterno;false;true;AMA;false
CHIAMAROMA 060606;2026;24/03/2026;Risolto da Ente Esterno;false;true;AMA;false
MUNICIPIO IV;2026;24/03/2026;Risolto da Ente Esterno;false;true;AMA;false
CHIAMAROMA 060606;2026;24/03/2026;Risolto da Ente Esterno;false;true;AMA;false
CHIAMAROMA 060606;2026;24/03/2026;Risolto da Ente Esterno;false;true;AMA;false
CHIAMAROMA 060606;2026;24/03/2026;Risolto da Ente Esterno;false;true;AMA;false
CHIAMAROMA 060606;2026;24/03/2026;Risolto da Ente Esterno;false;true;AMA;false
CHIAMAROMA 060606;2026;24/03/2026;Risolto da Ente Esterno;false;true;AEQUAROMA;false
CHIAMAROMA 060606;2026;24/03/2026;In carico a ente esterno;false;true;POLIZIA LOCALE DI ROMA CAPITALE;true
CHIAMAROMA 060606;2026;24/03/2026;In carico a ente esterno;false;true;POLIZIA LOCALE DI ROMA CAPITALE;true
POLIZIA LOCALE DI ROMA CAPITALE;2026;24/03/2026;In carico a ente esterno;false;true;POLIZIA LOCALE DI ROMA CAPITALE;false
POLIZIA LOCALE DI ROMA CAPITALE;2026;24/03/2026;In carico a ente esterno;false;true;POLIZIA LOCALE DI ROMA CAPITALE;false
POLIZIA LOCALE DI ROMA CAPITALE;2026;24/03/2026;In carico a ente esterno;false;true;POLIZIA LOCALE DI ROMA CAPITALE;false
POLIZIA LOCALE DI ROMA CAPITALE;2026;24/03/2026;In carico a ente esterno;false;true;POLIZIA LOCALE DI ROMA CAPITALE;false
CHIAMAROMA 060606;2026;24/03/2026;Risolto al primo livello;false;false;;true
CHIAMAROMA 060606;2026;24/03/2026;In carico a ente esterno;false;true;POLIZIA LOCALE DI ROMA CAPITALE;true
CHIAMAROMA 060606;2026;24/03/2026;Risolto al secondo livello;false;false;;false
CHIAMAROMA 060606;2026;24/03/2026;In carico a ente esterno;false;true;POLIZIA LOCALE DI ROMA CAPITALE;true
CHIAMAROMA 060606;2026;24/03/2026;In carico a ente esterno;false;true;POLIZIA LOCALE DI ROMA CAPITALE;true
CHIAMAROMA 060606;2026;24/03/2026;Risolto al secondo livello;false;false;;false
DIPARTIMENTO TUTELA AMBIENTALE;2026;24/03/2026;Risolto al secondo livello;false;false;;false
CHIAMAROMA 060606;2026;24/03/2026;Risolto al secondo livello;false;false;;false
POLIZIA LOCALE DI ROMA CAPITALE;2026;24/03/2026;In carico a ente esterno;false;true;POLIZIA LOCALE DI ROMA CAPITALE;false
POLIZIA LOCALE DI ROMA CAPITALE;2026;24/03/2026;In carico a ente esterno;false;true;POLIZIA LOCALE DI ROMA CAPITALE;false
CHIAMAROMA 060606;2026;24/03/2026;In carico a ente esterno;false;true;POLIZIA LOCALE DI ROMA CAPITALE;true
GABINETTO DEL SINDACO;2026;24/03/2026;Risolto al secondo livello;false;false;;false
MUNICIPIO XI;2026;24/03/2026;Risolto al secondo livello;false;false;;false
CHIAMAROMA 060606;2026;24/03/2026;Risolto al secondo livello;false;false;;false
MUNICIPIO XI;2026;24/03/2026;Risolto al secondo livello;false;false;;false
RAGIONERIA GENERALE;2026;24/03/2026;Risolto al secondo livello;false;false;;false
DIPARTIMENTO TUTELA AMBIENTALE;2026;24/03/2026;In carico a ente esterno;false;false;;false
MUNICIPIO V;2026;24/03/2026;Non lavorabile o dati insufficienti;false;false;;false
RAGIONERIA GENERALE;2026;24/03/2026;Risolto al secondo livello;false;false;;false
CHIAMAROMA 060606;2026;24/03/2026;In carico a ente esterno;false;false;;false
DIPARTIMENTO TUTELA AMBIENTALE;2026;24/03/2026;Non più necessario;false;false;;false
DIPARTIMENTO TUTELA AMBIENTALE;2026;24/03/2026;Non più necessario;false;false;;false
DIPARTIMENTO TUTELA AMBIENTALE;2026;24/03/2026;Non più necessario;false;false;;false
CHIAMAROMA 060606;2026;24/03/2026;In carico a ente esterno;false;true;POLIZIA LOCALE DI ROMA CAPITALE;true
POLIZIA LOCALE DI ROMA CAPITALE;2026;24/03/2026;In carico a ente esterno;false;true;POLIZIA LOCALE DI ROMA CAPITALE;false
POLIZIA LOCALE DI ROMA CAPITALE;2026;24/03/2026;In carico a ente esterno;false;true;POLIZIA LOCALE DI ROMA CAPITALE;false
POLIZIA LOCALE DI ROMA CAPITALE;2026;24/03/2026;In carico a ente esterno;false;true;POLIZIA LOCALE DI ROMA CAPITALE;false
POLIZIA LOCALE DI ROMA CAPITALE;2026;24/03/2026;In carico a ente esterno;false;true;POLIZIA LOCALE DI ROMA CAPITALE;false
POLIZIA LOCALE DI ROMA CAPITALE;2026;24/03/2026;In carico a ente esterno;false;true;POLIZIA LOCALE DI ROMA CAPITALE;false
POLIZIA LOCALE DI ROMA CAPITALE;2026;24/03/2026;In carico a ente esterno;false;true;POLIZIA LOCALE DI ROMA CAPITALE;false
POLIZIA LOCALE DI ROMA CAPITALE;2026;24/03/2026;In carico a ente esterno;false;true;POLIZIA LOCALE DI ROMA CAPITALE;false
POLIZIA LOCALE DI ROMA CAPITALE;2026;24/03/2026;In carico a ente esterno;false;true;POLIZIA LOCALE DI ROMA CAPITALE;false
POLIZIA LOCALE DI ROMA CAPITALE;2026;24/03/2026;In carico a ente esterno;false;true;POLIZIA LOCALE DI ROMA CAPITALE;false
POLIZIA LOCALE DI ROMA CAPITALE;2026;24/03/2026;In carico a ente esterno;false;true;POLIZIA LOCALE DI ROMA CAPITALE;false
MUNICIPIO XI;2026;24/03/2026;Risolto al secondo livello;false;false;;false
DIPARTIMENTO TUTELA AMBIENTALE;2026;24/03/2026;Non più necessario;false;false;;false
MUNICIPIO XI;2026;24/03/2026;Risolto al secondo livello;false;false;;false
MUNICIPIO VI;2026;24/03/2026;Risolto al primo livello;false;false;;false
CHIAMAROMA 060606;2026;24/03/2026;In carico a ente esterno;false;true;POLIZIA LOCALE DI ROMA CAPITALE;true
CHIAMAROMA 060606;2026;24/03/2026;Non più necessario;false;false;;false
CHIAMAROMA 060606;2026;24/03/2026;In carico a ente esterno;false;true;POLIZIA LOCALE DI ROMA CAPITALE;true
CHIAMAROMA 060606;2026;24/03/2026;Risolto al secondo livello;false;true;AMA;false
POLIZIA LOCALE DI ROMA CAPITALE;2026;24/03/2026;Risolto al secondo livello;false;false;;false
CHIAMAROMA 060606;2026;24/03/2026;In carico a ente esterno;false;true;POLIZIA LOCALE DI ROMA CAPITALE;true
CHIAMAROMA 060606;2026;24/03/2026;Non più necessario;false;false;;false
CHIAMAROMA 060606;2026;24/03/2026;Risolto al secondo livello;false;false;;false
CHIAMAROMA 060606;2026;24/03/2026;In carico a ente esterno;false;true;POLIZIA LOCALE DI ROMA CAPITALE;true
DIPARTIMENTO VALORIZZAZIONE DEL PATRIMONIO E POLITICHE ABITATIVE;2026;24/03/2026;Risolto al primo livello;false;false;;false
CHIAMAROMA 060606;2026;24/03/2026;Non più necessario;false;false;;false
DIPARTIMENTO TUTELA AMBIENTALE;2026;24/03/2026;Risolto da Ente Esterno;false;true;AMA;false
CHIAMAROMA 060606;2026;24/03/2026;Risolto da Ente Esterno;false;true;AMA;false
CHIAMAROMA 060606;2026;24/03/2026;Risolto da Ente Esterno;false;true;AMA;false
AMA;2026;24/03/2026;Risolto da Ente Esterno;false;true;AMA;false
CHIAMAROMA 060606;2026;24/03/2026;Risolto da Ente Esterno;false;true;AMA;false
CHIAMAROMA 060606;2026;24/03/2026;Risolto da Ente Esterno;false;true;AMA;false
CHIAMAROMA 060606;2026;24/03/2026;Risolto da Ente Esterno;false;true;AMA;false
CHIAMAROMA 060606;2026;24/03/2026;Risolto da Ente Esterno;false;true;AMA;false
CHIAMAROMA 060606;2026;24/03/2026;Risolto da Ente Esterno;false;true;AMA;false
DIPARTIMENTO TUTELA AMBIENTALE;2026;24/03/2026;Risolto da Ente Esterno;false;true;AMA;false
CHIAMAROMA 060606;2026;24/03/2026;Risolto da Ente Esterno;false;true;AMA;false
CHIAMAROMA 060606;2026;24/03/2026;Risolto da Ente Esterno;false;true;AMA;false
CHIAMAROMA 060606;2026;24/03/2026;Risolto da Ente Esterno;false;true;AMA;false
CHIAMAROMA 060606;2026;24/03/2026;Risolto da Ente Esterno;false;true;AMA;false
CHIAMAROMA 060606;2026;24/03/2026;Risolto da Ente Esterno;false;true;AMA;false
AMA;2026;24/03/2026;Risolto da Ente Esterno;false;true;AMA;false
CHIAMAROMA 060606;2026;24/03/2026;Risolto da Ente Esterno;false;true;AMA;false
CHIAMAROMA 060606;2026;24/03/2026;Risolto da Ente Esterno;false;true;AMA;false
CHIAMAROMA 060606;2026;24/03/2026;Risolto da Ente Esterno;false;true;AMA;false
POLIZIA LOCALE DI ROMA CAPITALE;2026;24/03/2026;In carico a ente esterno;false;true;POLIZIA LOCALE DI ROMA CAPITALE;false
CHIAMAROMA 060606;2026;24/03/2026;In carico a ente esterno;false;true;POLIZIA LOCALE DI ROMA CAPITALE;true
CHIAMAROMA 060606;2026;24/03/2026;In carico a ente esterno;false;true;POLIZIA LOCALE DI ROMA CAPITALE;true
DIPARTIMENTO SCUOLA, LAVORO E FORMAZIONE PROFESSIONALE;2026;24/03/2026;Risolto al secondo livello;false;false;;false
CHIAMAROMA 060606;2026;24/03/2026;In carico a ente esterno;false;true;POLIZIA LOCALE DI ROMA CAPITALE;false
POLIZIA LOCALE DI ROMA CAPITALE;2026;24/03/2026;In carico a ente esterno;false;true;POLIZIA LOCALE DI ROMA CAPITALE;false
POLIZIA LOCALE DI ROMA CAPITALE;2026;24/03/2026;In carico a ente esterno;false;true;POLIZIA LOCALE DI ROMA CAPITALE;false
POLIZIA LOCALE DI ROMA CAPITALE;2026;24/03/2026;In carico a ente esterno;false;true;POLIZIA LOCALE DI ROMA CAPITALE;false
POLIZIA LOCALE DI ROMA CAPITALE;2026;24/03/2026;In carico a ente esterno;false;true;POLIZIA LOCALE DI ROMA CAPITALE;false
POLIZIA LOCALE DI ROMA CAPITALE;2026;24/03/2026;In carico a ente esterno;false;true;POLIZIA LOCALE DI ROMA CAPITALE;false
POLIZIA LOCALE DI ROMA CAPITALE;2026;24/03/2026;In carico a ente esterno;false;true;POLIZIA LOCALE DI ROMA CAPITALE;false
POLIZIA LOCALE DI ROMA CAPITALE;2026;24/03/2026;In carico a ente esterno;false;true;POLIZIA LOCALE DI ROMA CAPITALE;false
DIPARTIMENTO SCUOLA, LAVORO E FORMAZIONE PROFESSIONALE;2026;24/03/2026;Risolto al secondo livello;false;false;;false
CHIAMAROMA 060606;2026;24/03/2026;In carico a ente esterno;false;true;POLIZIA LOCALE DI ROMA CAPITALE;true
MUNICIPIO V;2026;24/03/2026;Risolto al primo livello;false;false;;false
MUNICIPIO V;2026;24/03/2026;Risolto al primo livello;false;false;;false
CHIAMAROMA 060606;2026;24/03/2026;Risolto al secondo livello;false;false;;false
CHIAMAROMA 060606;2026;24/03/2026;In carico a ente esterno;false;true;POLIZIA LOCALE DI ROMA CAPITALE;true
CHIAMAROMA 060606;2026;24/03/2026;In carico a ente esterno;false;true;POLIZIA LOCALE DI ROMA CAPITALE;true
MUNICIPIO XI;2026;24/03/2026;Non lavorabile o dati insufficienti;false;false;;false
POLIZIA LOCALE DI ROMA CAPITALE;2026;24/03/2026;In carico a ente esterno;false;true;POLIZIA LOCALE DI ROMA CAPITALE;false
POLIZIA LOCALE DI ROMA CAPITALE;2026;24/03/2026;In carico a ente esterno;false;true;POLIZIA LOCALE DI ROMA CAPITALE;false
CHIAMAROMA 060606;2026;24/03/2026;In carico a ente esterno;false;true;POLIZIA LOCALE DI ROMA CAPITALE;true
CHIAMAROMA 060606;2026;24/03/2026;In carico a ente esterno;false;true;POLIZIA LOCALE DI ROMA CAPITALE;true
CHIAMAROMA 060606;2026;24/03/2026;In carico a ente esterno;false;true;POLIZIA LOCALE DI ROMA CAPITALE;true
CHIAMAROMA 060606;2026;24/03/2026;In carico a ente esterno;false;true;POLIZIA LOCALE DI ROMA CAPITALE;true
CHIAMAROMA 060606;2026;24/03/2026;In carico a ente esterno;false;true;POLIZIA LOCALE DI ROMA CAPITALE;true
CHIAMAROMA 060606;2026;24/03/2026;In carico a ente esterno;false;true;POLIZIA LOCALE DI ROMA CAPITALE;true
CHIAMAROMA 060606;2026;24/03/2026;In carico a ente esterno;false;true;POLIZIA LOCALE DI ROMA CAPITALE;true
CHIAMAROMA 060606;2026;24/03/2026;In carico a ente esterno;false;true;POLIZIA LOCALE DI ROMA CAPITALE;true
AMA;2026;24/03/2026;Risolto da Ente Esterno;false;true;AMA;false
CHIAMAROMA 060606;2026;24/03/2026;Risolto da Ente Esterno;false;true;AMA;false
CHIAMAROMA 060606;2026;24/03/2026;Risolto da Ente Esterno;false;true;AMA;false
CHIAMAROMA 060606;2026;24/03/2026;In carico a ente esterno;false;true;POLIZIA LOCALE DI ROMA CAPITALE;true
POLIZIA LOCALE DI ROMA CAPITALE;2026;24/03/2026;In carico a ente esterno;false;true;POLIZIA LOCALE DI ROMA CAPITALE;false
POLIZIA LOCALE DI ROMA CAPITALE;2026;24/03/2026;In carico a ente esterno;false;true;POLIZIA LOCALE DI ROMA CAPITALE;false
POLIZIA LOCALE DI ROMA CAPITALE;2026;24/03/2026;In carico a ente esterno;false;true;POLIZIA LOCALE DI ROMA CAPITALE;false
POLIZIA LOCALE DI ROMA CAPITALE;2026;24/03/2026;In carico a ente esterno;false;true;POLIZIA LOCALE DI ROMA CAPITALE;false
POLIZIA LOCALE DI ROMA CAPITALE;2026;24/03/2026;In carico a ente esterno;false;true;POLIZIA LOCALE DI ROMA CAPITALE;false
POLIZIA LOCALE DI ROMA CAPITALE;2026;24/03/2026;In carico a ente esterno;false;true;POLIZIA LOCALE DI ROMA CAPITALE;false
POLIZIA LOCALE DI ROMA CAPITALE;2026;24/03/2026;In carico a ente esterno;false;true;POLIZIA LOCALE DI ROMA CAPITALE;false
POLIZIA LOCALE DI ROMA CAPITALE;2026;24/03/2026;In carico a ente esterno;false;true;POLIZIA LOCALE DI ROMA CAPITALE;false
POLIZIA LOCALE DI ROMA CAPITALE;2026;24/03/2026;In carico a ente esterno;false;true;POLIZIA LOCALE DI ROMA CAPITALE;false
CHIAMAROMA 060606;2026;24/03/2026;Risolto al primo livello;false;false;;true
CHIAMAROMA 060606;2026;24/03/2026;In carico a ente esterno;false;true;POLIZIA LOCALE DI ROMA CAPITALE;true
CHIAMAROMA 060606;2026;24/03/2026;In carico a ente esterno;false;true;POLIZIA LOCALE DI ROMA CAPITALE;true
POLIZIA LOCALE DI ROMA CAPITALE;2026;24/03/2026;In carico a ente esterno;false;true;POLIZIA LOCALE DI ROMA CAPITALE;false
POLIZIA LOCALE DI ROMA CAPITALE;2026;24/03/2026;In carico a ente esterno;false;true;POLIZIA LOCALE DI ROMA CAPITALE;false
POLIZIA LOCALE DI ROMA CAPITALE;2026;24/03/2026;In carico a ente esterno;false;true;POLIZIA LOCALE DI ROMA CAPITALE;false
POLIZIA LOCALE DI ROMA CAPITALE;2026;24/03/2026;In carico a ente esterno;false;true;POLIZIA LOCALE DI ROMA CAPITALE;false
POLIZIA LOCALE DI ROMA CAPITALE;2026;24/03/2026;In carico a ente esterno;false;true;POLIZIA LOCALE DI ROMA CAPITALE;false
CHIAMAROMA 060606;2026;25/03/2026;Risolto da Ente Esterno;false;true;AMA;false
CHIAMAROMA 060606;2026;25/03/2026;Risolto da Ente Esterno;false;true;AMA;false
CHIAMAROMA 060606;2026;25/03/2026;Risolto da Ente Esterno;false;true;AMA;false
CHIAMAROMA 060606;2026;25/03/2026;Risolto da Ente Esterno;false;true;AMA;false
CHIAMAROMA 060606;2026;25/03/2026;Risolto da Ente Esterno;false;true;AMA;false
CHIAMAROMA 060606;2026;25/03/2026;Risolto da Ente Esterno;false;true;AMA;false
CHIAMAROMA 060606;2026;25/03/2026;Risolto da Ente Esterno;false;true;AMA;false
CHIAMAROMA 060606;2026;25/03/2026;Risolto da Ente Esterno;false;true;AMA;false
CHIAMAROMA 060606;2026;25/03/2026;Risolto da Ente Esterno;false;true;AMA;false
CHIAMAROMA 060606;2026;25/03/2026;Risolto da Ente Esterno;false;true;AMA;false
CHIAMAROMA 060606;2026;25/03/2026;Risolto da Ente Esterno;false;true;AMA;false
CHIAMAROMA 060606;2026;25/03/2026;Risolto da Ente Esterno;false;true;AMA;false
CHIAMAROMA 060606;2026;25/03/2026;Risolto da Ente Esterno;false;true;AMA;false
AMA;2026;25/03/2026;Risolto da Ente Esterno;false;true;AMA;false
DIPARTIMENTO TUTELA AMBIENTALE;2026;25/03/2026;Risolto da Ente Esterno;false;true;AMA;false
AMA;2026;25/03/2026;Risolto da Ente Esterno;false;true;AMA;false
DIPARTIMENTO TUTELA AMBIENTALE;2026;25/03/2026;Risolto da Ente Esterno;false;true;AMA;false
CHIAMAROMA 060606;2026;25/03/2026;Risolto da Ente Esterno;false;true;AMA;false
CHIAMAROMA 060606;2026;25/03/2026;Risolto da Ente Esterno;false;true;AMA;false
CHIAMAROMA 060606;2026;25/03/2026;Risolto da Ente Esterno;false;true;AMA;false
CHIAMAROMA 060606;2026;25/03/2026;Risolto da Ente Esterno;false;true;AMA;false
CHIAMAROMA 060606;2026;25/03/2026;Risolto da Ente Esterno;false;true;AMA;false
CHIAMAROMA 060606;2026;25/03/2026;Risolto da Ente Esterno;false;true;AMA;false
AMA;2026;25/03/2026;Risolto da Ente Esterno;false;true;AMA;false
AMA;2026;25/03/2026;Risolto da Ente Esterno;false;true;AMA;false
AMA;2026;25/03/2026;Risolto da Ente Esterno;false;true;AMA;false
AMA;2026;25/03/2026;Risolto da Ente Esterno;false;true;AMA;false
CHIAMAROMA 060606;2026;25/03/2026;Risolto da Ente Esterno;false;true;AMA;false
AMA;2026;25/03/2026;Risolto da Ente Esterno;false;true;AMA;false
AMA;2026;25/03/2026;Risolto da Ente Esterno;false;true;AMA;false
CHIAMAROMA 060606;2026;25/03/2026;Risolto da Ente Esterno;false;true;AMA;false
AMA;2026;25/03/2026;Risolto da Ente Esterno;false;true;AMA;false
CHIAMAROMA 060606;2026;25/03/2026;Risolto da Ente Esterno;false;true;AMA;false
CHIAMAROMA 060606;2026;25/03/2026;Risolto da Ente Esterno;false;true;AMA;false
CHIAMAROMA 060606;2026;25/03/2026;Risolto da Ente Esterno;false;true;AMA;false
CHIAMAROMA 060606;2026;25/03/2026;In carico a ente esterno;false;true;POLIZIA LOCALE DI ROMA CAPITALE;true
POLIZIA LOCALE DI ROMA CAPITALE;2026;25/03/2026;In carico a ente esterno;false;true;POLIZIA LOCALE DI ROMA CAPITALE;false
POLIZIA LOCALE DI ROMA CAPITALE;2026;25/03/2026;In carico a ente esterno;false;true;POLIZIA LOCALE DI ROMA CAPITALE;false
POLIZIA LOCALE DI ROMA CAPITALE;2026;25/03/2026;In carico a ente esterno;false;true;POLIZIA LOCALE DI ROMA CAPITALE;false
POLIZIA LOCALE DI ROMA CAPITALE;2026;25/03/2026;In carico a ente esterno;false;true;POLIZIA LOCALE DI ROMA CAPITALE;false
POLIZIA LOCALE DI ROMA CAPITALE;2026;25/03/2026;In carico a ente esterno;false;true;POLIZIA LOCALE DI ROMA CAPITALE;false
CHIAMAROMA 060606;2026;25/03/2026;In carico a ente esterno;false;true;POLIZIA LOCALE DI ROMA CAPITALE;true
CHIAMAROMA 060606;2026;25/03/2026;Risolto al primo livello;false;false;;false
CHIAMAROMA 060606;2026;25/03/2026;Risolto al primo livello;false;false;;false
DIPARTIMENTO VALORIZZAZIONE DEL PATRIMONIO E POLITICHE ABITATIVE;2026;25/03/2026;Risolto al secondo livello;false;false;;false
CHIAMAROMA 060606;2026;25/03/2026;In carico a ente esterno;false;true;POLIZIA LOCALE DI ROMA CAPITALE;true
CHIAMAROMA 060606;2026;25/03/2026;Risolto al secondo livello;false;false;;false
CHIAMAROMA 060606;2026;25/03/2026;Risolto al secondo livello;false;false;;false
CHIAMAROMA 060606;2026;25/03/2026;In carico a ente esterno;false;true;POLIZIA LOCALE DI ROMA CAPITALE;true
CHIAMAROMA 060606;2026;25/03/2026;In carico a ente esterno;false;true;POLIZIA LOCALE DI ROMA CAPITALE;true
CHIAMAROMA 060606;2026;25/03/2026;In carico a ente esterno;false;true;POLIZIA LOCALE DI ROMA CAPITALE;true
CHIAMAROMA 060606;2026;25/03/2026;Risolto al primo livello;false;false;;false
CHIAMAROMA 060606;2026;25/03/2026;In carico a ente esterno;false;true;POLIZIA LOCALE DI ROMA CAPITALE;true
POLIZIA LOCALE DI ROMA CAPITALE;2026;25/03/2026;In carico a ente esterno;false;true;POLIZIA LOCALE DI ROMA CAPITALE;false
POLIZIA LOCALE DI ROMA CAPITALE;2026;25/03/2026;In carico a ente esterno;false;true;POLIZIA LOCALE DI ROMA CAPITALE;false
POLIZIA LOCALE DI ROMA CAPITALE;2026;25/03/2026;In carico a ente esterno;false;true;POLIZIA LOCALE DI ROMA CAPITALE;false
POLIZIA LOCALE DI ROMA CAPITALE;2026;25/03/2026;In carico a ente esterno;false;true;POLIZIA LOCALE DI ROMA CAPITALE;false
POLIZIA LOCALE DI ROMA CAPITALE;2026;25/03/2026;In carico a ente esterno;false;true;POLIZIA LOCALE DI ROMA CAPITALE;false
POLIZIA LOCALE DI ROMA CAPITALE;2026;25/03/2026;In carico a ente esterno;false;true;POLIZIA LOCALE DI ROMA CAPITALE;false
POLIZIA LOCALE DI ROMA CAPITALE;2026;25/03/2026;In carico a ente esterno;false;true;POLIZIA LOCALE DI ROMA CAPITALE;false
RAGIONERIA GENERALE;2026;25/03/2026;Risolto al secondo livello;false;false;;false
MUNICIPIO XIII;2026;25/03/2026;Risolto al secondo livello;false;false;;false
CHIAMAROMA 060606;2026;25/03/2026;In carico a ente esterno;false;true;POLIZIA LOCALE DI ROMA CAPITALE;true
CHIAMAROMA 060606;2026;25/03/2026;In carico a ente esterno;false;true;POLIZIA LOCALE DI ROMA CAPITALE;true
POLIZIA LOCALE DI ROMA CAPITALE;2026;25/03/2026;Risolto al secondo livello;false;false;;false
CHIAMAROMA 060606;2026;25/03/2026;Risolto al secondo livello;false;true;AMA;false
RAGIONERIA GENERALE;2026;25/03/2026;Risolto al secondo livello;false;false;;false
CHIAMAROMA 060606;2026;25/03/2026;Risolto al secondo livello;false;false;;false
CHIAMAROMA 060606;2026;25/03/2026;In carico a ente esterno;false;true;POLIZIA LOCALE DI ROMA CAPITALE;true
CHIAMAROMA 060606;2026;25/03/2026;Risolto al secondo livello;false;false;;false
POLIZIA LOCALE DI ROMA CAPITALE;2026;25/03/2026;Risolto al secondo livello;false;false;;false
CHIAMAROMA 060606;2026;25/03/2026;Risolto al secondo livello;false;false;;false
CHIAMAROMA 060606;2026;25/03/2026;Risolto al secondo livello;false;false;;false
CHIAMAROMA 060606;2026;25/03/2026;Risolto al secondo livello;false;false;;false
CHIAMAROMA 060606;2026;25/03/2026;In carico a ente esterno;false;true;POLIZIA LOCALE DI ROMA CAPITALE;true
CHIAMAROMA 060606;2026;25/03/2026;Risolto al secondo livello;false;false;;false
BACK OFFICE ROMA CAPITALE;2026;25/03/2026;In carico a ente esterno;false;true;POLIZIA LOCALE DI ROMA CAPITALE;false
BACK OFFICE ROMA CAPITALE;2026;25/03/2026;In carico a ente esterno;false;true;POLIZIA LOCALE DI ROMA CAPITALE;false
CHIAMAROMA 060606;2026;25/03/2026;In carico a ente esterno;false;true;POLIZIA LOCALE DI ROMA CAPITALE;true
CHIAMAROMA 060606;2026;25/03/2026;Risolto da Ente Esterno;false;true;AMA;false
AMA;2026;25/03/2026;Risolto da Ente Esterno;false;true;AMA;false
CHIAMAROMA 060606;2026;25/03/2026;Risolto da Ente Esterno;false;true;AMA;false
CHIAMAROMA 060606;2026;25/03/2026;Risolto da Ente Esterno;false;true;AMA;false
AMA;2026;25/03/2026;Risolto da Ente Esterno;false;true;AMA;false
CHIAMAROMA 060606;2026;25/03/2026;Risolto da Ente Esterno;false;true;AMA;false
CHIAMAROMA 060606;2026;25/03/2026;Risolto da Ente Esterno;false;true;AMA;false
CHIAMAROMA 060606;2026;25/03/2026;Risolto da Ente Esterno;false;true;AMA;false
AMA;2026;25/03/2026;Risolto da Ente Esterno;false;true;AMA;false
CHIAMAROMA 060606;2026;25/03/2026;Risolto da Ente Esterno;false;true;AMA;false
CHIAMAROMA 060606;2026;25/03/2026;Risolto da Ente Esterno;false;true;AMA;false
CHIAMAROMA 060606;2026;25/03/2026;Risolto da Ente Esterno;false;true;AMA;false
CHIAMAROMA 060606;2026;25/03/2026;Risolto da Ente Esterno;false;true;AMA;false
CHIAMAROMA 060606;2026;25/03/2026;Risolto da Ente Esterno;false;true;AMA;false
AMA;2026;25/03/2026;Risolto da Ente Esterno;false;true;AMA;false
DIPARTIMENTO TUTELA AMBIENTALE;2026;25/03/2026;Risolto al secondo livello;false;false;;false
CHIAMAROMA 060606;2026;25/03/2026;Risolto da Ente Esterno;false;true;AEQUAROMA;false
MUNICIPIO XIII;2026;25/03/2026;Risolto al secondo livello;false;false;;false
POLIZIA LOCALE DI ROMA CAPITALE;2026;25/03/2026;In carico a ente esterno;false;true;POLIZIA LOCALE DI ROMA CAPITALE;false
POLIZIA LOCALE DI ROMA CAPITALE;2026;25/03/2026;In carico a ente esterno;false;true;POLIZIA LOCALE DI ROMA CAPITALE;false
POLIZIA LOCALE DI ROMA CAPITALE;2026;25/03/2026;In carico a ente esterno;false;true;POLIZIA LOCALE DI ROMA CAPITALE;false
POLIZIA LOCALE DI ROMA CAPITALE;2026;25/03/2026;In carico a ente esterno;false;true;POLIZIA LOCALE DI ROMA CAPITALE;false
POLIZIA LOCALE DI ROMA CAPITALE;2026;25/03/2026;In carico a ente esterno;false;true;POLIZIA LOCALE DI ROMA CAPITALE;false
POLIZIA LOCALE DI ROMA CAPITALE;2026;25/03/2026;In carico a ente esterno;false;true;POLIZIA LOCALE DI ROMA CAPITALE;false
POLIZIA LOCALE DI ROMA CAPITALE;2026;25/03/2026;In carico a ente esterno;false;true;POLIZIA LOCALE DI ROMA CAPITALE;false
CHIAMAROMA 060606;2026;25/03/2026;Risolto al secondo livello;false;false;;false
CHIAMAROMA 060606;2026;25/03/2026;In carico a ente esterno;false;true;POLIZIA LOCALE DI ROMA CAPITALE;true
POLIZIA LOCALE DI ROMA CAPITALE;2026;25/03/2026;Risolto al secondo livello;false;false;;false
CHIAMAROMA 060606;2026;25/03/2026;In carico a ente esterno;false;true;POLIZIA LOCALE DI ROMA CAPITALE;true
CHIAMAROMA 060606;2026;25/03/2026;Risolto al secondo livello;false;false;;false
MUNICIPIO VI;2026;25/03/2026;Risolto al primo livello;false;false;;false
CHIAMAROMA 060606;2026;25/03/2026;Risolto al secondo livello;false;false;;false
CHIAMAROMA 060606;2026;25/03/2026;Risolto al secondo livello;false;false;;false
POLIZIA LOCALE DI ROMA CAPITALE;2026;25/03/2026;Risolto al secondo livello;false;false;;false
CHIAMAROMA 060606;2026;25/03/2026;Risolto al secondo livello;false;false;;false
CHIAMAROMA 060606;2026;25/03/2026;In carico a ente esterno;false;true;POLIZIA LOCALE DI ROMA CAPITALE;true
CHIAMAROMA 060606;2026;25/03/2026;In carico a ente esterno;false;true;POLIZIA LOCALE DI ROMA CAPITALE;true
CHIAMAROMA 060606;2026;25/03/2026;In carico a ente esterno;false;true;POLIZIA LOCALE DI ROMA CAPITALE;true
CHIAMAROMA 060606;2026;25/03/2026;In carico a ente esterno;false;true;POLIZIA LOCALE DI ROMA CAPITALE;true
CHIAMAROMA 060606;2026;25/03/2026;Risolto al secondo livello;false;false;;false
MUNICIPIO II;2026;25/03/2026;Risolto al secondo livello;false;false;;false
CHIAMAROMA 060606;2026;25/03/2026;Risolto al secondo livello;false;false;;false
DIPARTIMENTO TUTELA AMBIENTALE;2026;25/03/2026;Risolto al secondo livello;false;false;;false
CHIAMAROMA 060606;2026;25/03/2026;Risolto al secondo livello;false;true;AMA;false
CHIAMAROMA 060606;2026;25/03/2026;In carico a ente esterno;false;true;POLIZIA LOCALE DI ROMA CAPITALE;true
CHIAMAROMA 060606;2026;25/03/2026;In carico a ente esterno;false;true;POLIZIA LOCALE DI ROMA CAPITALE;true
POLIZIA LOCALE DI ROMA CAPITALE;2026;25/03/2026;In carico a ente esterno;false;true;POLIZIA LOCALE DI ROMA CAPITALE;false
CHIAMAROMA 060606;2026;25/03/2026;In carico a ente esterno;false;true;POLIZIA LOCALE DI ROMA CAPITALE;true
DIPARTIMENTO MONITORAGGIO QUALITA' DEI SERVIZI E COMUNICAZIONE ISTITUZIONALE;2026;25/03/2026;Risolto al secondo livello;false;false;;false
CHIAMAROMA 060606;2026;25/03/2026;Risolto al secondo livello;false;false;;false
CHIAMAROMA 060606;2026;25/03/2026;In carico a ente esterno;false;true;POLIZIA LOCALE DI ROMA CAPITALE;true
CHIAMAROMA 060606;2026;25/03/2026;Risolto al secondo livello;false;false;;false
DIPARTIMENTO INFRASTRUTTURE E LAVORI PUBBLICI;2026;25/03/2026;Risolto al secondo livello;false;false;;false
DIPARTIMENTO TUTELA AMBIENTALE;2026;25/03/2026;In carico a ente esterno;false;false;;false
CHIAMAROMA 060606;2026;25/03/2026;In carico a ente esterno;false;true;POLIZIA LOCALE DI ROMA CAPITALE;true
CHIAMAROMA 060606;2026;25/03/2026;In carico a ente esterno;false;true;POLIZIA LOCALE DI ROMA CAPITALE;true
CHIAMAROMA 060606;2026;25/03/2026;Risolto al primo livello;false;false;;true
CHIAMAROMA 060606;2026;25/03/2026;In carico a ente esterno;false;true;POLIZIA LOCALE DI ROMA CAPITALE;true
CHIAMAROMA 060606;2026;25/03/2026;In carico a ente esterno;false;true;POLIZIA LOCALE DI ROMA CAPITALE;true
POLIZIA LOCALE (10° Gruppo MARE);2026;25/03/2026;Risolto al secondo livello;false;false;;false
MUNICIPIO VII;2026;25/03/2026;Risolto al primo livello;false;false;;false
CHIAMAROMA 060606;2026;25/03/2026;In carico a ente esterno;false;true;POLIZIA LOCALE DI ROMA CAPITALE;true
POLIZIA LOCALE DI ROMA CAPITALE;2026;25/03/2026;In carico a ente esterno;false;true;POLIZIA LOCALE DI ROMA CAPITALE;false
POLIZIA LOCALE DI ROMA CAPITALE;2026;25/03/2026;In carico a ente esterno;false;true;POLIZIA LOCALE DI ROMA CAPITALE;false
POLIZIA LOCALE DI ROMA CAPITALE;2026;25/03/2026;In carico a ente esterno;false;true;POLIZIA LOCALE DI ROMA CAPITALE;false
POLIZIA LOCALE DI ROMA CAPITALE;2026;25/03/2026;In carico a ente esterno;false;true;POLIZIA LOCALE DI ROMA CAPITALE;false
POLIZIA LOCALE DI ROMA CAPITALE;2026;25/03/2026;In carico a ente esterno;false;true;POLIZIA LOCALE DI ROMA CAPITALE;false
POLIZIA LOCALE DI ROMA CAPITALE;2026;25/03/2026;In carico a ente esterno;false;true;POLIZIA LOCALE DI ROMA CAPITALE;false
POLIZIA LOCALE DI ROMA CAPITALE;2026;25/03/2026;In carico a ente esterno;false;true;POLIZIA LOCALE DI ROMA CAPITALE;false
POLIZIA LOCALE DI ROMA CAPITALE;2026;25/03/2026;In carico a ente esterno;false;true;POLIZIA LOCALE DI ROMA CAPITALE;false
CHIAMAROMA 060606;2026;25/03/2026;Risolto al secondo livello;false;true;AMA;false
CHIAMAROMA 060606;2026;25/03/2026;In carico a ente esterno;false;true;POLIZIA LOCALE DI ROMA CAPITALE;true
MUNICIPIO II;2026;25/03/2026;Risolto al secondo livello;false;false;;false
CHIAMAROMA 060606;2026;25/03/2026;In carico a ente esterno;false;true;POLIZIA LOCALE DI ROMA CAPITALE;true
CHIAMAROMA 060606;2026;25/03/2026;Risolto al secondo livello;false;false;;false
CHIAMAROMA 060606;2026;25/03/2026;Risolto al primo livello;false;false;;true
MUNICIPIO II;2026;25/03/2026;Risolto al secondo livello;false;false;;false
DIPARTIMENTO SVILUPPO ECONOMICO E ATTIVITA’ PRODUTTIVE;2026;25/03/2026;Risolto al secondo livello;false;false;;false
CHIAMAROMA 060606;2026;25/03/2026;Risolto al secondo livello;false;false;;false
CHIAMAROMA 060606;2026;25/03/2026;In carico a ente esterno;false;true;POLIZIA LOCALE DI ROMA CAPITALE;true
MUNICIPIO XII;2026;25/03/2026;Risolto al secondo livello;false;false;;false
CHIAMAROMA 060606;2026;25/03/2026;Risolto al secondo livello;false;false;;false
CHIAMAROMA 060606;2026;25/03/2026;In carico a ente esterno;false;true;POLIZIA LOCALE DI ROMA CAPITALE;true
MUNICIPIO XII;2026;25/03/2026;Risolto al secondo livello;false;false;;false
CHIAMAROMA 060606;2026;25/03/2026;In carico a ente esterno;false;true;POLIZIA LOCALE DI ROMA CAPITALE;true
MUNICIPIO VII;2026;25/03/2026;Risolto al primo livello;false;false;;false
CHIAMAROMA 060606;2026;25/03/2026;In carico a ente esterno;false;true;POLIZIA LOCALE DI ROMA CAPITALE;true
CHIAMAROMA 060606;2026;25/03/2026;In carico a ente esterno;false;true;POLIZIA LOCALE DI ROMA CAPITALE;true
CHIAMAROMA 060606;2026;25/03/2026;Risolto al secondo livello;false;false;;false
CHIAMAROMA 060606;2026;25/03/2026;Risolto al secondo livello;false;false;;false
MUNICIPIO XII;2026;25/03/2026;Risolto al secondo livello;false;false;;false
CHIAMAROMA 060606;2026;25/03/2026;Risolto al secondo livello;false;false;;false
MUNICIPIO XII;2026;25/03/2026;Risolto al secondo livello;false;false;;false
CHIAMAROMA 060606;2026;25/03/2026;Risolto al secondo livello;false;false;;false
CHIAMAROMA 060606;2026;25/03/2026;Risolto al secondo livello;false;false;;false
MUNICIPIO XII;2026;25/03/2026;Risolto al secondo livello;false;false;;false
CHIAMAROMA 060606;2026;25/03/2026;In carico a ente esterno;false;true;POLIZIA LOCALE DI ROMA CAPITALE;true
CHIAMAROMA 060606;2026;25/03/2026;Risolto al secondo livello;false;false;;false
CHIAMAROMA 060606;2026;25/03/2026;In carico a ente esterno;false;true;POLIZIA LOCALE DI ROMA CAPITALE;true
CHIAMAROMA 060606;2026;25/03/2026;Risolto al secondo livello;false;false;;false
CHIAMAROMA 060606;2026;25/03/2026;Risolto al primo livello;false;false;;false
DIPARTIMENTO TUTELA AMBIENTALE;2026;25/03/2026;Risolto da Ente Esterno;false;true;AMA;false
CHIAMAROMA 060606;2026;25/03/2026;Risolto da Ente Esterno;false;true;AMA;false
CHIAMAROMA 060606;2026;25/03/2026;Risolto da Ente Esterno;false;true;AMA;false
CHIAMAROMA 060606;2026;25/03/2026;Risolto da Ente Esterno;false;true;AMA;false
CHIAMAROMA 060606;2026;25/03/2026;Risolto da Ente Esterno;false;true;AMA;false
CHIAMAROMA 060606;2026;25/03/2026;Risolto da Ente Esterno;false;true;AMA;false
CHIAMAROMA 060606;2026;25/03/2026;Risolto da Ente Esterno;false;true;AMA;false
CHIAMAROMA 060606;2026;25/03/2026;Risolto da Ente Esterno;false;true;AMA;false
CHIAMAROMA 060606;2026;25/03/2026;Risolto da Ente Esterno;false;true;AMA;false
CHIAMAROMA 060606;2026;25/03/2026;Risolto da Ente Esterno;false;true;AMA;false
CHIAMAROMA 060606;2026;25/03/2026;Risolto da Ente Esterno;false;true;AMA;false
CHIAMAROMA 060606;2026;25/03/2026;Risolto da Ente Esterno;false;true;AMA;false
CHIAMAROMA 060606;2026;25/03/2026;Risolto da Ente Esterno;false;true;AMA;false
CHIAMAROMA 060606;2026;25/03/2026;Risolto da Ente Esterno;false;true;AMA;false
CHIAMAROMA 060606;2026;25/03/2026;Risolto da Ente Esterno;false;true;AMA;false
CHIAMAROMA 060606;2026;25/03/2026;Risolto da Ente Esterno;false;true;AMA;false
CHIAMAROMA 060606;2026;25/03/2026;Risolto da Ente Esterno;false;true;AMA;false
CHIAMAROMA 060606;2026;25/03/2026;Risolto da Ente Esterno;false;true;AMA;false
AMA;2026;25/03/2026;Risolto da Ente Esterno;false;true;AMA;false
CHIAMAROMA 060606;2026;25/03/2026;Risolto da Ente Esterno;false;true;AMA;false
CHIAMAROMA 060606;2026;25/03/2026;Risolto da Ente Esterno;false;true;AMA;false
CHIAMAROMA 060606;2026;25/03/2026;Risolto da Ente Esterno;false;true;AMA;false
CHIAMAROMA 060606;2026;25/03/2026;In carico a ente esterno;false;true;POLIZIA LOCALE DI ROMA CAPITALE;true
POLIZIA LOCALE DI ROMA CAPITALE;2026;25/03/2026;In carico a ente esterno;false;true;POLIZIA LOCALE DI ROMA CAPITALE;false
;2026;25/03/2026;Risolto al secondo livello;false;false;;false
GABINETTO DEL SINDACO;2026;25/03/2026;Risolto al secondo livello;false;false;;false
CHIAMAROMA 060606;2026;25/03/2026;In carico a ente esterno;false;true;POLIZIA LOCALE DI ROMA CAPITALE;true
CHIAMAROMA 060606;2026;25/03/2026;In carico a ente esterno;false;true;POLIZIA LOCALE DI ROMA CAPITALE;true
CHIAMAROMA 060606;2026;25/03/2026;In carico a ente esterno;false;true;POLIZIA LOCALE DI ROMA CAPITALE;true
CHIAMAROMA 060606;2026;25/03/2026;Risolto al secondo livello;false;true;AMA;false
CHIAMAROMA 060606;2026;25/03/2026;Risolto al secondo livello;false;false;;false
CHIAMAROMA 060606;2026;25/03/2026;In carico a ente esterno;false;true;POLIZIA LOCALE DI ROMA CAPITALE;true
CHIAMAROMA 060606;2026;25/03/2026;Risolto al secondo livello;false;false;;false
MUNICIPIO XII;2026;25/03/2026;Risolto al secondo livello;false;false;;false
CHIAMAROMA 060606;2026;25/03/2026;Risolto al secondo livello;false;true;AMA;false
GABINETTO DEL SINDACO;2026;25/03/2026;Risolto al secondo livello;false;false;;false
BACK OFFICE ROMA CAPITALE;2026;25/03/2026;Risolto al secondo livello;false;false;;false
CHIAMAROMA 060606;2026;25/03/2026;Risolto al secondo livello;false;false;;false
CHIAMAROMA 060606;2026;25/03/2026;Risolto al primo livello;false;false;;false
CHIAMAROMA 060606;2026;25/03/2026;In carico a ente esterno;false;true;POLIZIA LOCALE DI ROMA CAPITALE;true
CHIAMAROMA 060606;2026;25/03/2026;In carico a ente esterno;false;true;POLIZIA LOCALE DI ROMA CAPITALE;true
POLIZIA LOCALE DI ROMA CAPITALE;2026;25/03/2026;In carico a ente esterno;false;true;POLIZIA LOCALE DI ROMA CAPITALE;false
POLIZIA LOCALE DI ROMA CAPITALE;2026;25/03/2026;In carico a ente esterno;false;true;POLIZIA LOCALE DI ROMA CAPITALE;false
CHIAMAROMA 060606;2026;25/03/2026;Risolto al secondo livello;false;false;;false
CHIAMAROMA 060606;2026;25/03/2026;Risolto al secondo livello;false;false;;false
CHIAMAROMA 060606;2026;25/03/2026;In carico a ente esterno;false;true;POLIZIA LOCALE DI ROMA CAPITALE;true
DIPARTIMENTO INFRASTRUTTURE E LAVORI PUBBLICI;2026;25/03/2026;Non di competenza di Roma Capitale o enti controllati;false;false;;false
CHIAMAROMA 060606;2026;25/03/2026;Risolto al secondo livello;false;false;;false
MUNICIPIO XIV;2026;25/03/2026;Risolto al secondo livello;false;false;;false
;2026;25/03/2026;In carico a ente esterno;false;true;POLIZIA LOCALE DI ROMA CAPITALE;false
CHIAMAROMA 060606;2026;25/03/2026;In carico a ente esterno;false;true;POLIZIA LOCALE DI ROMA CAPITALE;true
CHIAMAROMA 060606;2026;25/03/2026;Risolto al secondo livello;false;false;;false
;2026;25/03/2026;In carico a ente esterno;false;true;POLIZIA LOCALE DI ROMA CAPITALE;false
;2026;25/03/2026;In carico a ente esterno;false;true;POLIZIA LOCALE DI ROMA CAPITALE;false
CHIAMAROMA 060606;2026;25/03/2026;Risolto al primo livello;false;false;;false
MUNICIPIO II;2026;25/03/2026;Risolto al secondo livello;false;false;;false
MUNICIPIO VII;2026;25/03/2026;Risolto al primo livello;false;false;;false
MUNICIPIO VII;2026;25/03/2026;Risolto al primo livello;false;false;;false
GABINETTO DEL SINDACO;2026;25/03/2026;In carico a ente esterno;false;true;POLIZIA LOCALE DI ROMA CAPITALE;false
CHIAMAROMA 060606;2026;25/03/2026;Risolto al secondo livello;false;false;;false
MUNICIPIO VII;2026;25/03/2026;Risolto al primo livello;false;false;;false
CHIAMAROMA 060606;2026;25/03/2026;Risolto al secondo livello;false;false;;false
MUNICIPIO VII;2026;25/03/2026;Risolto al primo livello;false;false;;false
CHIAMAROMA 060606;2026;25/03/2026;In carico a ente esterno;false;true;POLIZIA LOCALE DI ROMA CAPITALE;true
CHIAMAROMA 060606;2026;25/03/2026;Risolto al secondo livello;false;false;;false
MUNICIPIO XIII;2026;25/03/2026;Risolto al secondo livello;false;false;;false
CHIAMAROMA 060606;2026;25/03/2026;Risolto al secondo livello;false;false;;false
MUNICIPIO VII;2026;25/03/2026;Risolto al secondo livello;false;false;;false
CHIAMAROMA 060606;2026;25/03/2026;Risolto al primo livello;false;false;;true
MUNICIPIO XIII;2026;25/03/2026;Risolto al secondo livello;false;false;;false
CHIAMAROMA 060606;2026;25/03/2026;Risolto al secondo livello;false;false;;false
CHIAMAROMA 060606;2026;25/03/2026;Risolto al secondo livello;false;false;;false
CHIAMAROMA 060606;2026;25/03/2026;Risolto al secondo livello;false;false;;false
MUNICIPIO XIV;2026;25/03/2026;Risolto al secondo livello;false;false;;false
CHIAMAROMA 060606;2026;25/03/2026;In carico a ente esterno;false;true;POLIZIA LOCALE DI ROMA CAPITALE;true
DIPARTIMENTO MOBILITA’ SOSTENIBILE E TRASPORTI;2026;25/03/2026;Risolto al secondo livello;false;false;;false
POLIZIA LOCALE DI ROMA CAPITALE;2026;25/03/2026;In carico a ente esterno;false;true;POLIZIA LOCALE DI ROMA CAPITALE;false
POLIZIA LOCALE DI ROMA CAPITALE;2026;25/03/2026;In carico a ente esterno;false;true;POLIZIA LOCALE DI ROMA CAPITALE;false
POLIZIA LOCALE DI ROMA CAPITALE;2026;25/03/2026;In carico a ente esterno;false;true;POLIZIA LOCALE DI ROMA CAPITALE;false
POLIZIA LOCALE DI ROMA CAPITALE;2026;25/03/2026;In carico a ente esterno;false;true;POLIZIA LOCALE DI ROMA CAPITALE;false
CHIAMAROMA 060606;2026;25/03/2026;Risolto al secondo livello;false;false;;false
CHIAMAROMA 060606;2026;25/03/2026;Risolto al secondo livello;false;false;;false
CHIAMAROMA 060606;2026;25/03/2026;In carico a ente esterno;false;true;POLIZIA LOCALE DI ROMA CAPITALE;true
CHIAMAROMA 060606;2026;25/03/2026;Risolto al secondo livello;false;false;;false
MUNICIPIO II;2026;25/03/2026;Risolto al secondo livello;false;false;;false
CHIAMAROMA 060606;2026;25/03/2026;Risolto al secondo livello;false;false;;false
CHIAMAROMA 060606;2026;25/03/2026;In carico a ente esterno;false;true;POLIZIA LOCALE DI ROMA CAPITALE;true
CHIAMAROMA 060606;2026;25/03/2026;In carico a ente esterno;false;true;POLIZIA LOCALE DI ROMA CAPITALE;true
CHIAMAROMA 060606;2026;25/03/2026;Risolto da Ente Esterno;false;true;AMA;false
CHIAMAROMA 060606;2026;25/03/2026;Risolto da Ente Esterno;false;true;AMA;false
CHIAMAROMA 060606;2026;25/03/2026;Risolto da Ente Esterno;false;true;AMA;false
CHIAMAROMA 060606;2026;25/03/2026;Risolto da Ente Esterno;false;true;AMA;false
CHIAMAROMA 060606;2026;25/03/2026;Risolto da Ente Esterno;false;true;AMA;false
CHIAMAROMA 060606;2026;25/03/2026;Risolto da Ente Esterno;false;true;AMA;false
CHIAMAROMA 060606;2026;25/03/2026;Risolto da Ente Esterno;false;true;AMA;false
CHIAMAROMA 060606;2026;25/03/2026;Risolto da Ente Esterno;false;true;AMA;false
CHIAMAROMA 060606;2026;25/03/2026;Risolto da Ente Esterno;false;true;AMA;false
POLIZIA LOCALE DI ROMA CAPITALE;2026;25/03/2026;In carico a ente esterno;false;true;POLIZIA LOCALE DI ROMA CAPITALE;false
POLIZIA LOCALE DI ROMA CAPITALE;2026;25/03/2026;In carico a ente esterno;false;true;POLIZIA LOCALE DI ROMA CAPITALE;false
CHIAMAROMA 060606;2026;25/03/2026;In carico a ente esterno;false;true;POLIZIA LOCALE DI ROMA CAPITALE;true
CHIAMAROMA 060606;2026;25/03/2026;In carico a ente esterno;false;true;POLIZIA LOCALE DI ROMA CAPITALE;true
CHIAMAROMA 060606;2026;25/03/2026;In carico a ente esterno;false;true;POLIZIA LOCALE DI ROMA CAPITALE;true
CHIAMAROMA 060606;2026;25/03/2026;In carico a ente esterno;false;true;POLIZIA LOCALE DI ROMA CAPITALE;true
CHIAMAROMA 060606;2026;25/03/2026;In carico a ente esterno;false;true;POLIZIA LOCALE DI ROMA CAPITALE;true
CHIAMAROMA 060606;2026;25/03/2026;In carico a ente esterno;false;true;POLIZIA LOCALE DI ROMA CAPITALE;true
CHIAMAROMA 060606;2026;25/03/2026;In carico a ente esterno;false;true;POLIZIA LOCALE DI ROMA CAPITALE;true
CHIAMAROMA 060606;2026;25/03/2026;In carico a ente esterno;false;true;POLIZIA LOCALE DI ROMA CAPITALE;true
CHIAMAROMA 060606;2026;25/03/2026;In carico a ente esterno;false;true;POLIZIA LOCALE DI ROMA CAPITALE;true
CHIAMAROMA 060606;2026;25/03/2026;In carico a ente esterno;false;true;POLIZIA LOCALE DI ROMA CAPITALE;true
CHIAMAROMA 060606;2026;25/03/2026;In carico a ente esterno;false;true;POLIZIA LOCALE DI ROMA CAPITALE;true
POLIZIA LOCALE DI ROMA CAPITALE;2026;25/03/2026;In carico a ente esterno;false;true;POLIZIA LOCALE DI ROMA CAPITALE;false
CHIAMAROMA 060606;2026;25/03/2026;In carico a ente esterno;false;true;POLIZIA LOCALE DI ROMA CAPITALE;true
CHIAMAROMA 060606;2026;25/03/2026;In carico a ente esterno;false;true;POLIZIA LOCALE DI ROMA CAPITALE;true
CHIAMAROMA 060606;2026;25/03/2026;In carico a ente esterno;false;true;POLIZIA LOCALE DI ROMA CAPITALE;true
CHIAMAROMA 060606;2026;25/03/2026;Risolto al primo livello;false;false;;true
CHIAMAROMA 060606;2026;25/03/2026;Risolto da Ente Esterno;false;true;AMA;false
CHIAMAROMA 060606;2026;25/03/2026;Risolto da Ente Esterno;false;true;AMA;false
CHIAMAROMA 060606;2026;25/03/2026;Risolto da Ente Esterno;false;true;AMA;false
CHIAMAROMA 060606;2026;25/03/2026;Risolto da Ente Esterno;false;true;AMA;false
CHIAMAROMA 060606;2026;25/03/2026;Risolto da Ente Esterno;false;true;AMA;false
POLIZIA LOCALE DI ROMA CAPITALE;2026;25/03/2026;In carico a ente esterno;false;true;POLIZIA LOCALE DI ROMA CAPITALE;false
POLIZIA LOCALE DI ROMA CAPITALE;2026;25/03/2026;In carico a ente esterno;false;true;POLIZIA LOCALE DI ROMA CAPITALE;false
CHIAMAROMA 060606;2026;25/03/2026;In carico a ente esterno;false;true;POLIZIA LOCALE DI ROMA CAPITALE;true
CHIAMAROMA 060606;2026;25/03/2026;In carico a ente esterno;false;true;POLIZIA LOCALE DI ROMA CAPITALE;true
CHIAMAROMA 060606;2026;25/03/2026;In carico a ente esterno;false;true;POLIZIA LOCALE DI ROMA CAPITALE;true
CHIAMAROMA 060606;2026;25/03/2026;In carico a ente esterno;false;true;POLIZIA LOCALE DI ROMA CAPITALE;true
POLIZIA LOCALE DI ROMA CAPITALE;2026;25/03/2026;In carico a ente esterno;false;true;POLIZIA LOCALE DI ROMA CAPITALE;false
POLIZIA LOCALE DI ROMA CAPITALE;2026;25/03/2026;In carico a ente esterno;false;true;POLIZIA LOCALE DI ROMA CAPITALE;false
POLIZIA LOCALE DI ROMA CAPITALE;2026;25/03/2026;In carico a ente esterno;false;true;POLIZIA LOCALE DI ROMA CAPITALE;false
POLIZIA LOCALE DI ROMA CAPITALE;2026;25/03/2026;In carico a ente esterno;false;true;POLIZIA LOCALE DI ROMA CAPITALE;false
CHIAMAROMA 060606;2026;25/03/2026;Risolto al primo livello;false;false;;true
POLIZIA LOCALE DI ROMA CAPITALE;2026;25/03/2026;In carico a ente esterno;false;true;POLIZIA LOCALE DI ROMA CAPITALE;false
POLIZIA LOCALE DI ROMA CAPITALE;2026;25/03/2026;In carico a ente esterno;false;true;POLIZIA LOCALE DI ROMA CAPITALE;false
POLIZIA LOCALE DI ROMA CAPITALE;2026;25/03/2026;In carico a ente esterno;false;true;POLIZIA LOCALE DI ROMA CAPITALE;false
POLIZIA LOCALE DI ROMA CAPITALE;2026;25/03/2026;In carico a ente esterno;false;true;POLIZIA LOCALE DI ROMA CAPITALE;false
POLIZIA LOCALE DI ROMA CAPITALE;2026;25/03/2026;In carico a ente esterno;false;true;POLIZIA LOCALE DI ROMA CAPITALE;false
CHIAMAROMA 060606;2026;25/03/2026;Risolto da Ente Esterno;false;true;AMA;false
CHIAMAROMA 060606;2026;25/03/2026;Risolto da Ente Esterno;false;true;AMA;false
MUNICIPIO XIV;2026;25/03/2026;Risolto da Ente Esterno;false;true;AMA;false
POLIZIA LOCALE DI ROMA CAPITALE;2026;25/03/2026;In carico a ente esterno;false;true;POLIZIA LOCALE DI ROMA CAPITALE;false
POLIZIA LOCALE DI ROMA CAPITALE;2026;25/03/2026;In carico a ente esterno;false;true;POLIZIA LOCALE DI ROMA CAPITALE;false
POLIZIA LOCALE DI ROMA CAPITALE;2026;25/03/2026;In carico a ente esterno;false;true;POLIZIA LOCALE DI ROMA CAPITALE;false
POLIZIA LOCALE DI ROMA CAPITALE;2026;25/03/2026;In carico a ente esterno;false;true;POLIZIA LOCALE DI ROMA CAPITALE;false
CHIAMAROMA 060606;2026;25/03/2026;In carico a ente esterno;false;true;POLIZIA LOCALE DI ROMA CAPITALE;true
POLIZIA LOCALE DI ROMA CAPITALE;2026;25/03/2026;In carico a ente esterno;false;true;POLIZIA LOCALE DI ROMA CAPITALE;false
POLIZIA LOCALE DI ROMA CAPITALE;2026;26/03/2026;In carico a ente esterno;false;true;POLIZIA LOCALE DI ROMA CAPITALE;false
CHIAMAROMA 060606;2026;26/03/2026;Risolto da Ente Esterno;false;true;AMA;false
CHIAMAROMA 060606;2026;26/03/2026;Risolto da Ente Esterno;false;true;AMA;false
CHIAMAROMA 060606;2026;26/03/2026;Risolto da Ente Esterno;false;true;AMA;false
CHIAMAROMA 060606;2026;26/03/2026;Risolto da Ente Esterno;false;true;AMA;false
CHIAMAROMA 060606;2026;26/03/2026;Risolto da Ente Esterno;false;true;AMA;false
CHIAMAROMA 060606;2026;26/03/2026;Risolto da Ente Esterno;false;true;AMA;false
CHIAMAROMA 060606;2026;26/03/2026;Risolto da Ente Esterno;false;true;AMA;false
CHIAMAROMA 060606;2026;26/03/2026;Risolto da Ente Esterno;false;true;AMA;false
CHIAMAROMA 060606;2026;26/03/2026;Risolto da Ente Esterno;false;true;AMA;false
CHIAMAROMA 060606;2026;26/03/2026;Risolto da Ente Esterno;false;true;AMA;false
CHIAMAROMA 060606;2026;26/03/2026;Risolto da Ente Esterno;false;true;AMA;false
CHIAMAROMA 060606;2026;26/03/2026;Risolto da Ente Esterno;false;true;AMA;false
CHIAMAROMA 060606;2026;26/03/2026;Risolto da Ente Esterno;false;true;AMA;false
CHIAMAROMA 060606;2026;26/03/2026;Risolto da Ente Esterno;false;true;AMA;false
CHIAMAROMA 060606;2026;26/03/2026;Risolto da Ente Esterno;false;true;AMA;false
CHIAMAROMA 060606;2026;26/03/2026;Risolto da Ente Esterno;false;true;AMA;false
CHIAMAROMA 060606;2026;26/03/2026;Risolto da Ente Esterno;false;true;AMA;false
CHIAMAROMA 060606;2026;26/03/2026;Risolto da Ente Esterno;false;true;AMA;false
CHIAMAROMA 060606;2026;26/03/2026;Risolto da Ente Esterno;false;true;AMA;false
AMA;2026;26/03/2026;Risolto da Ente Esterno;false;true;AMA;false
CHIAMAROMA 060606;2026;26/03/2026;Risolto da Ente Esterno;false;true;AMA;false
CHIAMAROMA 060606;2026;26/03/2026;Risolto da Ente Esterno;false;true;AMA;false
CHIAMAROMA 060606;2026;26/03/2026;Risolto da Ente Esterno;false;true;AMA;false
CHIAMAROMA 060606;2026;26/03/2026;Risolto da Ente Esterno;false;true;AMA;false
CHIAMAROMA 060606;2026;26/03/2026;Risolto da Ente Esterno;false;true;AMA;false
CHIAMAROMA 060606;2026;26/03/2026;Risolto da Ente Esterno;false;true;AMA;false
CHIAMAROMA 060606;2026;26/03/2026;Risolto da Ente Esterno;false;true;AMA;false
CHIAMAROMA 060606;2026;26/03/2026;Risolto da Ente Esterno;false;true;AMA;false
CHIAMAROMA 060606;2026;26/03/2026;Risolto da Ente Esterno;false;true;AMA;false
CHIAMAROMA 060606;2026;26/03/2026;Risolto da Ente Esterno;false;true;AMA;false
CHIAMAROMA 060606;2026;26/03/2026;Risolto da Ente Esterno;false;true;AMA;false
CHIAMAROMA 060606;2026;26/03/2026;Risolto da Ente Esterno;false;true;AMA;false
MUNICIPIO III;2026;26/03/2026;Risolto da Ente Esterno;false;true;AMA;false
CHIAMAROMA 060606;2026;26/03/2026;Risolto da Ente Esterno;false;true;AMA;false
;2026;26/03/2026;Risolto da Ente Esterno;false;true;AMA;false
CHIAMAROMA 060606;2026;26/03/2026;Risolto da Ente Esterno;false;true;AMA;false
CHIAMAROMA 060606;2026;26/03/2026;Risolto da Ente Esterno;false;true;AMA;false
URP MUNICIPIO X;2026;26/03/2026;Risolto da Ente Esterno;false;true;AMA;false
CHIAMAROMA 060606;2026;26/03/2026;In carico a ente esterno;false;true;POLIZIA LOCALE DI ROMA CAPITALE;true
CHIAMAROMA 060606;2026;26/03/2026;Risolto da Ente Esterno;false;true;AMA;false
AMA;2026;26/03/2026;Risolto da Ente Esterno;false;true;AMA;false
CHIAMAROMA 060606;2026;26/03/2026;Risolto da Ente Esterno;false;true;AMA;false
CHIAMAROMA 060606;2026;26/03/2026;Risolto da Ente Esterno;false;true;AMA;false
CHIAMAROMA 060606;2026;26/03/2026;Risolto da Ente Esterno;false;true;AMA;false
CHIAMAROMA 060606;2026;26/03/2026;Risolto da Ente Esterno;false;true;AMA;false
CHIAMAROMA 060606;2026;26/03/2026;Risolto da Ente Esterno;false;true;AMA;false
CHIAMAROMA 060606;2026;26/03/2026;Risolto da Ente Esterno;false;true;AMA;false
CHIAMAROMA 060606;2026;26/03/2026;In carico a ente esterno;false;true;POLIZIA LOCALE DI ROMA CAPITALE;true
CHIAMAROMA 060606;2026;26/03/2026;In carico a ente esterno;false;true;POLIZIA LOCALE DI ROMA CAPITALE;true
CHIAMAROMA 060606;2026;26/03/2026;In carico a ente esterno;false;true;POLIZIA LOCALE DI ROMA CAPITALE;true
CHIAMAROMA 060606;2026;26/03/2026;In carico a ente esterno;false;true;POLIZIA LOCALE DI ROMA CAPITALE;true
CHIAMAROMA 060606;2026;26/03/2026;In carico a ente esterno;false;true;POLIZIA LOCALE DI ROMA CAPITALE;true
CHIAMAROMA 060606;2026;26/03/2026;In carico a ente esterno;false;true;POLIZIA LOCALE DI ROMA CAPITALE;true
CHIAMAROMA 060606;2026;26/03/2026;In carico a ente esterno;false;true;POLIZIA LOCALE DI ROMA CAPITALE;true
CHIAMAROMA 060606;2026;26/03/2026;Risolto al secondo livello;false;true;AMA;false
CHIAMAROMA 060606;2026;26/03/2026;Risolto al secondo livello;false;true;AMA;false
CHIAMAROMA 060606;2026;26/03/2026;In carico a ente esterno;false;true;POLIZIA LOCALE DI ROMA CAPITALE;true
CHIAMAROMA 060606;2026;26/03/2026;Risolto al secondo livello;false;true;AMA;false
CHIAMAROMA 060606;2026;26/03/2026;Risolto al secondo livello;false;true;AMA;false
CHIAMAROMA 060606;2026;26/03/2026;Risolto al secondo livello;false;true;AMA;false
CHIAMAROMA 060606;2026;26/03/2026;Risolto al secondo livello;false;true;AMA;false
CHIAMAROMA 060606;2026;26/03/2026;Risolto al secondo livello;false;true;AMA;false
CHIAMAROMA 060606;2026;26/03/2026;Risolto al secondo livello;false;true;AMA;false
CHIAMAROMA 060606;2026;26/03/2026;Risolto al secondo livello;false;true;AMA;false
CHIAMAROMA 060606;2026;26/03/2026;In carico a ente esterno;false;true;POLIZIA LOCALE DI ROMA CAPITALE;true
CHIAMAROMA 060606;2026;26/03/2026;Risolto al secondo livello;false;true;AMA;false
CHIAMAROMA 060606;2026;26/03/2026;Risolto al primo livello;false;false;;true
CHIAMAROMA 060606;2026;26/03/2026;Risolto al secondo livello;false;true;AMA;false
CHIAMAROMA 060606;2026;26/03/2026;Risolto al secondo livello;false;true;AMA;false
CHIAMAROMA 060606;2026;26/03/2026;Risolto al secondo livello;false;true;AMA;false
CHIAMAROMA 060606;2026;26/03/2026;Risolto al secondo livello;false;true;AMA;false
CHIAMAROMA 060606;2026;26/03/2026;Risolto al secondo livello;false;true;AMA;false
CHIAMAROMA 060606;2026;26/03/2026;Risolto al secondo livello;false;true;AMA;false
CHIAMAROMA 060606;2026;26/03/2026;In carico a ente esterno;false;true;POLIZIA LOCALE DI ROMA CAPITALE;true
CHIAMAROMA 060606;2026;26/03/2026;Risolto al secondo livello;false;false;;false
CHIAMAROMA 060606;2026;26/03/2026;In carico a ente esterno;false;true;POLIZIA LOCALE DI ROMA CAPITALE;true
POLIZIA LOCALE (8° Gruppo TINTORETTO);2026;26/03/2026;Risolto al secondo livello;false;false;;false
POLIZIA LOCALE (8° Gruppo TINTORETTO);2026;26/03/2026;Risolto al secondo livello;false;false;;false
CHIAMAROMA 060606;2026;26/03/2026;Risolto al secondo livello;false;false;;false
CHIAMAROMA 060606;2026;26/03/2026;In carico a ente esterno;false;true;POLIZIA LOCALE DI ROMA CAPITALE;true
CHIAMAROMA 060606;2026;26/03/2026;In carico a ente esterno;false;true;POLIZIA LOCALE DI ROMA CAPITALE;true
CHIAMAROMA 060606;2026;26/03/2026;Risolto al secondo livello;false;false;;false
CHIAMAROMA 060606;2026;26/03/2026;Risolto al secondo livello;false;false;;false
CHIAMAROMA 060606;2026;26/03/2026;In carico a ente esterno;false;true;POLIZIA LOCALE DI ROMA CAPITALE;true
CHIAMAROMA 060606;2026;26/03/2026;Risolto al secondo livello;false;false;;false
CHIAMAROMA 060606;2026;26/03/2026;Risolto al secondo livello;false;false;;false
CHIAMAROMA 060606;2026;26/03/2026;Risolto al secondo livello;false;false;;false
CHIAMAROMA 060606;2026;26/03/2026;Risolto al secondo livello;false;false;;false
POLIZIA LOCALE DI ROMA CAPITALE;2026;26/03/2026;In carico a ente esterno;false;true;POLIZIA LOCALE DI ROMA CAPITALE;false
POLIZIA LOCALE DI ROMA CAPITALE;2026;26/03/2026;In carico a ente esterno;false;true;POLIZIA LOCALE DI ROMA CAPITALE;false
POLIZIA LOCALE DI ROMA CAPITALE;2026;26/03/2026;In carico a ente esterno;false;true;POLIZIA LOCALE DI ROMA CAPITALE;false
POLIZIA LOCALE DI ROMA CAPITALE;2026;26/03/2026;In carico a ente esterno;false;true;POLIZIA LOCALE DI ROMA CAPITALE;false
CHIAMAROMA 060606;2026;26/03/2026;Risolto al primo livello;false;false;;true
CHIAMAROMA 060606;2026;26/03/2026;In carico a ente esterno;false;true;POLIZIA LOCALE DI ROMA CAPITALE;true
CHIAMAROMA 060606;2026;26/03/2026;In carico a ente esterno;false;true;POLIZIA LOCALE DI ROMA CAPITALE;true
MUNICIPIO V;2026;26/03/2026;Risolto al secondo livello;false;false;;false
CHIAMAROMA 060606;2026;26/03/2026;Risolto al secondo livello;false;false;;false
POLIZIA LOCALE DI ROMA CAPITALE;2026;26/03/2026;Risolto al secondo livello;false;false;;false
MUNICIPIO XI;2026;26/03/2026;Risolto al secondo livello;false;false;;false
MUNICIPIO I;2026;26/03/2026;Risolto al secondo livello;false;false;;false
MUNICIPIO I;2026;26/03/2026;Risolto al secondo livello;false;false;;false
CHIAMAROMA 060606;2026;26/03/2026;Risolto al secondo livello;false;true;AMA;false
MUNICIPIO I;2026;26/03/2026;Risolto al primo livello;false;false;;false
MUNICIPIO XI;2026;26/03/2026;Risolto al secondo livello;false;false;;false
CHIAMAROMA 060606;2026;26/03/2026;Risolto al secondo livello;false;false;;false
CHIAMAROMA 060606;2026;26/03/2026;In carico a ente esterno;false;true;POLIZIA LOCALE DI ROMA CAPITALE;true
CHIAMAROMA 060606;2026;26/03/2026;Risolto al secondo livello;false;false;;false
CHIAMAROMA 060606;2026;26/03/2026;Risolto da Ente Esterno;false;true;AMA;false
CHIAMAROMA 060606;2026;26/03/2026;Risolto da Ente Esterno;false;true;AMA;false
CHIAMAROMA 060606;2026;26/03/2026;Risolto da Ente Esterno;false;true;AMA;false
CHIAMAROMA 060606;2026;26/03/2026;Risolto da Ente Esterno;false;true;AMA;false
CHIAMAROMA 060606;2026;26/03/2026;Risolto da Ente Esterno;false;true;AMA;false
CHIAMAROMA 060606;2026;26/03/2026;Risolto da Ente Esterno;false;true;AMA;false
CHIAMAROMA 060606;2026;26/03/2026;Risolto da Ente Esterno;false;true;AMA;false
CHIAMAROMA 060606;2026;26/03/2026;Risolto da Ente Esterno;false;true;AMA;false
CHIAMAROMA 060606;2026;26/03/2026;Risolto da Ente Esterno;false;true;AMA;false
CHIAMAROMA 060606;2026;26/03/2026;Risolto da Ente Esterno;false;true;AMA;false
CHIAMAROMA 060606;2026;26/03/2026;Risolto da Ente Esterno;false;true;AMA;false
CHIAMAROMA 060606;2026;26/03/2026;Risolto da Ente Esterno;false;true;AMA;false
BACK OFFICE ROMA CAPITALE;2026;26/03/2026;Risolto da Ente Esterno;false;true;AMA;false
BACK OFFICE ROMA CAPITALE;2026;26/03/2026;Risolto da Ente Esterno;false;true;AMA;false
CHIAMAROMA 060606;2026;26/03/2026;Risolto da Ente Esterno;false;true;AMA;false
CHIAMAROMA 060606;2026;26/03/2026;Risolto da Ente Esterno;false;true;AMA;false
CHIAMAROMA 060606;2026;26/03/2026;Risolto da Ente Esterno;false;true;AMA;false
CHIAMAROMA 060606;2026;26/03/2026;Risolto da Ente Esterno;false;true;AMA;false
CHIAMAROMA 060606;2026;26/03/2026;Risolto da Ente Esterno;false;true;AMA;false
CHIAMAROMA 060606;2026;26/03/2026;Risolto da Ente Esterno;false;true;AMA;false
CHIAMAROMA 060606;2026;26/03/2026;Risolto da Ente Esterno;false;true;AMA;false
CHIAMAROMA 060606;2026;26/03/2026;Risolto da Ente Esterno;false;true;AMA;false
CHIAMAROMA 060606;2026;26/03/2026;Risolto da Ente Esterno;false;true;AMA;false
CHIAMAROMA 060606;2026;26/03/2026;Risolto da Ente Esterno;false;true;AMA;false
CHIAMAROMA 060606;2026;26/03/2026;Risolto da Ente Esterno;false;true;AMA;false
CHIAMAROMA 060606;2026;26/03/2026;Risolto da Ente Esterno;false;true;AMA;false
AMA;2026;26/03/2026;Risolto da Ente Esterno;false;true;AMA;false
CHIAMAROMA 060606;2026;26/03/2026;Risolto da Ente Esterno;false;true;AMA;false
CHIAMAROMA 060606;2026;26/03/2026;Risolto da Ente Esterno;false;true;AMA;false
DIPARTIMENTO INFRASTRUTTURE E LAVORI PUBBLICI;2026;26/03/2026;Risolto al secondo livello;false;false;;false
CHIAMAROMA 060606;2026;26/03/2026;Risolto al secondo livello;false;false;;false
DIPARTIMENTO INFRASTRUTTURE E LAVORI PUBBLICI;2026;26/03/2026;Risolto al secondo livello;false;false;;false
CHIAMAROMA 060606;2026;26/03/2026;In carico a ente esterno;false;true;POLIZIA LOCALE DI ROMA CAPITALE;true
POLIZIA LOCALE DI ROMA CAPITALE;2026;26/03/2026;In carico a ente esterno;false;true;POLIZIA LOCALE DI ROMA CAPITALE;false
POLIZIA LOCALE DI ROMA CAPITALE;2026;26/03/2026;In carico a ente esterno;false;true;POLIZIA LOCALE DI ROMA CAPITALE;false
MUNICIPIO V;2026;26/03/2026;Risolto al secondo livello;false;false;;false
DIPARTIMENTO MOBILITA’ SOSTENIBILE E TRASPORTI;2026;26/03/2026;Risolto al secondo livello;false;false;;false
MUNICIPIO V;2026;26/03/2026;Risolto al secondo livello;false;false;;false
CHIAMAROMA 060606;2026;26/03/2026;Risolto al secondo livello;false;false;;false
CHIAMAROMA 060606;2026;26/03/2026;Risolto al secondo livello;false;false;;false
CHIAMAROMA 060606;2026;26/03/2026;Risolto al secondo livello;false;false;;false
MUNICIPIO VII;2026;26/03/2026;Non lavorabile o dati insufficienti;false;false;;false
DIPARTIMENTO TUTELA AMBIENTALE;2026;26/03/2026;Risolto al secondo livello;false;false;;false
CHIAMAROMA 060606;2026;26/03/2026;In carico a ente esterno;false;true;POLIZIA LOCALE DI ROMA CAPITALE;true
CHIAMAROMA 060606;2026;26/03/2026;In carico a ente esterno;false;true;POLIZIA LOCALE DI ROMA CAPITALE;true
CHIAMAROMA 060606;2026;26/03/2026;Risolto al primo livello;false;false;;false
POLIZIA LOCALE DI ROMA CAPITALE;2026;26/03/2026;Risolto al secondo livello;false;false;;false
MUNICIPIO V;2026;26/03/2026;Risolto al secondo livello;false;false;;false
CHIAMAROMA 060606;2026;26/03/2026;Risolto al secondo livello;false;false;;false
CHIAMAROMA 060606;2026;26/03/2026;Risolto al secondo livello;false;false;;false
CHIAMAROMA 060606;2026;26/03/2026;Risolto al secondo livello;false;false;;false
CHIAMAROMA 060606;2026;26/03/2026;Risolto al secondo livello;false;false;;false
CHIAMAROMA 060606;2026;26/03/2026;Risolto al secondo livello;false;false;;false
CHIAMAROMA 060606;2026;26/03/2026;Risolto al secondo livello;false;false;;false
CHIAMAROMA 060606;2026;26/03/2026;In carico a ente esterno;false;true;POLIZIA LOCALE DI ROMA CAPITALE;true
CHIAMAROMA 060606;2026;26/03/2026;Risolto al secondo livello;false;false;;false
CHIAMAROMA 060606;2026;26/03/2026;Risolto al primo livello;false;false;;true
CHIAMAROMA 060606;2026;26/03/2026;Risolto al secondo livello;false;false;;false
CHIAMAROMA 060606;2026;26/03/2026;In carico a ente esterno;false;true;POLIZIA LOCALE DI ROMA CAPITALE;true
CHIAMAROMA 060606;2026;26/03/2026;Risolto al secondo livello;false;false;;false
CHIAMAROMA 060606;2026;26/03/2026;In carico a ente esterno;false;true;POLIZIA LOCALE DI ROMA CAPITALE;true
CHIAMAROMA 060606;2026;26/03/2026;Risolto al secondo livello;false;false;;false
CHIAMAROMA 060606;2026;26/03/2026;Risolto al secondo livello;false;false;;false
POLIZIA LOCALE DI ROMA CAPITALE;2026;26/03/2026;In carico a ente esterno;false;true;POLIZIA LOCALE DI ROMA CAPITALE;false
POLIZIA LOCALE DI ROMA CAPITALE;2026;26/03/2026;In carico a ente esterno;false;true;POLIZIA LOCALE DI ROMA CAPITALE;false
POLIZIA LOCALE DI ROMA CAPITALE;2026;26/03/2026;In carico a ente esterno;false;true;POLIZIA LOCALE DI ROMA CAPITALE;false
POLIZIA LOCALE DI ROMA CAPITALE;2026;26/03/2026;In carico a ente esterno;false;true;POLIZIA LOCALE DI ROMA CAPITALE;false
POLIZIA LOCALE DI ROMA CAPITALE;2026;26/03/2026;In carico a ente esterno;false;true;POLIZIA LOCALE DI ROMA CAPITALE;false
DIPARTIMENTO INFRASTRUTTURE E LAVORI PUBBLICI;2026;26/03/2026;Risolto al secondo livello;false;false;;false
GABINETTO DEL SINDACO;2026;26/03/2026;Risolto al secondo livello;false;false;;false
CHIAMAROMA 060606;2026;26/03/2026;Risolto al secondo livello;false;false;;false
CHIAMAROMA 060606;2026;26/03/2026;In carico a ente esterno;false;true;POLIZIA LOCALE DI ROMA CAPITALE;true
CHIAMAROMA 060606;2026;26/03/2026;Risolto al secondo livello;false;false;;false
MUNICIPIO XI;2026;26/03/2026;Risolto al secondo livello;false;false;;false
DIPARTIMENTO INFRASTRUTTURE E LAVORI PUBBLICI;2026;26/03/2026;Risolto al secondo livello;false;false;;false
MUNICIPIO III;2026;26/03/2026;Risolto al secondo livello;false;false;;false
CHIAMAROMA 060606;2026;26/03/2026;In carico a ente esterno;false;true;POLIZIA LOCALE DI ROMA CAPITALE;true
CHIAMAROMA 060606;2026;26/03/2026;In carico a ente esterno;false;true;POLIZIA LOCALE DI ROMA CAPITALE;true
CHIAMAROMA 060606;2026;26/03/2026;In carico a ente esterno;false;true;POLIZIA LOCALE DI ROMA CAPITALE;true
CHIAMAROMA 060606;2026;26/03/2026;Risolto al secondo livello;false;false;;false
;2026;26/03/2026;Risolto al secondo livello;false;false;;false
CHIAMAROMA 060606;2026;26/03/2026;Risolto al secondo livello;false;false;;false
CHIAMAROMA 060606;2026;26/03/2026;Risolto al secondo livello;false;false;;false
;2026;26/03/2026;Risolto al secondo livello;false;false;;false
CHIAMAROMA 060606;2026;26/03/2026;Risolto al secondo livello;false;false;;false
CHIAMAROMA 060606;2026;26/03/2026;Risolto al secondo livello;false;false;;false
CHIAMAROMA 060606;2026;26/03/2026;In carico a ente esterno;false;true;POLIZIA LOCALE DI ROMA CAPITALE;true
CHIAMAROMA 060606;2026;26/03/2026;Risolto al secondo livello;false;false;;false
;2026;26/03/2026;Risolto al secondo livello;false;false;;false
CHIAMAROMA 060606;2026;26/03/2026;In carico a ente esterno;false;true;POLIZIA LOCALE DI ROMA CAPITALE;true
CHIAMAROMA 060606;2026;26/03/2026;Risolto al primo livello;false;false;;true
CHIAMAROMA 060606;2026;26/03/2026;In carico a ente esterno;false;true;POLIZIA LOCALE DI ROMA CAPITALE;true
CHIAMAROMA 060606;2026;26/03/2026;In carico a ente esterno;false;true;POLIZIA LOCALE DI ROMA CAPITALE;true
CHIAMAROMA 060606;2026;26/03/2026;Risolto al secondo livello;false;false;;false
POLIZIA LOCALE DI ROMA CAPITALE;2026;26/03/2026;In carico a ente esterno;false;true;POLIZIA LOCALE DI ROMA CAPITALE;false
POLIZIA LOCALE DI ROMA CAPITALE;2026;26/03/2026;In carico a ente esterno;false;true;POLIZIA LOCALE DI ROMA CAPITALE;false
CHIAMAROMA 060606;2026;26/03/2026;Risolto al secondo livello;false;false;;false
CHIAMAROMA 060606;2026;26/03/2026;In carico a ente esterno;false;true;POLIZIA LOCALE DI ROMA CAPITALE;true
CHIAMAROMA 060606;2026;26/03/2026;Risolto al secondo livello;false;false;;false
CHIAMAROMA 060606;2026;26/03/2026;Risolto al secondo livello;false;false;;false
CHIAMAROMA 060606;2026;26/03/2026;Risolto al secondo livello;false;false;;false
GABINETTO DEL SINDACO;2026;26/03/2026;Non più necessario;false;false;;false
GABINETTO DEL SINDACO;2026;26/03/2026;Non più necessario;false;false;;false
GABINETTO DEL SINDACO;2026;26/03/2026;Non più necessario;false;false;;false
GABINETTO DEL SINDACO;2026;26/03/2026;Non più necessario;false;false;;false
CHIAMAROMA 060606;2026;26/03/2026;In carico a ente esterno;false;true;POLIZIA LOCALE DI ROMA CAPITALE;true
GABINETTO DEL SINDACO;2026;26/03/2026;Non più necessario;false;false;;false
CHIAMAROMA 060606;2026;26/03/2026;Risolto al secondo livello;false;true;AMA;false
CHIAMAROMA 060606;2026;26/03/2026;Risolto al secondo livello;false;false;;false
CHIAMAROMA 060606;2026;26/03/2026;Risolto al secondo livello;false;false;;false
CHIAMAROMA 060606;2026;26/03/2026;Risolto al secondo livello;false;false;;false
CHIAMAROMA 060606;2026;26/03/2026;Risolto al secondo livello;false;false;;false
CHIAMAROMA 060606;2026;26/03/2026;Risolto al secondo livello;false;false;;false
CHIAMAROMA 060606;2026;26/03/2026;Risolto al secondo livello;false;false;;false
CHIAMAROMA 060606;2026;26/03/2026;Risolto da Ente Esterno;false;true;AMA;false
MUNICIPIO III;2026;26/03/2026;Risolto da Ente Esterno;false;true;AMA;false
AMA;2026;26/03/2026;Risolto da Ente Esterno;false;true;AMA;false
CHIAMAROMA 060606;2026;26/03/2026;Risolto da Ente Esterno;false;true;AMA;false
CHIAMAROMA 060606;2026;26/03/2026;Risolto da Ente Esterno;false;true;AMA;false
CHIAMAROMA 060606;2026;26/03/2026;Risolto da Ente Esterno;false;true;AMA;false
CHIAMAROMA 060606;2026;26/03/2026;Risolto da Ente Esterno;false;true;AMA;false
AMA;2026;26/03/2026;Risolto da Ente Esterno;false;true;AMA;false
CHIAMAROMA 060606;2026;26/03/2026;Risolto da Ente Esterno;false;true;AMA;false
CHIAMAROMA 060606;2026;26/03/2026;Risolto da Ente Esterno;false;true;AMA;false
POLIZIA LOCALE DI ROMA CAPITALE;2026;26/03/2026;In carico a ente esterno;false;true;POLIZIA LOCALE DI ROMA CAPITALE;false
POLIZIA LOCALE DI ROMA CAPITALE;2026;26/03/2026;In carico a ente esterno;false;true;POLIZIA LOCALE DI ROMA CAPITALE;false
CHIAMAROMA 060606;2026;26/03/2026;In carico a ente esterno;false;true;POLIZIA LOCALE DI ROMA CAPITALE;true
CHIAMAROMA 060606;2026;26/03/2026;In carico a ente esterno;false;true;POLIZIA LOCALE DI ROMA CAPITALE;true
GABINETTO DEL SINDACO;2026;26/03/2026;Non più necessario;false;false;;false
DIPARTIMENTO MOBILITA’ SOSTENIBILE E TRASPORTI;2026;26/03/2026;Risolto al primo livello;false;false;;false
CHIAMAROMA 060606;2026;26/03/2026;In carico a ente esterno;false;true;POLIZIA LOCALE DI ROMA CAPITALE;true
CHIAMAROMA 060606;2026;26/03/2026;Risolto al primo livello;false;false;;false
CHIAMAROMA 060606;2026;26/03/2026;Risolto al secondo livello;false;false;;false
DIPARTIMENTO MOBILITA’ SOSTENIBILE E TRASPORTI;2026;26/03/2026;Non più necessario;false;false;;false
CHIAMAROMA 060606;2026;26/03/2026;Risolto al secondo livello;false;false;;false
CHIAMAROMA 060606;2026;26/03/2026;Risolto al secondo livello;false;false;;false
CHIAMAROMA 060606;2026;26/03/2026;Risolto al secondo livello;false;false;;false
CHIAMAROMA 060606;2026;26/03/2026;Risolto al secondo livello;false;false;;false
CHIAMAROMA 060606;2026;26/03/2026;In carico a ente esterno;false;true;POLIZIA LOCALE DI ROMA CAPITALE;true
;2026;26/03/2026;Risolto al primo livello;false;false;;false
CHIAMAROMA 060606;2026;26/03/2026;Risolto al secondo livello;false;false;;false
CHIAMAROMA 060606;2026;26/03/2026;Risolto al secondo livello;false;false;;false
GABINETTO DEL SINDACO;2026;26/03/2026;Non più necessario;false;false;;false
GABINETTO DEL SINDACO;2026;26/03/2026;Non più necessario;false;false;;false
CHIAMAROMA 060606;2026;26/03/2026;Risolto al secondo livello;false;false;;false
GABINETTO DEL SINDACO;2026;26/03/2026;Non più necessario;false;false;;false
GABINETTO DEL SINDACO;2026;26/03/2026;Non più necessario;false;false;;false
GABINETTO DEL SINDACO;2026;26/03/2026;Non più necessario;false;false;;false
CHIAMAROMA 060606;2026;26/03/2026;In carico a ente esterno;false;true;POLIZIA LOCALE DI ROMA CAPITALE;true
CHIAMAROMA 060606;2026;26/03/2026;In carico a ente esterno;false;true;POLIZIA LOCALE DI ROMA CAPITALE;true
GABINETTO DEL SINDACO;2026;26/03/2026;Non più necessario;false;false;;false
CHIAMAROMA 060606;2026;26/03/2026;Non di competenza di Roma Capitale o enti controllati;false;false;;false
CHIAMAROMA 060606;2026;26/03/2026;In carico a ente esterno;false;true;POLIZIA LOCALE DI ROMA CAPITALE;true
GABINETTO DEL SINDACO;2026;26/03/2026;Non più necessario;false;false;;false
POLIZIA LOCALE DI ROMA CAPITALE;2026;26/03/2026;Risolto al secondo livello;false;false;;false
GABINETTO DEL SINDACO;2026;26/03/2026;Non più necessario;false;false;;false
CHIAMAROMA 060606;2026;26/03/2026;In carico a ente esterno;false;true;POLIZIA LOCALE DI ROMA CAPITALE;true
CHIAMAROMA 060606;2026;26/03/2026;Risolto al secondo livello;false;false;;false
POLIZIA LOCALE DI ROMA CAPITALE;2026;26/03/2026;In carico a ente esterno;false;true;POLIZIA LOCALE DI ROMA CAPITALE;false
POLIZIA LOCALE DI ROMA CAPITALE;2026;26/03/2026;In carico a ente esterno;false;true;POLIZIA LOCALE DI ROMA CAPITALE;false
CHIAMAROMA 060606;2026;26/03/2026;In carico a ente esterno;false;true;POLIZIA LOCALE DI ROMA CAPITALE;true
MUNICIPIO X;2026;26/03/2026;Non più necessario;false;false;;false
MUNICIPIO VII;2026;26/03/2026;Risolto al primo livello;false;false;;false
CHIAMAROMA 060606;2026;26/03/2026;In carico a ente esterno;false;true;POLIZIA LOCALE DI ROMA CAPITALE;true
CHIAMAROMA 060606;2026;26/03/2026;In carico a ente esterno;false;true;POLIZIA LOCALE DI ROMA CAPITALE;true
CHIAMAROMA 060606;2026;26/03/2026;In carico a ente esterno;false;true;POLIZIA LOCALE DI ROMA CAPITALE;true
MUNICIPIO XIII;2026;26/03/2026;Risolto al secondo livello;false;false;;false
CHIAMAROMA 060606;2026;26/03/2026;In carico a ente esterno;false;true;POLIZIA LOCALE DI ROMA CAPITALE;true
DIPARTIMENTO MOBILITA’ SOSTENIBILE E TRASPORTI;2026;26/03/2026;Risolto al secondo livello;false;false;;false
CHIAMAROMA 060606;2026;26/03/2026;In carico a ente esterno;false;true;POLIZIA LOCALE DI ROMA CAPITALE;true
DIPARTIMENTO TUTELA AMBIENTALE;2026;26/03/2026;Risolto al secondo livello;false;false;;false
CHIAMAROMA 060606;2026;26/03/2026;In carico a ente esterno;false;true;POLIZIA LOCALE DI ROMA CAPITALE;true
DIPARTIMENTO TUTELA AMBIENTALE;2026;26/03/2026;Risolto al secondo livello;false;false;;false
POLIZIA LOCALE DI ROMA CAPITALE;2026;26/03/2026;In carico a ente esterno;false;true;POLIZIA LOCALE DI ROMA CAPITALE;false
POLIZIA LOCALE DI ROMA CAPITALE;2026;26/03/2026;In carico a ente esterno;false;true;POLIZIA LOCALE DI ROMA CAPITALE;false
POLIZIA LOCALE DI ROMA CAPITALE;2026;26/03/2026;In carico a ente esterno;false;true;POLIZIA LOCALE DI ROMA CAPITALE;false
POLIZIA LOCALE DI ROMA CAPITALE;2026;26/03/2026;In carico a ente esterno;false;true;POLIZIA LOCALE DI ROMA CAPITALE;false
MUNICIPIO XIII;2026;26/03/2026;Risolto al secondo livello;false;false;;false
CHIAMAROMA 060606;2026;26/03/2026;Risolto al secondo livello;false;true;AMA;false
MUNICIPIO XIII;2026;26/03/2026;Risolto al secondo livello;false;false;;false
MUNICIPIO XIII;2026;26/03/2026;Risolto al secondo livello;false;false;;false
CHIAMAROMA 060606;2026;26/03/2026;In carico a ente esterno;false;true;POLIZIA LOCALE DI ROMA CAPITALE;true
DIPARTIMENTO TUTELA AMBIENTALE;2026;26/03/2026;Risolto al secondo livello;false;false;;false
DIPARTIMENTO TUTELA AMBIENTALE;2026;26/03/2026;Risolto al secondo livello;false;false;;false
CHIAMAROMA 060606;2026;26/03/2026;Risolto al secondo livello;false;false;;false
MUNICIPIO VII;2026;26/03/2026;Risolto al primo livello;false;false;;false
CHIAMAROMA 060606;2026;26/03/2026;In carico a ente esterno;false;true;POLIZIA LOCALE DI ROMA CAPITALE;true
CHIAMAROMA 060606;2026;26/03/2026;In carico a ente esterno;false;true;POLIZIA LOCALE DI ROMA CAPITALE;true
CHIAMAROMA 060606;2026;26/03/2026;Risolto da Ente Esterno;false;true;AMA;false
CHIAMAROMA 060606;2026;26/03/2026;Risolto da Ente Esterno;false;true;AMA;false
CHIAMAROMA 060606;2026;26/03/2026;Risolto da Ente Esterno;false;true;AMA;false
CHIAMAROMA 060606;2026;26/03/2026;Risolto da Ente Esterno;false;true;AMA;false
CHIAMAROMA 060606;2026;26/03/2026;Risolto da Ente Esterno;false;true;AMA;false
CHIAMAROMA 060606;2026;26/03/2026;Risolto da Ente Esterno;false;true;AMA;false
CHIAMAROMA 060606;2026;26/03/2026;Risolto da Ente Esterno;false;true;AMA;false
CHIAMAROMA 060606;2026;26/03/2026;Risolto da Ente Esterno;false;true;AMA;false
CHIAMAROMA 060606;2026;26/03/2026;Risolto da Ente Esterno;false;true;AMA;false
CHIAMAROMA 060606;2026;26/03/2026;Risolto da Ente Esterno;false;true;AMA;false
CHIAMAROMA 060606;2026;26/03/2026;Risolto da Ente Esterno;false;true;AMA;false
CHIAMAROMA 060606;2026;26/03/2026;Risolto da Ente Esterno;false;true;AMA;false
CHIAMAROMA 060606;2026;26/03/2026;Risolto da Ente Esterno;false;true;AMA;false
CHIAMAROMA 060606;2026;26/03/2026;Risolto da Ente Esterno;false;true;AMA;false
CHIAMAROMA 060606;2026;26/03/2026;Risolto da Ente Esterno;false;true;AMA;false
CHIAMAROMA 060606;2026;26/03/2026;Risolto da Ente Esterno;false;true;AMA;false
CHIAMAROMA 060606;2026;26/03/2026;Risolto da Ente Esterno;false;true;AMA;false
CHIAMAROMA 060606;2026;26/03/2026;Risolto al primo livello;false;false;;false
CHIAMAROMA 060606;2026;26/03/2026;Risolto al primo livello;false;false;;true
POLIZIA LOCALE DI ROMA CAPITALE;2026;26/03/2026;In carico a ente esterno;false;true;POLIZIA LOCALE DI ROMA CAPITALE;false
POLIZIA LOCALE DI ROMA CAPITALE;2026;26/03/2026;In carico a ente esterno;false;true;POLIZIA LOCALE DI ROMA CAPITALE;false
POLIZIA LOCALE DI ROMA CAPITALE;2026;26/03/2026;In carico a ente esterno;false;true;POLIZIA LOCALE DI ROMA CAPITALE;false
MUNICIPIO VII;2026;26/03/2026;Risolto al primo livello;false;false;;false
RAGIONERIA GENERALE;2026;26/03/2026;Risolto al secondo livello;false;false;;false
CHIAMAROMA 060606;2026;26/03/2026;Risolto al secondo livello;false;false;;false
CHIAMAROMA 060606;2026;26/03/2026;Risolto al secondo livello;false;false;;false
CHIAMAROMA 060606;2026;26/03/2026;Risolto al secondo livello;false;false;;false
DIPARTIMENTO TUTELA AMBIENTALE;2026;26/03/2026;Risolto al secondo livello;false;false;;false
CHIAMAROMA 060606;2026;26/03/2026;Risolto al secondo livello;false;false;;false
CHIAMAROMA 060606;2026;26/03/2026;Risolto al secondo livello;false;false;;false
CHIAMAROMA 060606;2026;26/03/2026;Mancata risposta del cittadino;false;false;;false
DIPARTIMENTO MOBILITA’ SOSTENIBILE E TRASPORTI;2026;26/03/2026;Risolto al secondo livello;false;false;;false
DIPARTIMENTO TUTELA AMBIENTALE;2026;26/03/2026;Non più necessario;false;false;;false
MUNICIPIO III;2026;26/03/2026;Risolto al secondo livello;false;false;;false
POLIZIA LOCALE DI ROMA CAPITALE;2026;26/03/2026;In carico a ente esterno;false;true;POLIZIA LOCALE DI ROMA CAPITALE;false
POLIZIA LOCALE DI ROMA CAPITALE;2026;26/03/2026;In carico a ente esterno;false;true;POLIZIA LOCALE DI ROMA CAPITALE;false
POLIZIA LOCALE DI ROMA CAPITALE;2026;26/03/2026;In carico a ente esterno;false;true;POLIZIA LOCALE DI ROMA CAPITALE;false
POLIZIA LOCALE DI ROMA CAPITALE;2026;26/03/2026;In carico a ente esterno;false;true;POLIZIA LOCALE DI ROMA CAPITALE;false
CHIAMAROMA 060606;2026;26/03/2026;In carico a ente esterno;false;true;POLIZIA LOCALE DI ROMA CAPITALE;true
CHIAMAROMA 060606;2026;26/03/2026;In carico a ente esterno;false;true;POLIZIA LOCALE DI ROMA CAPITALE;true
CHIAMAROMA 060606;2026;26/03/2026;In carico a ente esterno;false;true;POLIZIA LOCALE DI ROMA CAPITALE;true
CHIAMAROMA 060606;2026;26/03/2026;Risolto al secondo livello;false;false;;false
CHIAMAROMA 060606;2026;26/03/2026;In carico a ente esterno;false;true;POLIZIA LOCALE DI ROMA CAPITALE;true
CHIAMAROMA 060606;2026;26/03/2026;Risolto al primo livello;false;false;;false
CHIAMAROMA 060606;2026;26/03/2026;In carico a ente esterno;false;true;POLIZIA LOCALE DI ROMA CAPITALE;true
POLIZIA LOCALE DI ROMA CAPITALE;2026;26/03/2026;Non di competenza di Roma Capitale o enti controllati;false;false;;false
CHIAMAROMA 060606;2026;26/03/2026;In carico a ente esterno;false;true;POLIZIA LOCALE DI ROMA CAPITALE;true
CHIAMAROMA 060606;2026;26/03/2026;In carico a ente esterno;false;true;POLIZIA LOCALE DI ROMA CAPITALE;true
CHIAMAROMA 060606;2026;26/03/2026;In carico a ente esterno;false;true;POLIZIA LOCALE DI ROMA CAPITALE;true
POLIZIA LOCALE DI ROMA CAPITALE;2026;26/03/2026;In carico a ente esterno;false;true;POLIZIA LOCALE DI ROMA CAPITALE;false
POLIZIA LOCALE DI ROMA CAPITALE;2026;26/03/2026;In carico a ente esterno;false;true;POLIZIA LOCALE DI ROMA CAPITALE;false
CHIAMAROMA 060606;2026;26/03/2026;In carico a ente esterno;false;true;POLIZIA LOCALE DI ROMA CAPITALE;true
CHIAMAROMA 060606;2026;26/03/2026;In carico a ente esterno;false;true;POLIZIA LOCALE DI ROMA CAPITALE;true
MUNICIPIO XIV;2026;26/03/2026;Risolto al secondo livello;false;false;;false
CHIAMAROMA 060606;2026;26/03/2026;Risolto da Ente Esterno;false;true;AMA;false
CHIAMAROMA 060606;2026;26/03/2026;Risolto da Ente Esterno;false;true;AMA;false
POLIZIA LOCALE DI ROMA CAPITALE;2026;26/03/2026;In carico a ente esterno;false;true;POLIZIA LOCALE DI ROMA CAPITALE;false
POLIZIA LOCALE DI ROMA CAPITALE;2026;26/03/2026;In carico a ente esterno;false;true;POLIZIA LOCALE DI ROMA CAPITALE;false
POLIZIA LOCALE DI ROMA CAPITALE;2026;26/03/2026;In carico a ente esterno;false;true;POLIZIA LOCALE DI ROMA CAPITALE;false
POLIZIA LOCALE DI ROMA CAPITALE;2026;26/03/2026;In carico a ente esterno;false;true;POLIZIA LOCALE DI ROMA CAPITALE;false
POLIZIA LOCALE DI ROMA CAPITALE;2026;26/03/2026;In carico a ente esterno;false;true;POLIZIA LOCALE DI ROMA CAPITALE;false
CHIAMAROMA 060606;2026;26/03/2026;In carico a ente esterno;false;true;POLIZIA LOCALE DI ROMA CAPITALE;true
CHIAMAROMA 060606;2026;26/03/2026;In carico a ente esterno;false;true;POLIZIA LOCALE DI ROMA CAPITALE;true
POLIZIA LOCALE DI ROMA CAPITALE;2026;26/03/2026;In carico a ente esterno;false;true;POLIZIA LOCALE DI ROMA CAPITALE;false
CHIAMAROMA 060606;2026;26/03/2026;In carico a ente esterno;false;true;POLIZIA LOCALE DI ROMA CAPITALE;true
POLIZIA LOCALE DI ROMA CAPITALE;2026;26/03/2026;In carico a ente esterno;false;true;POLIZIA LOCALE DI ROMA CAPITALE;false
POLIZIA LOCALE DI ROMA CAPITALE;2026;26/03/2026;In carico a ente esterno;false;true;POLIZIA LOCALE DI ROMA CAPITALE;false
CHIAMAROMA 060606;2026;27/03/2026;In carico a ente esterno;false;true;POLIZIA LOCALE DI ROMA CAPITALE;true
CHIAMAROMA 060606;2026;27/03/2026;Risolto da Ente Esterno;false;true;AMA;false
CHIAMAROMA 060606;2026;27/03/2026;Risolto da Ente Esterno;false;true;AMA;false
CHIAMAROMA 060606;2026;27/03/2026;Risolto da Ente Esterno;false;true;AMA;false
CHIAMAROMA 060606;2026;27/03/2026;Risolto da Ente Esterno;false;true;AMA;false
AMA;2026;27/03/2026;Risolto da Ente Esterno;false;true;AMA;false
AMA;2026;27/03/2026;Risolto da Ente Esterno;false;true;AMA;false
CHIAMAROMA 060606;2026;27/03/2026;Risolto da Ente Esterno;false;true;AMA;false
AMA;2026;27/03/2026;Risolto da Ente Esterno;false;true;AMA;false
CHIAMAROMA 060606;2026;27/03/2026;Risolto da Ente Esterno;false;true;AMA;false
CHIAMAROMA 060606;2026;27/03/2026;Risolto da Ente Esterno;false;true;AMA;false
CHIAMAROMA 060606;2026;27/03/2026;Risolto da Ente Esterno;false;true;AMA;false
CHIAMAROMA 060606;2026;27/03/2026;Risolto da Ente Esterno;false;true;AMA;false
CHIAMAROMA 060606;2026;27/03/2026;Risolto da Ente Esterno;false;true;AMA;false
CHIAMAROMA 060606;2026;27/03/2026;Risolto da Ente Esterno;false;true;AMA;false
CHIAMAROMA 060606;2026;27/03/2026;Risolto da Ente Esterno;false;true;AMA;false
CHIAMAROMA 060606;2026;27/03/2026;Risolto da Ente Esterno;false;true;AMA;false
AMA;2026;27/03/2026;Risolto da Ente Esterno;false;true;AMA;false
CHIAMAROMA 060606;2026;27/03/2026;Risolto da Ente Esterno;false;true;AMA;false
CHIAMAROMA 060606;2026;27/03/2026;Risolto da Ente Esterno;false;true;AMA;false
CHIAMAROMA 060606;2026;27/03/2026;Risolto da Ente Esterno;false;true;AMA;false
AMA;2026;27/03/2026;Risolto da Ente Esterno;false;true;AMA;false
AMA;2026;27/03/2026;Risolto da Ente Esterno;false;true;AMA;false
CHIAMAROMA 060606;2026;27/03/2026;Risolto da Ente Esterno;false;true;AMA;false
CHIAMAROMA 060606;2026;27/03/2026;Risolto da Ente Esterno;false;true;AMA;false
CHIAMAROMA 060606;2026;27/03/2026;Risolto da Ente Esterno;false;true;AMA;false
MUNICIPIO II;2026;27/03/2026;Risolto da Ente Esterno;false;true;AMA;false
DIPARTIMENTO CICLO RIFIUTI;2026;27/03/2026;Risolto da Ente Esterno;false;true;AMA;false
CHIAMAROMA 060606;2026;27/03/2026;Risolto da Ente Esterno;false;true;AMA;false
CHIAMAROMA 060606;2026;27/03/2026;Risolto da Ente Esterno;false;true;AMA;false
CHIAMAROMA 060606;2026;27/03/2026;Risolto da Ente Esterno;false;true;AMA;false
AMA;2026;27/03/2026;Risolto da Ente Esterno;false;true;AMA;false
CHIAMAROMA 060606;2026;27/03/2026;In carico a ente esterno;false;true;POLIZIA LOCALE DI ROMA CAPITALE;true
CHIAMAROMA 060606;2026;27/03/2026;Risolto da Ente Esterno;false;true;AMA;false
CHIAMAROMA 060606;2026;27/03/2026;Risolto da Ente Esterno;false;true;AMA;false
CHIAMAROMA 060606;2026;27/03/2026;Risolto da Ente Esterno;false;true;AMA;false
CHIAMAROMA 060606;2026;27/03/2026;Risolto da Ente Esterno;false;true;AMA;false
AMA;2026;27/03/2026;Risolto da Ente Esterno;false;true;AMA;false
CHIAMAROMA 060606;2026;27/03/2026;Risolto da Ente Esterno;false;true;AMA;false
CHIAMAROMA 060606;2026;27/03/2026;Risolto da Ente Esterno;false;true;AMA;false
CHIAMAROMA 060606;2026;27/03/2026;Risolto da Ente Esterno;false;true;AMA;false
CHIAMAROMA 060606;2026;27/03/2026;Risolto da Ente Esterno;false;true;AMA;false
CHIAMAROMA 060606;2026;27/03/2026;Risolto da Ente Esterno;false;true;AMA;false
CHIAMAROMA 060606;2026;27/03/2026;Risolto da Ente Esterno;false;true;AMA;false
CHIAMAROMA 060606;2026;27/03/2026;In carico a ente esterno;false;true;POLIZIA LOCALE DI ROMA CAPITALE;true
POLIZIA LOCALE DI ROMA CAPITALE;2026;27/03/2026;In carico a ente esterno;false;true;POLIZIA LOCALE DI ROMA CAPITALE;false
RAGIONERIA GENERALE;2026;27/03/2026;Risolto al secondo livello;false;false;;false
CHIAMAROMA 060606;2026;27/03/2026;In carico a ente esterno;false;true;POLIZIA LOCALE DI ROMA CAPITALE;true
CHIAMAROMA 060606;2026;27/03/2026;In carico a ente esterno;false;true;POLIZIA LOCALE DI ROMA CAPITALE;true
DIPARTIMENTO SVILUPPO ECONOMICO E ATTIVITA’ PRODUTTIVE;2026;27/03/2026;Risolto al secondo livello;false;false;;false
CHIAMAROMA 060606;2026;27/03/2026;Risolto al secondo livello;false;false;;false
MUNICIPIO XI;2026;27/03/2026;Risolto al secondo livello;false;false;;false
CHIAMAROMA 060606;2026;27/03/2026;Risolto al secondo livello;false;true;AMA;false
CHIAMAROMA 060606;2026;27/03/2026;Risolto al secondo livello;false;false;;false
CHIAMAROMA 060606;2026;27/03/2026;In carico a ente esterno;false;true;POLIZIA LOCALE DI ROMA CAPITALE;true
CHIAMAROMA 060606;2026;27/03/2026;Risolto al secondo livello;false;false;;false
CHIAMAROMA 060606;2026;27/03/2026;Risolto al secondo livello;false;false;;false
CHIAMAROMA 060606;2026;27/03/2026;Risolto al primo livello;false;false;;true
RAGIONERIA GENERALE;2026;27/03/2026;Risolto al secondo livello;false;false;;false
POLIZIA LOCALE DI ROMA CAPITALE;2026;27/03/2026;In carico a ente esterno;false;true;POLIZIA LOCALE DI ROMA CAPITALE;false
POLIZIA LOCALE DI ROMA CAPITALE;2026;27/03/2026;In carico a ente esterno;false;true;POLIZIA LOCALE DI ROMA CAPITALE;false
POLIZIA LOCALE DI ROMA CAPITALE;2026;27/03/2026;In carico a ente esterno;false;true;POLIZIA LOCALE DI ROMA CAPITALE;false
POLIZIA LOCALE DI ROMA CAPITALE;2026;27/03/2026;In carico a ente esterno;false;true;POLIZIA LOCALE DI ROMA CAPITALE;false
POLIZIA LOCALE DI ROMA CAPITALE;2026;27/03/2026;In carico a ente esterno;false;true;POLIZIA LOCALE DI ROMA CAPITALE;false
POLIZIA LOCALE DI ROMA CAPITALE;2026;27/03/2026;In carico a ente esterno;false;true;POLIZIA LOCALE DI ROMA CAPITALE;false
POLIZIA LOCALE DI ROMA CAPITALE;2026;27/03/2026;Risolto al secondo livello;false;false;;false
RAGIONERIA GENERALE;2026;27/03/2026;Risolto al secondo livello;false;false;;false
POLIZIA LOCALE DI ROMA CAPITALE;2026;27/03/2026;Risolto al secondo livello;false;false;;false
RAGIONERIA GENERALE;2026;27/03/2026;Risolto al secondo livello;false;false;;false
MUNICIPIO XI;2026;27/03/2026;Risolto al secondo livello;false;false;;false
RAGIONERIA GENERALE;2026;27/03/2026;Risolto al secondo livello;false;false;;false
RAGIONERIA GENERALE;2026;27/03/2026;Risolto al secondo livello;false;false;;false
CHIAMAROMA 060606;2026;27/03/2026;In carico a ente esterno;false;true;POLIZIA LOCALE DI ROMA CAPITALE;true
RAGIONERIA GENERALE;2026;27/03/2026;Risolto al secondo livello;false;false;;false
CHIAMAROMA 060606;2026;27/03/2026;In carico a ente esterno;false;true;POLIZIA LOCALE DI ROMA CAPITALE;true
RAGIONERIA GENERALE;2026;27/03/2026;Risolto al secondo livello;false;false;;false
CHIAMAROMA 060606;2026;27/03/2026;In carico a ente esterno;false;true;POLIZIA LOCALE DI ROMA CAPITALE;true
CHIAMAROMA 060606;2026;27/03/2026;In carico a ente esterno;false;true;POLIZIA LOCALE DI ROMA CAPITALE;true
CHIAMAROMA 060606;2026;27/03/2026;In carico a ente esterno;false;true;POLIZIA LOCALE DI ROMA CAPITALE;true
RAGIONERIA GENERALE;2026;27/03/2026;Risolto al secondo livello;false;false;;false
CHIAMAROMA 060606;2026;27/03/2026;In carico a ente esterno;false;true;POLIZIA LOCALE DI ROMA CAPITALE;true
CHIAMAROMA 060606;2026;27/03/2026;Risolto al secondo livello;false;false;;false
POLIZIA LOCALE DI ROMA CAPITALE;2026;27/03/2026;In carico a ente esterno;false;true;POLIZIA LOCALE DI ROMA CAPITALE;false
POLIZIA LOCALE DI ROMA CAPITALE;2026;27/03/2026;In carico a ente esterno;false;true;POLIZIA LOCALE DI ROMA CAPITALE;false
POLIZIA LOCALE DI ROMA CAPITALE;2026;27/03/2026;In carico a ente esterno;false;true;POLIZIA LOCALE DI ROMA CAPITALE;false
POLIZIA LOCALE DI ROMA CAPITALE;2026;27/03/2026;In carico a ente esterno;false;true;POLIZIA LOCALE DI ROMA CAPITALE;false
RAGIONERIA GENERALE;2026;27/03/2026;Risolto al secondo livello;false;false;;false
MUNICIPIO XIV;2026;27/03/2026;Risolto al primo livello;false;false;;false
CHIAMAROMA 060606;2026;27/03/2026;Risolto al secondo livello;false;false;;false
MUNICIPIO V;2026;27/03/2026;Risolto al secondo livello;false;false;;false
CHIAMAROMA 060606;2026;27/03/2026;Risolto al secondo livello;false;false;;false
RAGIONERIA GENERALE;2026;27/03/2026;Risolto al secondo livello;false;false;;false
CHIAMAROMA 060606;2026;27/03/2026;Risolto al secondo livello;false;false;;false
CHIAMAROMA 060606;2026;27/03/2026;In carico a ente esterno;false;true;POLIZIA LOCALE DI ROMA CAPITALE;true
CHIAMAROMA 060606;2026;27/03/2026;In carico a ente esterno;false;true;POLIZIA LOCALE DI ROMA CAPITALE;true
CHIAMAROMA 060606;2026;27/03/2026;In carico a ente esterno;false;true;POLIZIA LOCALE DI ROMA CAPITALE;true
CHIAMAROMA 060606;2026;27/03/2026;Risolto al secondo livello;false;false;;false
RAGIONERIA GENERALE;2026;27/03/2026;Risolto al secondo livello;false;false;;false
CHIAMAROMA 060606;2026;27/03/2026;In carico a ente esterno;false;true;POLIZIA LOCALE DI ROMA CAPITALE;true
CHIAMAROMA 060606;2026;27/03/2026;Risolto al secondo livello;false;false;;false
CHIAMAROMA 060606;2026;27/03/2026;In carico a ente esterno;false;true;POLIZIA LOCALE DI ROMA CAPITALE;true
CHIAMAROMA 060606;2026;27/03/2026;Risolto al secondo livello;false;false;;false
POLIZIA LOCALE (15° Gruppo CASSIA);2026;27/03/2026;Risolto al secondo livello;false;false;;false
RAGIONERIA GENERALE;2026;27/03/2026;Risolto al secondo livello;false;false;;false
CHIAMAROMA 060606;2026;27/03/2026;In carico a ente esterno;false;true;POLIZIA LOCALE DI ROMA CAPITALE;true
DIPARTIMENTO TUTELA AMBIENTALE;2026;27/03/2026;Risolto da Ente Esterno;false;true;AMA;false
CHIAMAROMA 060606;2026;27/03/2026;Risolto da Ente Esterno;false;true;AMA;false
AMA;2026;27/03/2026;Risolto da Ente Esterno;false;true;AMA;false
CHIAMAROMA 060606;2026;27/03/2026;Risolto da Ente Esterno;false;true;AMA;false
CHIAMAROMA 060606;2026;27/03/2026;Risolto da Ente Esterno;false;true;AMA;false
CHIAMAROMA 060606;2026;27/03/2026;Risolto da Ente Esterno;false;true;AMA;false
CHIAMAROMA 060606;2026;27/03/2026;Risolto da Ente Esterno;false;true;AMA;false
CHIAMAROMA 060606;2026;27/03/2026;Risolto da Ente Esterno;false;true;AMA;false
CHIAMAROMA 060606;2026;27/03/2026;Risolto da Ente Esterno;false;true;AMA;false
CHIAMAROMA 060606;2026;27/03/2026;Risolto da Ente Esterno;false;true;AMA;false
CHIAMAROMA 060606;2026;27/03/2026;Risolto da Ente Esterno;false;true;AMA;false
CHIAMAROMA 060606;2026;27/03/2026;Risolto da Ente Esterno;false;true;AMA;false
CHIAMAROMA 060606;2026;27/03/2026;Risolto da Ente Esterno;false;true;AMA;false
AMA;2026;27/03/2026;Risolto da Ente Esterno;false;true;AMA;false
AMA;2026;27/03/2026;Risolto da Ente Esterno;false;true;AMA;false
CHIAMAROMA 060606;2026;27/03/2026;Risolto da Ente Esterno;false;true;AMA;false
CHIAMAROMA 060606;2026;27/03/2026;Risolto al secondo livello;false;false;;false
CHIAMAROMA 060606;2026;27/03/2026;In carico a ente esterno;false;true;POLIZIA LOCALE DI ROMA CAPITALE;true
POLIZIA LOCALE DI ROMA CAPITALE;2026;27/03/2026;In carico a ente esterno;false;true;POLIZIA LOCALE DI ROMA CAPITALE;false
POLIZIA LOCALE DI ROMA CAPITALE;2026;27/03/2026;In carico a ente esterno;false;true;POLIZIA LOCALE DI ROMA CAPITALE;false
POLIZIA LOCALE DI ROMA CAPITALE;2026;27/03/2026;In carico a ente esterno;false;true;POLIZIA LOCALE DI ROMA CAPITALE;false
POLIZIA LOCALE DI ROMA CAPITALE;2026;27/03/2026;In carico a ente esterno;false;true;POLIZIA LOCALE DI ROMA CAPITALE;false
POLIZIA LOCALE DI ROMA CAPITALE;2026;27/03/2026;In carico a ente esterno;false;true;POLIZIA LOCALE DI ROMA CAPITALE;false
POLIZIA LOCALE DI ROMA CAPITALE;2026;27/03/2026;In carico a ente esterno;false;true;POLIZIA LOCALE DI ROMA CAPITALE;false
POLIZIA LOCALE DI ROMA CAPITALE;2026;27/03/2026;In carico a ente esterno;false;true;POLIZIA LOCALE DI ROMA CAPITALE;false
CHIAMAROMA 060606;2026;27/03/2026;Risolto al secondo livello;false;true;TPL (TROIANI);false
CHIAMAROMA 060606;2026;27/03/2026;Risolto al secondo livello;false;true;TPL (TROIANI);false
CHIAMAROMA 060606;2026;27/03/2026;Risolto al secondo livello;false;true;TPL (TROIANI);false
CHIAMAROMA 060606;2026;27/03/2026;Risolto al secondo livello;false;true;TPL (SAP);false
CHIAMAROMA 060606;2026;27/03/2026;Risolto al secondo livello;false;true;TPL (SAP);false
MUNICIPIO II;2026;27/03/2026;Risolto al secondo livello;false;false;;false
CHIAMAROMA 060606;2026;27/03/2026;Risolto al secondo livello;false;true;TPL (SAP);false
CHIAMAROMA 060606;2026;27/03/2026;Risolto al secondo livello;false;true;TPL (SAP);false
MUNICIPIO XII;2026;27/03/2026;Risolto al secondo livello;false;false;;false
CHIAMAROMA 060606;2026;27/03/2026;In carico a ente esterno;false;true;POLIZIA LOCALE DI ROMA CAPITALE;true
CHIAMAROMA 060606;2026;27/03/2026;In carico a ente esterno;false;true;POLIZIA LOCALE DI ROMA CAPITALE;true
CHIAMAROMA 060606;2026;27/03/2026;Risolto al secondo livello;false;true;TPL (SAP);false
MUNICIPIO XII;2026;27/03/2026;Risolto al secondo livello;false;false;;false
CHIAMAROMA 060606;2026;27/03/2026;Risolto al secondo livello;false;false;;false
CHIAMAROMA 060606;2026;27/03/2026;Non più necessario;false;false;;false
CHIAMAROMA 060606;2026;27/03/2026;Risolto al secondo livello;false;true;TPL (SAP);false
CHIAMAROMA 060606;2026;27/03/2026;Risolto al secondo livello;false;false;;false
BACK OFFICE ROMA CAPITALE;2026;27/03/2026;Risolto al secondo livello;false;true;TPL (BIS);false
CHIAMAROMA 060606;2026;27/03/2026;Risolto al secondo livello;false;false;;false
BACK OFFICE ROMA CAPITALE;2026;27/03/2026;Risolto al secondo livello;false;true;TPL (BIS);false
CHIAMAROMA 060606;2026;27/03/2026;Risolto al secondo livello;false;true;TPL (BIS);false
CHIAMAROMA 060606;2026;27/03/2026;Risolto al secondo livello;false;true;TPL (BIS);false
CHIAMAROMA 060606;2026;27/03/2026;Risolto al secondo livello;false;false;;false
CHIAMAROMA 060606;2026;27/03/2026;Risolto al secondo livello;false;true;TPL (BIS);false
CHIAMAROMA 060606;2026;27/03/2026;Risolto al secondo livello;false;false;;false
CHIAMAROMA 060606;2026;27/03/2026;Risolto al secondo livello;false;true;TPL (BIS);false
CHIAMAROMA 060606;2026;27/03/2026;Risolto al secondo livello;false;false;;false
MUNICIPIO XIII;2026;27/03/2026;Risolto al secondo livello;false;true;TPL (BIS);false
CHIAMAROMA 060606;2026;27/03/2026;Risolto al secondo livello;false;true;TPL (BIS);false
CHIAMAROMA 060606;2026;27/03/2026;Risolto al secondo livello;false;true;TPL (BIS);false
CHIAMAROMA 060606;2026;27/03/2026;In carico a ente esterno;false;true;POLIZIA LOCALE DI ROMA CAPITALE;true
CHIAMAROMA 060606;2026;27/03/2026;In carico a ente esterno;false;true;POLIZIA LOCALE DI ROMA CAPITALE;true
CHIAMAROMA 060606;2026;27/03/2026;Risolto al secondo livello;false;true;ATAC;false
CHIAMAROMA 060606;2026;27/03/2026;Risolto al secondo livello;false;true;ATAC;false
CHIAMAROMA 060606;2026;27/03/2026;Risolto al secondo livello;false;false;;false
CHIAMAROMA 060606;2026;27/03/2026;Risolto al secondo livello;false;true;ATAC;false
CHIAMAROMA 060606;2026;27/03/2026;Risolto al secondo livello;false;false;;false
MUNICIPIO I;2026;27/03/2026;In carico a ente esterno;false;true;POLIZIA LOCALE DI ROMA CAPITALE;false
CHIAMAROMA 060606;2026;27/03/2026;Risolto al secondo livello;false;true;ATAC;false
CHIAMAROMA 060606;2026;27/03/2026;Risolto al secondo livello;false;false;;false
CHIAMAROMA 060606;2026;27/03/2026;Risolto al secondo livello;false;true;ATAC;false
CHIAMAROMA 060606;2026;27/03/2026;In carico a ente esterno;false;true;POLIZIA LOCALE DI ROMA CAPITALE;true
CHIAMAROMA 060606;2026;27/03/2026;Risolto al secondo livello;false;false;;false
CHIAMAROMA 060606;2026;27/03/2026;In carico a ente esterno;false;true;POLIZIA LOCALE DI ROMA CAPITALE;true
CHIAMAROMA 060606;2026;27/03/2026;Risolto al secondo livello;false;true;ATAC;false
CHIAMAROMA 060606;2026;27/03/2026;In carico a ente esterno;false;true;POLIZIA LOCALE DI ROMA CAPITALE;true
CHIAMAROMA 060606;2026;27/03/2026;Risolto al secondo livello;false;true;ATAC;false
GABINETTO DEL SINDACO;2026;27/03/2026;Risolto al primo livello;false;false;;false
CHIAMAROMA 060606;2026;27/03/2026;In carico a ente esterno;false;true;POLIZIA LOCALE DI ROMA CAPITALE;true
DIPARTIMENTO INFRASTRUTTURE E LAVORI PUBBLICI;2026;27/03/2026;Risolto al secondo livello;false;false;;false
GABINETTO DEL SINDACO;2026;27/03/2026;Risolto al primo livello;false;false;;false
CHIAMAROMA 060606;2026;27/03/2026;Risolto al secondo livello;false;false;;false
POLIZIA LOCALE DI ROMA CAPITALE;2026;27/03/2026;In carico a ente esterno;false;true;POLIZIA LOCALE DI ROMA CAPITALE;false
POLIZIA LOCALE DI ROMA CAPITALE;2026;27/03/2026;In carico a ente esterno;false;true;POLIZIA LOCALE DI ROMA CAPITALE;false
POLIZIA LOCALE DI ROMA CAPITALE;2026;27/03/2026;In carico a ente esterno;false;true;POLIZIA LOCALE DI ROMA CAPITALE;false
GABINETTO DEL SINDACO;2026;27/03/2026;Risolto al primo livello;false;false;;false
CHIAMAROMA 060606;2026;27/03/2026;Risolto al secondo livello;false;true;ATAC;false
CHIAMAROMA 060606;2026;27/03/2026;Risolto al secondo livello;false;true;ATAC;false
CHIAMAROMA 060606;2026;27/03/2026;In carico a ente esterno;false;true;POLIZIA LOCALE DI ROMA CAPITALE;true
CHIAMAROMA 060606;2026;27/03/2026;In carico a ente esterno;false;true;POLIZIA LOCALE DI ROMA CAPITALE;false
CHIAMAROMA 060606;2026;27/03/2026;Mancata risposta del cittadino;true;false;;false
CHIAMAROMA 060606;2026;27/03/2026;In carico a ente esterno;false;true;POLIZIA LOCALE DI ROMA CAPITALE;true
CHIAMAROMA 060606;2026;27/03/2026;Mancata risposta del cittadino;true;false;;false
DIPARTIMENTO INFRASTRUTTURE E LAVORI PUBBLICI;2026;27/03/2026;Risolto al secondo livello;false;false;;false
CHIAMAROMA 060606;2026;27/03/2026;In carico a ente esterno;false;true;POLIZIA LOCALE DI ROMA CAPITALE;false
DIPARTIMENTO INFRASTRUTTURE E LAVORI PUBBLICI;2026;27/03/2026;Risolto al secondo livello;false;false;;false
CHIAMAROMA 060606;2026;27/03/2026;Risolto al secondo livello;false;false;;false
POLIZIA LOCALE DI ROMA CAPITALE;2026;27/03/2026;Risolto al secondo livello;false;false;;false
CHIAMAROMA 060606;2026;27/03/2026;Risolto al secondo livello;false;false;;false
CHIAMAROMA 060606;2026;27/03/2026;Risolto al secondo livello;false;false;;false
CHIAMAROMA 060606;2026;27/03/2026;In carico a ente esterno;false;true;POLIZIA LOCALE DI ROMA CAPITALE;true
MUNICIPIO IV;2026;27/03/2026;Non più necessario;false;false;;false
CHIAMAROMA 060606;2026;27/03/2026;In carico a ente esterno;false;true;POLIZIA LOCALE DI ROMA CAPITALE;true
GABINETTO DEL SINDACO;2026;27/03/2026;In carico a ente esterno;false;true;POLIZIA LOCALE DI ROMA CAPITALE;false
GABINETTO DEL SINDACO;2026;27/03/2026;In carico a ente esterno;false;true;POLIZIA LOCALE DI ROMA CAPITALE;false
CHIAMAROMA 060606;2026;27/03/2026;Risolto al primo livello;false;false;;false
CHIAMAROMA 060606;2026;27/03/2026;Risolto al primo livello;false;false;;false
CHIAMAROMA 060606;2026;27/03/2026;Risolto al primo livello;false;false;;false
CHIAMAROMA 060606;2026;27/03/2026;Risolto al primo livello;false;false;;false
CHIAMAROMA 060606;2026;27/03/2026;Risolto al primo livello;false;false;;false
CHIAMAROMA 060606;2026;27/03/2026;Risolto al primo livello;false;false;;false
CHIAMAROMA 060606;2026;27/03/2026;Risolto al primo livello;false;false;;false
POLIZIA LOCALE DI ROMA CAPITALE;2026;27/03/2026;In carico a ente esterno;false;true;POLIZIA LOCALE DI ROMA CAPITALE;false
POLIZIA LOCALE DI ROMA CAPITALE;2026;27/03/2026;In carico a ente esterno;false;true;POLIZIA LOCALE DI ROMA CAPITALE;false
POLIZIA LOCALE DI ROMA CAPITALE;2026;27/03/2026;In carico a ente esterno;false;true;POLIZIA LOCALE DI ROMA CAPITALE;false
CHIAMAROMA 060606;2026;27/03/2026;In carico a ente esterno;false;true;POLIZIA LOCALE DI ROMA CAPITALE;true
CHIAMAROMA 060606;2026;27/03/2026;In carico a ente esterno;false;true;POLIZIA LOCALE DI ROMA CAPITALE;true
CHIAMAROMA 060606;2026;27/03/2026;In carico a ente esterno;false;true;POLIZIA LOCALE DI ROMA CAPITALE;true
CHIAMAROMA 060606;2026;27/03/2026;Risolto al secondo livello;false;false;;false
CHIAMAROMA 060606;2026;27/03/2026;In carico a ente esterno;false;true;POLIZIA LOCALE DI ROMA CAPITALE;true
CHIAMAROMA 060606;2026;27/03/2026;Risolto al secondo livello;false;false;;false
MUNICIPIO X;2026;27/03/2026;Risolto al primo livello;false;false;;false
CHIAMAROMA 060606;2026;27/03/2026;In carico a ente esterno;false;true;POLIZIA LOCALE DI ROMA CAPITALE;true
CHIAMAROMA 060606;2026;27/03/2026;In carico a ente esterno;false;true;POLIZIA LOCALE DI ROMA CAPITALE;true
CHIAMAROMA 060606;2026;27/03/2026;In carico a ente esterno;false;true;POLIZIA LOCALE DI ROMA CAPITALE;true
CHIAMAROMA 060606;2026;27/03/2026;In carico a ente esterno;false;true;POLIZIA LOCALE DI ROMA CAPITALE;true
CHIAMAROMA 060606;2026;27/03/2026;In carico a ente esterno;false;true;POLIZIA LOCALE DI ROMA CAPITALE;false
RAGIONERIA GENERALE;2026;27/03/2026;Non lavorabile o dati insufficienti;false;false;;false
CHIAMAROMA 060606;2026;27/03/2026;Risolto da Ente Esterno;false;true;AMA;false
CHIAMAROMA 060606;2026;27/03/2026;Risolto da Ente Esterno;false;true;AMA;false
CHIAMAROMA 060606;2026;27/03/2026;Risolto da Ente Esterno;false;true;AMA;false
AMA;2026;27/03/2026;Risolto da Ente Esterno;false;true;AMA;false
CHIAMAROMA 060606;2026;27/03/2026;Risolto da Ente Esterno;false;true;AMA;false
AMA;2026;27/03/2026;Risolto da Ente Esterno;false;true;AMA;false
CHIAMAROMA 060606;2026;27/03/2026;Risolto da Ente Esterno;false;true;AMA;false
CHIAMAROMA 060606;2026;27/03/2026;Risolto da Ente Esterno;false;true;AMA;false
CHIAMAROMA 060606;2026;27/03/2026;Risolto da Ente Esterno;false;true;AMA;false
MUNICIPIO II;2026;27/03/2026;Risolto da Ente Esterno;false;true;AMA;false
CHIAMAROMA 060606;2026;27/03/2026;Risolto da Ente Esterno;false;true;AMA;false
CHIAMAROMA 060606;2026;27/03/2026;Risolto da Ente Esterno;false;true;AMA;false
CHIAMAROMA 060606;2026;27/03/2026;Risolto da Ente Esterno;false;true;AMA;false
CHIAMAROMA 060606;2026;27/03/2026;Risolto da Ente Esterno;false;true;AMA;false
CHIAMAROMA 060606;2026;27/03/2026;In carico a ente esterno;false;true;POLIZIA LOCALE DI ROMA CAPITALE;true
DIPARTIMENTO TUTELA AMBIENTALE;2026;27/03/2026;Risolto al secondo livello;false;false;;false
CHIAMAROMA 060606;2026;27/03/2026;In carico a ente esterno;false;true;POLIZIA LOCALE DI ROMA CAPITALE;true
CHIAMAROMA 060606;2026;27/03/2026;In carico a ente esterno;false;true;POLIZIA LOCALE DI ROMA CAPITALE;true
MUNICIPIO IV;2026;27/03/2026;Risolto al secondo livello;false;false;;false
CHIAMAROMA 060606;2026;27/03/2026;Risolto al primo livello;false;false;;true
CHIAMAROMA 060606;2026;27/03/2026;In carico a ente esterno;false;true;POLIZIA LOCALE DI ROMA CAPITALE;true
CHIAMAROMA 060606;2026;27/03/2026;In carico a ente esterno;false;true;POLIZIA LOCALE DI ROMA CAPITALE;true
CHIAMAROMA 060606;2026;27/03/2026;In carico a ente esterno;false;true;POLIZIA LOCALE DI ROMA CAPITALE;true
GABINETTO DEL SINDACO;2026;27/03/2026;Risolto al primo livello;false;false;;false
GABINETTO DEL SINDACO;2026;27/03/2026;Risolto al primo livello;false;false;;false
CHIAMAROMA 060606;2026;27/03/2026;In carico a ente esterno;false;true;POLIZIA LOCALE DI ROMA CAPITALE;true
POLIZIA LOCALE DI ROMA CAPITALE;2026;27/03/2026;In carico a ente esterno;false;true;POLIZIA LOCALE DI ROMA CAPITALE;false
POLIZIA LOCALE DI ROMA CAPITALE;2026;27/03/2026;In carico a ente esterno;false;true;POLIZIA LOCALE DI ROMA CAPITALE;false
POLIZIA LOCALE DI ROMA CAPITALE;2026;27/03/2026;In carico a ente esterno;false;true;POLIZIA LOCALE DI ROMA CAPITALE;false
GABINETTO DEL SINDACO;2026;27/03/2026;Risolto al primo livello;false;false;;false
CHIAMAROMA 060606;2026;27/03/2026;In carico a ente esterno;false;true;POLIZIA LOCALE DI ROMA CAPITALE;true
CHIAMAROMA 060606;2026;27/03/2026;In carico a ente esterno;false;true;POLIZIA LOCALE DI ROMA CAPITALE;true
GABINETTO DEL SINDACO;2026;27/03/2026;Risolto al primo livello;false;false;;false
GABINETTO DEL SINDACO;2026;27/03/2026;Risolto al primo livello;false;false;;false
GABINETTO DEL SINDACO;2026;27/03/2026;Risolto al primo livello;false;false;;false
GABINETTO DEL SINDACO;2026;27/03/2026;In carico a ente esterno;false;true;POLIZIA LOCALE DI ROMA CAPITALE;false
DIPARTIMENTO MOBILITA’ SOSTENIBILE E TRASPORTI;2026;27/03/2026;Risolto al primo livello;false;false;;false
CHIAMAROMA 060606;2026;27/03/2026;In carico a ente esterno;false;true;POLIZIA LOCALE DI ROMA CAPITALE;true
GABINETTO DEL SINDACO;2026;27/03/2026;Risolto al primo livello;false;false;;false
CHIAMAROMA 060606;2026;27/03/2026;In carico a ente esterno;false;true;POLIZIA LOCALE DI ROMA CAPITALE;true
CHIAMAROMA 060606;2026;27/03/2026;In carico a ente esterno;false;true;POLIZIA LOCALE DI ROMA CAPITALE;true
GABINETTO DEL SINDACO;2026;27/03/2026;Risolto al primo livello;false;false;;false
CHIAMAROMA 060606;2026;27/03/2026;In carico a ente esterno;false;true;POLIZIA LOCALE DI ROMA CAPITALE;true
CHIAMAROMA 060606;2026;27/03/2026;Risolto al primo livello;false;false;;false
CHIAMAROMA 060606;2026;27/03/2026;Risolto al primo livello;false;false;;false
CHIAMAROMA 060606;2026;27/03/2026;Risolto al primo livello;false;false;;false
GABINETTO DEL SINDACO;2026;27/03/2026;In carico a ente esterno;false;true;POLIZIA LOCALE DI ROMA CAPITALE;false
CHIAMAROMA 060606;2026;27/03/2026;Risolto al secondo livello;false;false;;false
CHIAMAROMA 060606;2026;27/03/2026;In carico a ente esterno;false;true;POLIZIA LOCALE DI ROMA CAPITALE;true
CHIAMAROMA 060606;2026;27/03/2026;Risolto al secondo livello;false;false;;false
CHIAMAROMA 060606;2026;27/03/2026;Risolto al secondo livello;false;false;;false
CHIAMAROMA 060606;2026;27/03/2026;In carico a ente esterno;false;true;POLIZIA LOCALE DI ROMA CAPITALE;true
CHIAMAROMA 060606;2026;27/03/2026;In carico a ente esterno;false;true;POLIZIA LOCALE DI ROMA CAPITALE;true
CHIAMAROMA 060606;2026;27/03/2026;In carico a ente esterno;false;true;POLIZIA LOCALE DI ROMA CAPITALE;true
CHIAMAROMA 060606;2026;27/03/2026;In carico a ente esterno;false;true;POLIZIA LOCALE DI ROMA CAPITALE;true
POLIZIA LOCALE DI ROMA CAPITALE;2026;27/03/2026;In carico a ente esterno;false;true;POLIZIA LOCALE DI ROMA CAPITALE;false
POLIZIA LOCALE DI ROMA CAPITALE;2026;27/03/2026;In carico a ente esterno;false;true;POLIZIA LOCALE DI ROMA CAPITALE;false
POLIZIA LOCALE DI ROMA CAPITALE;2026;27/03/2026;In carico a ente esterno;false;true;POLIZIA LOCALE DI ROMA CAPITALE;false
POLIZIA LOCALE DI ROMA CAPITALE;2026;27/03/2026;In carico a ente esterno;false;true;POLIZIA LOCALE DI ROMA CAPITALE;false
CHIAMAROMA 060606;2026;27/03/2026;Risolto al secondo livello;false;false;;false
CHIAMAROMA 060606;2026;27/03/2026;In carico a ente esterno;false;true;POLIZIA LOCALE DI ROMA CAPITALE;true
CHIAMAROMA 060606;2026;27/03/2026;In carico a ente esterno;false;true;POLIZIA LOCALE DI ROMA CAPITALE;true
CHIAMAROMA 060606;2026;27/03/2026;Risolto al primo livello;false;false;;false
CHIAMAROMA 060606;2026;27/03/2026;Non più necessario;false;false;;false
CHIAMAROMA 060606;2026;27/03/2026;Risolto al primo livello;false;false;;false
CHIAMAROMA 060606;2026;27/03/2026;Risolto al primo livello;false;false;;true
CHIAMAROMA 060606;2026;27/03/2026;In carico a ente esterno;false;true;POLIZIA LOCALE DI ROMA CAPITALE;true
DIPARTIMENTO TUTELA AMBIENTALE;2026;27/03/2026;Risolto al secondo livello;false;false;;false
CHIAMAROMA 060606;2026;27/03/2026;In carico a ente esterno;false;true;POLIZIA LOCALE DI ROMA CAPITALE;true
CHIAMAROMA 060606;2026;27/03/2026;Risolto al secondo livello;false;false;;false
CHIAMAROMA 060606;2026;27/03/2026;Risolto al secondo livello;false;false;;false
DIPARTIMENTO TUTELA AMBIENTALE;2026;27/03/2026;Non più necessario;false;false;;false
CHIAMAROMA 060606;2026;27/03/2026;In carico a ente esterno;false;true;POLIZIA LOCALE DI ROMA CAPITALE;true
CHIAMAROMA 060606;2026;27/03/2026;Risolto al secondo livello;false;false;;false
DIPARTIMENTO TUTELA AMBIENTALE;2026;27/03/2026;Non più necessario;false;false;;false
MUNICIPIO IX;2026;27/03/2026;Non più necessario;false;false;;false
CHIAMAROMA 060606;2026;27/03/2026;Risolto al secondo livello;false;false;;false
CHIAMAROMA 060606;2026;27/03/2026;In carico a ente esterno;false;true;POLIZIA LOCALE DI ROMA CAPITALE;true
MUNICIPIO XIII;2026;27/03/2026;Risolto al secondo livello;false;false;;false
CHIAMAROMA 060606;2026;27/03/2026;Risolto da Ente Esterno;false;true;AMA;false
CHIAMAROMA 060606;2026;27/03/2026;Risolto da Ente Esterno;false;true;AMA;false
CHIAMAROMA 060606;2026;27/03/2026;Risolto da Ente Esterno;false;true;AMA;false
CHIAMAROMA 060606;2026;27/03/2026;Risolto da Ente Esterno;false;true;AMA;false
CHIAMAROMA 060606;2026;27/03/2026;Risolto da Ente Esterno;false;true;AMA;false
CHIAMAROMA 060606;2026;27/03/2026;Risolto da Ente Esterno;false;true;AMA;false
CHIAMAROMA 060606;2026;27/03/2026;Risolto da Ente Esterno;false;true;AMA;false
CHIAMAROMA 060606;2026;27/03/2026;Risolto da Ente Esterno;false;true;AMA;false
CHIAMAROMA 060606;2026;27/03/2026;Risolto da Ente Esterno;false;true;AMA;false
BACK OFFICE ROMA CAPITALE;2026;27/03/2026;Risolto da Ente Esterno;false;true;AMA;false
BACK OFFICE ROMA CAPITALE;2026;27/03/2026;Risolto da Ente Esterno;false;true;AMA;false
POLIZIA LOCALE DI ROMA CAPITALE;2026;27/03/2026;In carico a ente esterno;false;true;POLIZIA LOCALE DI ROMA CAPITALE;false
POLIZIA LOCALE DI ROMA CAPITALE;2026;27/03/2026;In carico a ente esterno;false;true;POLIZIA LOCALE DI ROMA CAPITALE;false
POLIZIA LOCALE DI ROMA CAPITALE;2026;27/03/2026;In carico a ente esterno;false;true;POLIZIA LOCALE DI ROMA CAPITALE;false
CHIAMAROMA 060606;2026;27/03/2026;In carico a ente esterno;false;true;POLIZIA LOCALE DI ROMA CAPITALE;true
CHIAMAROMA 060606;2026;27/03/2026;In carico a ente esterno;false;true;POLIZIA LOCALE DI ROMA CAPITALE;true
CHIAMAROMA 060606;2026;27/03/2026;In carico a ente esterno;false;true;POLIZIA LOCALE DI ROMA CAPITALE;true
CHIAMAROMA 060606;2026;27/03/2026;In carico a ente esterno;false;true;POLIZIA LOCALE DI ROMA CAPITALE;true
POLIZIA LOCALE DI ROMA CAPITALE;2026;27/03/2026;In carico a ente esterno;false;true;POLIZIA LOCALE DI ROMA CAPITALE;false
POLIZIA LOCALE DI ROMA CAPITALE;2026;27/03/2026;In carico a ente esterno;false;true;POLIZIA LOCALE DI ROMA CAPITALE;false
POLIZIA LOCALE DI ROMA CAPITALE;2026;27/03/2026;In carico a ente esterno;false;true;POLIZIA LOCALE DI ROMA CAPITALE;false
CHIAMAROMA 060606;2026;27/03/2026;In carico a ente esterno;false;true;POLIZIA LOCALE DI ROMA CAPITALE;true
CHIAMAROMA 060606;2026;27/03/2026;In carico a ente esterno;false;true;POLIZIA LOCALE DI ROMA CAPITALE;true
CHIAMAROMA 060606;2026;27/03/2026;In carico a ente esterno;false;true;POLIZIA LOCALE DI ROMA CAPITALE;true
CHIAMAROMA 060606;2026;27/03/2026;In carico a ente esterno;false;true;POLIZIA LOCALE DI ROMA CAPITALE;true
CHIAMAROMA 060606;2026;27/03/2026;Risolto al primo livello;false;false;;false
DIPARTIMENTO MONITORAGGIO QUALITA' DEI SERVIZI E COMUNICAZIONE ISTITUZIONALE;2026;27/03/2026;Trasferito telefonicamente a call center esterno o per pronto intervento;false;false;;false
CHIAMAROMA 060606;2026;27/03/2026;In carico a ente esterno;false;true;POLIZIA LOCALE DI ROMA CAPITALE;true
CHIAMAROMA 060606;2026;27/03/2026;In carico a ente esterno;false;true;POLIZIA LOCALE DI ROMA CAPITALE;true
CHIAMAROMA 060606;2026;27/03/2026;Risolto al secondo livello;false;false;;false
CHIAMAROMA 060606;2026;27/03/2026;Risolto al secondo livello;false;false;;false
CHIAMAROMA 060606;2026;27/03/2026;Risolto al primo livello;false;false;;true
CHIAMAROMA 060606;2026;27/03/2026;Risolto al secondo livello;false;false;;false
CHIAMAROMA 060606;2026;27/03/2026;In carico a ente esterno;false;true;POLIZIA LOCALE DI ROMA CAPITALE;true
CHIAMAROMA 060606;2026;27/03/2026;In carico a ente esterno;false;true;POLIZIA LOCALE DI ROMA CAPITALE;true
POLIZIA LOCALE DI ROMA CAPITALE;2026;27/03/2026;In carico a ente esterno;false;true;POLIZIA LOCALE DI ROMA CAPITALE;false
POLIZIA LOCALE DI ROMA CAPITALE;2026;27/03/2026;In carico a ente esterno;false;true;POLIZIA LOCALE DI ROMA CAPITALE;false
POLIZIA LOCALE DI ROMA CAPITALE;2026;27/03/2026;In carico a ente esterno;false;true;POLIZIA LOCALE DI ROMA CAPITALE;false
CHIAMAROMA 060606;2026;27/03/2026;In carico a ente esterno;false;true;POLIZIA LOCALE DI ROMA CAPITALE;true
CHIAMAROMA 060606;2026;27/03/2026;In carico a ente esterno;false;true;POLIZIA LOCALE DI ROMA CAPITALE;true
POLIZIA LOCALE (8° Gruppo TINTORETTO);2026;27/03/2026;Risolto al secondo livello;false;false;;false
MUNICIPIO XIV;2026;27/03/2026;Risolto al secondo livello;false;false;;false
CHIAMAROMA 060606;2026;27/03/2026;Risolto al secondo livello;false;false;;false
CHIAMAROMA 060606;2026;27/03/2026;In carico a ente esterno;false;true;POLIZIA LOCALE DI ROMA CAPITALE;true
DIPARTIMENTO TUTELA AMBIENTALE;2026;27/03/2026;Risolto al secondo livello;false;false;;false
CHIAMAROMA 060606;2026;27/03/2026;Risolto al secondo livello;false;false;;false
CHIAMAROMA 060606;2026;27/03/2026;Risolto da Ente Esterno;false;true;AMA;false
CHIAMAROMA 060606;2026;27/03/2026;Risolto da Ente Esterno;false;true;AMA;false
CHIAMAROMA 060606;2026;27/03/2026;Risolto da Ente Esterno;false;true;AMA;false
POLIZIA LOCALE DI ROMA CAPITALE;2026;27/03/2026;In carico a ente esterno;false;true;POLIZIA LOCALE DI ROMA CAPITALE;false
POLIZIA LOCALE DI ROMA CAPITALE;2026;27/03/2026;In carico a ente esterno;false;true;POLIZIA LOCALE DI ROMA CAPITALE;false
POLIZIA LOCALE DI ROMA CAPITALE;2026;27/03/2026;In carico a ente esterno;false;true;POLIZIA LOCALE DI ROMA CAPITALE;false
POLIZIA LOCALE DI ROMA CAPITALE;2026;27/03/2026;In carico a ente esterno;false;true;POLIZIA LOCALE DI ROMA CAPITALE;false
CHIAMAROMA 060606;2026;27/03/2026;In carico a ente esterno;false;true;POLIZIA LOCALE DI ROMA CAPITALE;true
CHIAMAROMA 060606;2026;27/03/2026;Trasferito telefonicamente a call center esterno o per pronto intervento;false;false;;false
CHIAMAROMA 060606;2026;27/03/2026;In carico a ente esterno;false;true;POLIZIA LOCALE DI ROMA CAPITALE;true
CHIAMAROMA 060606;2026;27/03/2026;In carico a ente esterno;false;true;POLIZIA LOCALE DI ROMA CAPITALE;true
CHIAMAROMA 060606;2026;27/03/2026;In carico a ente esterno;false;true;POLIZIA LOCALE DI ROMA CAPITALE;true
CHIAMAROMA 060606;2026;27/03/2026;In carico a ente esterno;false;true;POLIZIA LOCALE DI ROMA CAPITALE;true
POLIZIA LOCALE DI ROMA CAPITALE;2026;27/03/2026;In carico a ente esterno;false;true;POLIZIA LOCALE DI ROMA CAPITALE;false
CHIAMAROMA 060606;2026;27/03/2026;Risolto al primo livello;false;false;;true
CHIAMAROMA 060606;2026;27/03/2026;Risolto al primo livello;false;false;;true
CHIAMAROMA 060606;2026;27/03/2026;Risolto da Ente Esterno;false;true;AMA;false
CHIAMAROMA 060606;2026;27/03/2026;Risolto da Ente Esterno;false;true;AMA;false
CHIAMAROMA 060606;2026;27/03/2026;Risolto da Ente Esterno;false;true;AMA;false
CHIAMAROMA 060606;2026;27/03/2026;Risolto da Ente Esterno;false;true;AMA;false
POLIZIA LOCALE DI ROMA CAPITALE;2026;27/03/2026;In carico a ente esterno;false;true;POLIZIA LOCALE DI ROMA CAPITALE;false
CHIAMAROMA 060606;2026;27/03/2026;In carico a ente esterno;false;true;POLIZIA LOCALE DI ROMA CAPITALE;true
POLIZIA LOCALE DI ROMA CAPITALE;2026;27/03/2026;In carico a ente esterno;false;true;POLIZIA LOCALE DI ROMA CAPITALE;false
POLIZIA LOCALE DI ROMA CAPITALE;2026;28/03/2026;In carico a ente esterno;false;true;POLIZIA LOCALE DI ROMA CAPITALE;false
CHIAMAROMA 060606;2026;28/03/2026;Risolto da Ente Esterno;false;true;AMA;false
CHIAMAROMA 060606;2026;28/03/2026;Risolto da Ente Esterno;false;true;AMA;false
CHIAMAROMA 060606;2026;28/03/2026;Risolto da Ente Esterno;false;true;AMA;false
BACK OFFICE ROMA CAPITALE;2026;28/03/2026;Risolto da Ente Esterno;false;true;AMA;false
BACK OFFICE ROMA CAPITALE;2026;28/03/2026;Risolto da Ente Esterno;false;true;AMA;false
CHIAMAROMA 060606;2026;28/03/2026;Risolto da Ente Esterno;false;true;AMA;false
CHIAMAROMA 060606;2026;28/03/2026;Risolto da Ente Esterno;false;true;AMA;false
CHIAMAROMA 060606;2026;28/03/2026;Risolto da Ente Esterno;false;true;AMA;false
CHIAMAROMA 060606;2026;28/03/2026;Risolto da Ente Esterno;false;true;AMA;false
CHIAMAROMA 060606;2026;28/03/2026;Risolto da Ente Esterno;false;true;AMA;false
CHIAMAROMA 060606;2026;28/03/2026;Risolto da Ente Esterno;false;true;AMA;false
CHIAMAROMA 060606;2026;28/03/2026;Risolto da Ente Esterno;false;true;AMA;false
CHIAMAROMA 060606;2026;28/03/2026;Risolto da Ente Esterno;false;true;AMA;false
CHIAMAROMA 060606;2026;28/03/2026;Risolto da Ente Esterno;false;true;AMA;false
CHIAMAROMA 060606;2026;28/03/2026;Risolto da Ente Esterno;false;true;AMA;false
CHIAMAROMA 060606;2026;28/03/2026;Risolto da Ente Esterno;false;true;AMA;false
CHIAMAROMA 060606;2026;28/03/2026;Risolto da Ente Esterno;false;true;AMA;false
CHIAMAROMA 060606;2026;28/03/2026;Risolto da Ente Esterno;false;true;AMA;false
CHIAMAROMA 060606;2026;28/03/2026;Risolto da Ente Esterno;false;true;AMA;false
CHIAMAROMA 060606;2026;28/03/2026;Risolto da Ente Esterno;false;true;AMA;false
CHIAMAROMA 060606;2026;28/03/2026;Risolto da Ente Esterno;false;true;AMA;false
CHIAMAROMA 060606;2026;28/03/2026;In carico a ente esterno;false;true;POLIZIA LOCALE DI ROMA CAPITALE;true
CHIAMAROMA 060606;2026;28/03/2026;In carico a ente esterno;false;true;POLIZIA LOCALE DI ROMA CAPITALE;true
CHIAMAROMA 060606;2026;28/03/2026;In carico a ente esterno;false;true;POLIZIA LOCALE DI ROMA CAPITALE;true
CHIAMAROMA 060606;2026;28/03/2026;In carico a ente esterno;false;true;POLIZIA LOCALE DI ROMA CAPITALE;true
CHIAMAROMA 060606;2026;28/03/2026;Risolto da Ente Esterno;false;true;AMA;false
DIPARTIMENTO TUTELA AMBIENTALE;2026;28/03/2026;Risolto da Ente Esterno;false;true;AMA;false
MUNICIPIO III;2026;28/03/2026;Risolto da Ente Esterno;false;true;AMA;false
CHIAMAROMA 060606;2026;28/03/2026;Risolto da Ente Esterno;false;true;AMA;false
CHIAMAROMA 060606;2026;28/03/2026;Risolto da Ente Esterno;false;true;AMA;false
AMA;2026;28/03/2026;Risolto da Ente Esterno;false;true;AMA;false
CHIAMAROMA 060606;2026;28/03/2026;Risolto da Ente Esterno;false;true;AMA;false
CHIAMAROMA 060606;2026;28/03/2026;Risolto da Ente Esterno;false;true;AMA;false
CHIAMAROMA 060606;2026;28/03/2026;In carico a ente esterno;false;true;POLIZIA LOCALE DI ROMA CAPITALE;true
BACK OFFICE ROMA CAPITALE;2026;28/03/2026;In carico a ente esterno;false;true;POLIZIA LOCALE DI ROMA CAPITALE;false
BACK OFFICE ROMA CAPITALE;2026;28/03/2026;In carico a ente esterno;false;true;POLIZIA LOCALE DI ROMA CAPITALE;false
CHIAMAROMA 060606;2026;28/03/2026;In carico a ente esterno;false;true;POLIZIA LOCALE DI ROMA CAPITALE;true
CHIAMAROMA 060606;2026;28/03/2026;In carico a ente esterno;false;true;POLIZIA LOCALE DI ROMA CAPITALE;true
BACK OFFICE ROMA CAPITALE;2026;28/03/2026;Mancata risposta del cittadino;false;false;;false
CHIAMAROMA 060606;2026;28/03/2026;In carico a ente esterno;false;true;POLIZIA LOCALE DI ROMA CAPITALE;true
CHIAMAROMA 060606;2026;28/03/2026;Risolto da Ente Esterno;false;true;AMA;false
CHIAMAROMA 060606;2026;28/03/2026;Risolto da Ente Esterno;false;true;AMA;false
CHIAMAROMA 060606;2026;28/03/2026;Risolto da Ente Esterno;false;true;AMA;false
CHIAMAROMA 060606;2026;28/03/2026;Risolto da Ente Esterno;false;true;AMA;false
BACK OFFICE ROMA CAPITALE;2026;28/03/2026;Risolto da Ente Esterno;false;true;AMA;false
AMA;2026;28/03/2026;Risolto da Ente Esterno;false;true;AMA;false
CHIAMAROMA 060606;2026;28/03/2026;Risolto da Ente Esterno;false;true;AMA;false
CHIAMAROMA 060606;2026;28/03/2026;Risolto da Ente Esterno;false;true;AMA;false
CHIAMAROMA 060606;2026;28/03/2026;Risolto da Ente Esterno;false;true;AMA;false
CHIAMAROMA 060606;2026;28/03/2026;Risolto da Ente Esterno;false;true;AMA;false
AMA;2026;28/03/2026;Risolto da Ente Esterno;false;true;AMA;false
CHIAMAROMA 060606;2026;28/03/2026;Risolto da Ente Esterno;false;true;AMA;false
CHIAMAROMA 060606;2026;28/03/2026;Risolto da Ente Esterno;false;true;AMA;false
POLIZIA LOCALE DI ROMA CAPITALE;2026;28/03/2026;In carico a ente esterno;false;true;POLIZIA LOCALE DI ROMA CAPITALE;false
POLIZIA LOCALE DI ROMA CAPITALE;2026;28/03/2026;In carico a ente esterno;false;true;POLIZIA LOCALE DI ROMA CAPITALE;false
CHIAMAROMA 060606;2026;28/03/2026;In carico a ente esterno;false;true;POLIZIA LOCALE DI ROMA CAPITALE;true
CHIAMAROMA 060606;2026;28/03/2026;In carico a ente esterno;false;true;POLIZIA LOCALE DI ROMA CAPITALE;true
CHIAMAROMA 060606;2026;28/03/2026;In carico a ente esterno;false;true;POLIZIA LOCALE DI ROMA CAPITALE;true
CHIAMAROMA 060606;2026;28/03/2026;In carico a ente esterno;false;true;POLIZIA LOCALE DI ROMA CAPITALE;true
CHIAMAROMA 060606;2026;28/03/2026;In carico a ente esterno;false;true;POLIZIA LOCALE DI ROMA CAPITALE;true
POLIZIA LOCALE DI ROMA CAPITALE;2026;28/03/2026;In carico a ente esterno;false;true;POLIZIA LOCALE DI ROMA CAPITALE;false
POLIZIA LOCALE DI ROMA CAPITALE;2026;28/03/2026;In carico a ente esterno;false;true;POLIZIA LOCALE DI ROMA CAPITALE;false
POLIZIA LOCALE DI ROMA CAPITALE;2026;28/03/2026;In carico a ente esterno;false;true;POLIZIA LOCALE DI ROMA CAPITALE;false
POLIZIA LOCALE DI ROMA CAPITALE;2026;28/03/2026;In carico a ente esterno;false;true;POLIZIA LOCALE DI ROMA CAPITALE;false
POLIZIA LOCALE DI ROMA CAPITALE;2026;28/03/2026;In carico a ente esterno;false;true;POLIZIA LOCALE DI ROMA CAPITALE;false
CHIAMAROMA 060606;2026;28/03/2026;Risolto al primo livello;false;false;;false
CHIAMAROMA 060606;2026;28/03/2026;In carico a ente esterno;false;true;POLIZIA LOCALE DI ROMA CAPITALE;true
CHIAMAROMA 060606;2026;28/03/2026;In carico a ente esterno;false;true;POLIZIA LOCALE DI ROMA CAPITALE;true
POLIZIA LOCALE DI ROMA CAPITALE;2026;28/03/2026;In carico a ente esterno;false;true;POLIZIA LOCALE DI ROMA CAPITALE;false
POLIZIA LOCALE DI ROMA CAPITALE;2026;28/03/2026;In carico a ente esterno;false;true;POLIZIA LOCALE DI ROMA CAPITALE;false
POLIZIA LOCALE DI ROMA CAPITALE;2026;28/03/2026;In carico a ente esterno;false;true;POLIZIA LOCALE DI ROMA CAPITALE;false
POLIZIA LOCALE DI ROMA CAPITALE;2026;28/03/2026;In carico a ente esterno;false;true;POLIZIA LOCALE DI ROMA CAPITALE;false
BACK OFFICE ROMA CAPITALE;2026;28/03/2026;Risolto al primo livello;false;false;;false
CHIAMAROMA 060606;2026;28/03/2026;In carico a ente esterno;false;true;POLIZIA LOCALE DI ROMA CAPITALE;true
CHIAMAROMA 060606;2026;28/03/2026;Risolto al secondo livello;false;false;;false
CHIAMAROMA 060606;2026;28/03/2026;In carico a ente esterno;false;true;POLIZIA LOCALE DI ROMA CAPITALE;true
DIPARTIMENTO PREVENZIONE E RISANAMENTO DAGLI INQUINAMENTI AMBIENTALI;2026;28/03/2026;Risolto al secondo livello;false;false;;false
CHIAMAROMA 060606;2026;28/03/2026;Risolto da Ente Esterno;false;true;AMA;false
CHIAMAROMA 060606;2026;28/03/2026;Risolto da Ente Esterno;false;true;AMA;false
CHIAMAROMA 060606;2026;28/03/2026;Risolto da Ente Esterno;false;true;AMA;false
CHIAMAROMA 060606;2026;28/03/2026;Risolto da Ente Esterno;false;true;AMA;false
CHIAMAROMA 060606;2026;28/03/2026;Risolto da Ente Esterno;false;true;AMA;false
CHIAMAROMA 060606;2026;28/03/2026;Risolto da Ente Esterno;false;true;AMA;false
CHIAMAROMA 060606;2026;28/03/2026;Risolto da Ente Esterno;false;true;AMA;false
CHIAMAROMA 060606;2026;28/03/2026;Risolto da Ente Esterno;false;true;AMA;false
CHIAMAROMA 060606;2026;28/03/2026;Risolto da Ente Esterno;false;true;AMA;false
AMA;2026;28/03/2026;Risolto da Ente Esterno;false;true;AMA;false
AMA;2026;28/03/2026;Risolto da Ente Esterno;false;true;AMA;false
CHIAMAROMA 060606;2026;28/03/2026;Risolto da Ente Esterno;false;true;AMA;false
BACK OFFICE ROMA CAPITALE;2026;28/03/2026;Risolto da Ente Esterno;false;true;AMA;false
CHIAMAROMA 060606;2026;28/03/2026;Risolto da Ente Esterno;false;true;AMA;false
CHIAMAROMA 060606;2026;28/03/2026;Risolto da Ente Esterno;false;true;AMA;false
CHIAMAROMA 060606;2026;28/03/2026;Risolto da Ente Esterno;false;true;AMA;false
CHIAMAROMA 060606;2026;28/03/2026;Risolto da Ente Esterno;false;true;AMA;false
POLIZIA LOCALE DI ROMA CAPITALE;2026;28/03/2026;In carico a ente esterno;false;true;POLIZIA LOCALE DI ROMA CAPITALE;false
POLIZIA LOCALE DI ROMA CAPITALE;2026;28/03/2026;In carico a ente esterno;false;true;POLIZIA LOCALE DI ROMA CAPITALE;false
CHIAMAROMA 060606;2026;28/03/2026;In carico a ente esterno;false;true;POLIZIA LOCALE DI ROMA CAPITALE;true
POLIZIA LOCALE DI ROMA CAPITALE;2026;28/03/2026;In carico a ente esterno;false;true;POLIZIA LOCALE DI ROMA CAPITALE;false
POLIZIA LOCALE DI ROMA CAPITALE;2026;28/03/2026;In carico a ente esterno;false;true;POLIZIA LOCALE DI ROMA CAPITALE;false
CHIAMAROMA 060606;2026;28/03/2026;Risolto al primo livello;false;false;;true
CHIAMAROMA 060606;2026;28/03/2026;In carico a ente esterno;false;true;POLIZIA LOCALE DI ROMA CAPITALE;true
CHIAMAROMA 060606;2026;28/03/2026;In carico a ente esterno;false;true;POLIZIA LOCALE DI ROMA CAPITALE;false
CHIAMAROMA 060606;2026;28/03/2026;Risolto da Ente Esterno;false;true;AMA;false
CHIAMAROMA 060606;2026;28/03/2026;Risolto da Ente Esterno;false;true;AMA;false
CHIAMAROMA 060606;2026;28/03/2026;Risolto da Ente Esterno;false;true;AMA;false
POLIZIA LOCALE DI ROMA CAPITALE;2026;28/03/2026;In carico a ente esterno;false;true;POLIZIA LOCALE DI ROMA CAPITALE;false
POLIZIA LOCALE DI ROMA CAPITALE;2026;28/03/2026;In carico a ente esterno;false;true;POLIZIA LOCALE DI ROMA CAPITALE;false
POLIZIA LOCALE DI ROMA CAPITALE;2026;28/03/2026;In carico a ente esterno;false;true;POLIZIA LOCALE DI ROMA CAPITALE;false
CHIAMAROMA 060606;2026;28/03/2026;In carico a ente esterno;false;true;POLIZIA LOCALE DI ROMA CAPITALE;true
CHIAMAROMA 060606;2026;28/03/2026;In carico a ente esterno;false;true;POLIZIA LOCALE DI ROMA CAPITALE;true
CHIAMAROMA 060606;2026;28/03/2026;In carico a ente esterno;false;true;POLIZIA LOCALE DI ROMA CAPITALE;true
CHIAMAROMA 060606;2026;28/03/2026;Risolto al secondo livello;false;false;;false
CHIAMAROMA 060606;2026;28/03/2026;Risolto al secondo livello;false;false;;false
POLIZIA LOCALE DI ROMA CAPITALE;2026;28/03/2026;In carico a ente esterno;false;true;POLIZIA LOCALE DI ROMA CAPITALE;false
POLIZIA LOCALE DI ROMA CAPITALE;2026;28/03/2026;In carico a ente esterno;false;true;POLIZIA LOCALE DI ROMA CAPITALE;false
POLIZIA LOCALE DI ROMA CAPITALE;2026;28/03/2026;In carico a ente esterno;false;true;POLIZIA LOCALE DI ROMA CAPITALE;false
POLIZIA LOCALE DI ROMA CAPITALE;2026;28/03/2026;In carico a ente esterno;false;true;POLIZIA LOCALE DI ROMA CAPITALE;false
CHIAMAROMA 060606;2026;28/03/2026;In carico a ente esterno;false;true;POLIZIA LOCALE DI ROMA CAPITALE;true
CHIAMAROMA 060606;2026;28/03/2026;In carico a ente esterno;false;true;POLIZIA LOCALE DI ROMA CAPITALE;true
POLIZIA LOCALE DI ROMA CAPITALE;2026;28/03/2026;In carico a ente esterno;false;true;POLIZIA LOCALE DI ROMA CAPITALE;false
POLIZIA LOCALE DI ROMA CAPITALE;2026;28/03/2026;In carico a ente esterno;false;true;POLIZIA LOCALE DI ROMA CAPITALE;false
CHIAMAROMA 060606;2026;28/03/2026;In carico a ente esterno;false;true;POLIZIA LOCALE DI ROMA CAPITALE;true
CHIAMAROMA 060606;2026;28/03/2026;In carico a ente esterno;false;true;POLIZIA LOCALE DI ROMA CAPITALE;true
CHIAMAROMA 060606;2026;28/03/2026;Risolto da Ente Esterno;false;true;AMA;false
CHIAMAROMA 060606;2026;28/03/2026;Risolto da Ente Esterno;false;true;AMA;false
CHIAMAROMA 060606;2026;28/03/2026;Risolto da Ente Esterno;false;true;AMA;false
CHIAMAROMA 060606;2026;28/03/2026;Risolto da Ente Esterno;false;true;AMA;false
CHIAMAROMA 060606;2026;28/03/2026;Risolto da Ente Esterno;false;true;AMA;false
CHIAMAROMA 060606;2026;28/03/2026;Risolto da Ente Esterno;false;true;AMA;false
CHIAMAROMA 060606;2026;28/03/2026;Risolto da Ente Esterno;false;true;AMA;false
CHIAMAROMA 060606;2026;28/03/2026;Risolto da Ente Esterno;false;true;AMA;false
CHIAMAROMA 060606;2026;28/03/2026;Risolto da Ente Esterno;false;true;AMA;false
CHIAMAROMA 060606;2026;28/03/2026;Risolto da Ente Esterno;false;true;AMA;false
BACK OFFICE ROMA CAPITALE;2026;28/03/2026;Risolto da Ente Esterno;false;true;AMA;false
CHIAMAROMA 060606;2026;28/03/2026;Risolto da Ente Esterno;false;true;AMA;false
POLIZIA LOCALE DI ROMA CAPITALE;2026;28/03/2026;In carico a ente esterno;false;true;POLIZIA LOCALE DI ROMA CAPITALE;false
POLIZIA LOCALE DI ROMA CAPITALE;2026;28/03/2026;In carico a ente esterno;false;true;POLIZIA LOCALE DI ROMA CAPITALE;false
CHIAMAROMA 060606;2026;28/03/2026;In carico a ente esterno;false;true;POLIZIA LOCALE DI ROMA CAPITALE;true
POLIZIA LOCALE DI ROMA CAPITALE;2026;28/03/2026;In carico a ente esterno;false;true;POLIZIA LOCALE DI ROMA CAPITALE;false
POLIZIA LOCALE DI ROMA CAPITALE;2026;28/03/2026;In carico a ente esterno;false;true;POLIZIA LOCALE DI ROMA CAPITALE;false
POLIZIA LOCALE DI ROMA CAPITALE;2026;28/03/2026;In carico a ente esterno;false;true;POLIZIA LOCALE DI ROMA CAPITALE;false
POLIZIA LOCALE DI ROMA CAPITALE;2026;28/03/2026;In carico a ente esterno;false;true;POLIZIA LOCALE DI ROMA CAPITALE;false
POLIZIA LOCALE DI ROMA CAPITALE;2026;28/03/2026;In carico a ente esterno;false;true;POLIZIA LOCALE DI ROMA CAPITALE;false
POLIZIA LOCALE DI ROMA CAPITALE;2026;29/03/2026;In carico a ente esterno;false;true;POLIZIA LOCALE DI ROMA CAPITALE;false
CHIAMAROMA 060606;2026;29/03/2026;Risolto da Ente Esterno;false;true;AMA;false
CHIAMAROMA 060606;2026;29/03/2026;Risolto da Ente Esterno;false;true;AMA;false
BACK OFFICE ROMA CAPITALE;2026;29/03/2026;Risolto da Ente Esterno;false;true;AMA;false
CHIAMAROMA 060606;2026;29/03/2026;Risolto da Ente Esterno;false;true;AMA;false
AMA;2026;29/03/2026;Risolto da Ente Esterno;false;true;AMA;false
CHIAMAROMA 060606;2026;29/03/2026;Risolto da Ente Esterno;false;true;AMA;false
CHIAMAROMA 060606;2026;29/03/2026;Risolto da Ente Esterno;false;true;AMA;false
CHIAMAROMA 060606;2026;29/03/2026;Risolto da Ente Esterno;false;true;AMA;false
CHIAMAROMA 060606;2026;29/03/2026;Risolto da Ente Esterno;false;true;AMA;false
CHIAMAROMA 060606;2026;29/03/2026;Risolto da Ente Esterno;false;true;AMA;false
CHIAMAROMA 060606;2026;29/03/2026;Risolto da Ente Esterno;false;true;AMA;false
CHIAMAROMA 060606;2026;29/03/2026;Risolto da Ente Esterno;false;true;AMA;false
CHIAMAROMA 060606;2026;29/03/2026;Risolto da Ente Esterno;false;true;AMA;false
AMA;2026;29/03/2026;Risolto da Ente Esterno;false;true;AMA;false
CHIAMAROMA 060606;2026;29/03/2026;Risolto da Ente Esterno;false;true;AMA;false
CHIAMAROMA 060606;2026;29/03/2026;Risolto da Ente Esterno;false;true;AMA;false
CHIAMAROMA 060606;2026;29/03/2026;Risolto da Ente Esterno;false;true;AMA;false
CHIAMAROMA 060606;2026;29/03/2026;Risolto da Ente Esterno;false;true;AMA;false
CHIAMAROMA 060606;2026;29/03/2026;Risolto da Ente Esterno;false;true;AMA;false
CHIAMAROMA 060606;2026;29/03/2026;Risolto da Ente Esterno;false;true;AMA;false
AMA;2026;29/03/2026;Risolto da Ente Esterno;false;true;AMA;false
CHIAMAROMA 060606;2026;29/03/2026;Risolto da Ente Esterno;false;true;AMA;false
CHIAMAROMA 060606;2026;29/03/2026;Risolto da Ente Esterno;false;true;AMA;false
AMA;2026;29/03/2026;Risolto da Ente Esterno;false;true;AMA;false
CHIAMAROMA 060606;2026;29/03/2026;Risolto da Ente Esterno;false;true;AMA;false
CHIAMAROMA 060606;2026;29/03/2026;Risolto da Ente Esterno;false;true;AMA;false
CHIAMAROMA 060606;2026;29/03/2026;Risolto da Ente Esterno;false;true;AMA;false
CHIAMAROMA 060606;2026;29/03/2026;Risolto da Ente Esterno;false;true;AMA;false
CHIAMAROMA 060606;2026;29/03/2026;Risolto da Ente Esterno;false;true;AMA;false
CHIAMAROMA 060606;2026;29/03/2026;Risolto da Ente Esterno;false;true;AMA;false
CHIAMAROMA 060606;2026;29/03/2026;Risolto da Ente Esterno;false;true;AMA;false
POLIZIA LOCALE DI ROMA CAPITALE;2026;29/03/2026;In carico a ente esterno;false;true;POLIZIA LOCALE DI ROMA CAPITALE;false
CHIAMAROMA 060606;2026;29/03/2026;Risolto da Ente Esterno;false;true;AMA;false
POLIZIA LOCALE DI ROMA CAPITALE;2026;29/03/2026;In carico a ente esterno;false;true;POLIZIA LOCALE DI ROMA CAPITALE;false
POLIZIA LOCALE DI ROMA CAPITALE;2026;29/03/2026;In carico a ente esterno;false;true;POLIZIA LOCALE DI ROMA CAPITALE;false
POLIZIA LOCALE DI ROMA CAPITALE;2026;29/03/2026;In carico a ente esterno;false;true;POLIZIA LOCALE DI ROMA CAPITALE;false
POLIZIA LOCALE DI ROMA CAPITALE;2026;29/03/2026;In carico a ente esterno;false;true;POLIZIA LOCALE DI ROMA CAPITALE;false
POLIZIA LOCALE DI ROMA CAPITALE;2026;29/03/2026;In carico a ente esterno;false;true;POLIZIA LOCALE DI ROMA CAPITALE;false
CHIAMAROMA 060606;2026;29/03/2026;Risolto da Ente Esterno;false;true;AMA;false
POLIZIA LOCALE DI ROMA CAPITALE;2026;29/03/2026;In carico a ente esterno;false;true;POLIZIA LOCALE DI ROMA CAPITALE;false
POLIZIA LOCALE DI ROMA CAPITALE;2026;29/03/2026;In carico a ente esterno;false;true;POLIZIA LOCALE DI ROMA CAPITALE;false
POLIZIA LOCALE DI ROMA CAPITALE;2026;29/03/2026;In carico a ente esterno;false;true;POLIZIA LOCALE DI ROMA CAPITALE;false
POLIZIA LOCALE DI ROMA CAPITALE;2026;29/03/2026;In carico a ente esterno;false;true;POLIZIA LOCALE DI ROMA CAPITALE;false
POLIZIA LOCALE DI ROMA CAPITALE;2026;29/03/2026;In carico a ente esterno;false;true;POLIZIA LOCALE DI ROMA CAPITALE;false
CHIAMAROMA 060606;2026;29/03/2026;In carico a ente esterno;false;true;POLIZIA LOCALE DI ROMA CAPITALE;true
POLIZIA LOCALE DI ROMA CAPITALE;2026;29/03/2026;In carico a ente esterno;false;true;POLIZIA LOCALE DI ROMA CAPITALE;false
POLIZIA LOCALE DI ROMA CAPITALE;2026;29/03/2026;In carico a ente esterno;false;true;POLIZIA LOCALE DI ROMA CAPITALE;false
POLIZIA LOCALE DI ROMA CAPITALE;2026;29/03/2026;In carico a ente esterno;false;true;POLIZIA LOCALE DI ROMA CAPITALE;false
POLIZIA LOCALE DI ROMA CAPITALE;2026;29/03/2026;In carico a ente esterno;false;true;POLIZIA LOCALE DI ROMA CAPITALE;false
POLIZIA LOCALE DI ROMA CAPITALE;2026;29/03/2026;In carico a ente esterno;false;true;POLIZIA LOCALE DI ROMA CAPITALE;false
POLIZIA LOCALE DI ROMA CAPITALE;2026;29/03/2026;In carico a ente esterno;false;true;POLIZIA LOCALE DI ROMA CAPITALE;false
POLIZIA LOCALE DI ROMA CAPITALE;2026;29/03/2026;In carico a ente esterno;false;true;POLIZIA LOCALE DI ROMA CAPITALE;false
POLIZIA LOCALE DI ROMA CAPITALE;2026;29/03/2026;In carico a ente esterno;false;true;POLIZIA LOCALE DI ROMA CAPITALE;false
POLIZIA LOCALE DI ROMA CAPITALE;2026;29/03/2026;In carico a ente esterno;false;true;POLIZIA LOCALE DI ROMA CAPITALE;false
POLIZIA LOCALE DI ROMA CAPITALE;2026;29/03/2026;In carico a ente esterno;false;true;POLIZIA LOCALE DI ROMA CAPITALE;false
POLIZIA LOCALE DI ROMA CAPITALE;2026;29/03/2026;In carico a ente esterno;false;true;POLIZIA LOCALE DI ROMA CAPITALE;false
POLIZIA LOCALE DI ROMA CAPITALE;2026;29/03/2026;In carico a ente esterno;false;true;POLIZIA LOCALE DI ROMA CAPITALE;false
POLIZIA LOCALE DI ROMA CAPITALE;2026;29/03/2026;In carico a ente esterno;false;true;POLIZIA LOCALE DI ROMA CAPITALE;false
CHIAMAROMA 060606;2026;29/03/2026;In carico a ente esterno;false;true;POLIZIA LOCALE DI ROMA CAPITALE;true
POLIZIA LOCALE DI ROMA CAPITALE;2026;29/03/2026;In carico a ente esterno;false;true;POLIZIA LOCALE DI ROMA CAPITALE;false
POLIZIA LOCALE DI ROMA CAPITALE;2026;29/03/2026;In carico a ente esterno;false;true;POLIZIA LOCALE DI ROMA CAPITALE;false
POLIZIA LOCALE DI ROMA CAPITALE;2026;29/03/2026;In carico a ente esterno;false;true;POLIZIA LOCALE DI ROMA CAPITALE;false
POLIZIA LOCALE DI ROMA CAPITALE;2026;29/03/2026;In carico a ente esterno;false;true;POLIZIA LOCALE DI ROMA CAPITALE;false
POLIZIA LOCALE DI ROMA CAPITALE;2026;29/03/2026;In carico a ente esterno;false;true;POLIZIA LOCALE DI ROMA CAPITALE;false
CHIAMAROMA 060606;2026;29/03/2026;In carico a ente esterno;false;true;POLIZIA LOCALE DI ROMA CAPITALE;true
POLIZIA LOCALE DI ROMA CAPITALE;2026;29/03/2026;In carico a ente esterno;false;true;POLIZIA LOCALE DI ROMA CAPITALE;false
CHIAMAROMA 060606;2026;29/03/2026;In carico a ente esterno;false;true;POLIZIA LOCALE DI ROMA CAPITALE;true
POLIZIA LOCALE DI ROMA CAPITALE;2026;29/03/2026;In carico a ente esterno;false;true;POLIZIA LOCALE DI ROMA CAPITALE;false
POLIZIA LOCALE DI ROMA CAPITALE;2026;29/03/2026;In carico a ente esterno;false;true;POLIZIA LOCALE DI ROMA CAPITALE;false
POLIZIA LOCALE DI ROMA CAPITALE;2026;29/03/2026;In carico a ente esterno;false;true;POLIZIA LOCALE DI ROMA CAPITALE;false
POLIZIA LOCALE DI ROMA CAPITALE;2026;29/03/2026;In carico a ente esterno;false;true;POLIZIA LOCALE DI ROMA CAPITALE;false
CHIAMAROMA 060606;2026;29/03/2026;In carico a ente esterno;false;true;POLIZIA LOCALE DI ROMA CAPITALE;true
CHIAMAROMA 060606;2026;29/03/2026;In carico a ente esterno;false;true;POLIZIA LOCALE DI ROMA CAPITALE;true
CHIAMAROMA 060606;2026;29/03/2026;In carico a ente esterno;false;true;POLIZIA LOCALE DI ROMA CAPITALE;true
POLIZIA LOCALE DI ROMA CAPITALE;2026;29/03/2026;In carico a ente esterno;false;true;POLIZIA LOCALE DI ROMA CAPITALE;false
POLIZIA LOCALE DI ROMA CAPITALE;2026;29/03/2026;In carico a ente esterno;false;true;POLIZIA LOCALE DI ROMA CAPITALE;false
POLIZIA LOCALE DI ROMA CAPITALE;2026;29/03/2026;In carico a ente esterno;false;true;POLIZIA LOCALE DI ROMA CAPITALE;false
CHIAMAROMA 060606;2026;29/03/2026;Risolto da Ente Esterno;false;true;AMA;false
POLIZIA LOCALE DI ROMA CAPITALE;2026;29/03/2026;In carico a ente esterno;false;true;POLIZIA LOCALE DI ROMA CAPITALE;false
POLIZIA LOCALE DI ROMA CAPITALE;2026;29/03/2026;In carico a ente esterno;false;true;POLIZIA LOCALE DI ROMA CAPITALE;false
CHIAMAROMA 060606;2026;29/03/2026;In carico a ente esterno;false;true;POLIZIA LOCALE DI ROMA CAPITALE;true
POLIZIA LOCALE DI ROMA CAPITALE;2026;29/03/2026;In carico a ente esterno;false;true;POLIZIA LOCALE DI ROMA CAPITALE;false
POLIZIA LOCALE DI ROMA CAPITALE;2026;29/03/2026;In carico a ente esterno;false;true;POLIZIA LOCALE DI ROMA CAPITALE;false
POLIZIA LOCALE DI ROMA CAPITALE;2026;29/03/2026;In carico a ente esterno;false;true;POLIZIA LOCALE DI ROMA CAPITALE;false
POLIZIA LOCALE DI ROMA CAPITALE;2026;29/03/2026;In carico a ente esterno;false;true;POLIZIA LOCALE DI ROMA CAPITALE;false
POLIZIA LOCALE DI ROMA CAPITALE;2026;29/03/2026;In carico a ente esterno;false;true;POLIZIA LOCALE DI ROMA CAPITALE;false
POLIZIA LOCALE DI ROMA CAPITALE;2026;29/03/2026;In carico a ente esterno;false;true;POLIZIA LOCALE DI ROMA CAPITALE;false
POLIZIA LOCALE DI ROMA CAPITALE;2026;29/03/2026;In carico a ente esterno;false;true;POLIZIA LOCALE DI ROMA CAPITALE;false
POLIZIA LOCALE DI ROMA CAPITALE;2026;29/03/2026;In carico a ente esterno;false;true;POLIZIA LOCALE DI ROMA CAPITALE;false
CHIAMAROMA 060606;2026;29/03/2026;Risolto da Ente Esterno;false;true;AMA;false
POLIZIA LOCALE DI ROMA CAPITALE;2026;29/03/2026;In carico a ente esterno;false;true;POLIZIA LOCALE DI ROMA CAPITALE;false
AMA;2026;30/03/2026;Risolto da Ente Esterno;false;true;AMA;false
AMA;2026;30/03/2026;Risolto da Ente Esterno;false;true;AMA;false
CHIAMAROMA 060606;2026;30/03/2026;Risolto da Ente Esterno;false;true;AMA;false
CHIAMAROMA 060606;2026;30/03/2026;Risolto da Ente Esterno;false;true;AMA;false
CHIAMAROMA 060606;2026;30/03/2026;Risolto da Ente Esterno;false;true;AMA;false
CHIAMAROMA 060606;2026;30/03/2026;Risolto da Ente Esterno;false;true;AMA;false
CHIAMAROMA 060606;2026;30/03/2026;Risolto da Ente Esterno;false;true;AMA;false
CHIAMAROMA 060606;2026;30/03/2026;Risolto da Ente Esterno;false;true;AMA;false
CHIAMAROMA 060606;2026;30/03/2026;Risolto da Ente Esterno;false;true;AMA;false
CHIAMAROMA 060606;2026;30/03/2026;Risolto da Ente Esterno;false;true;AMA;false
CHIAMAROMA 060606;2026;30/03/2026;Risolto da Ente Esterno;false;true;AMA;false
CHIAMAROMA 060606;2026;30/03/2026;Risolto da Ente Esterno;false;true;AMA;false
CHIAMAROMA 060606;2026;30/03/2026;Risolto da Ente Esterno;false;true;AMA;false
CHIAMAROMA 060606;2026;30/03/2026;Risolto da Ente Esterno;false;true;AMA;false
CHIAMAROMA 060606;2026;30/03/2026;Risolto da Ente Esterno;false;true;AMA;false
CHIAMAROMA 060606;2026;30/03/2026;Risolto da Ente Esterno;false;true;AMA;false
CHIAMAROMA 060606;2026;30/03/2026;Risolto da Ente Esterno;false;true;AMA;false
CHIAMAROMA 060606;2026;30/03/2026;Risolto da Ente Esterno;false;true;AMA;false
CHIAMAROMA 060606;2026;30/03/2026;Risolto da Ente Esterno;false;true;AMA;false
CHIAMAROMA 060606;2026;30/03/2026;In carico a ente esterno;false;true;POLIZIA LOCALE DI ROMA CAPITALE;true
POLIZIA LOCALE DI ROMA CAPITALE;2026;30/03/2026;Risolto al primo livello;false;false;;false
DIPARTIMENTO TUTELA AMBIENTALE;2026;30/03/2026;Non più necessario;false;false;;false
CHIAMAROMA 060606;2026;30/03/2026;Risolto al secondo livello;false;true;AMA;false
CHIAMAROMA 060606;2026;30/03/2026;Risolto al primo livello;false;false;;false
CHIAMAROMA 060606;2026;30/03/2026;Risolto al primo livello;false;false;;false
CHIAMAROMA 060606;2026;30/03/2026;In carico a ente esterno;false;true;POLIZIA LOCALE DI ROMA CAPITALE;true
POLIZIA LOCALE DI ROMA CAPITALE;2026;30/03/2026;In carico a ente esterno;false;true;POLIZIA LOCALE DI ROMA CAPITALE;false
POLIZIA LOCALE DI ROMA CAPITALE;2026;30/03/2026;In carico a ente esterno;false;true;POLIZIA LOCALE DI ROMA CAPITALE;false
POLIZIA LOCALE DI ROMA CAPITALE;2026;30/03/2026;In carico a ente esterno;false;true;POLIZIA LOCALE DI ROMA CAPITALE;false
CHIAMAROMA 060606;2026;30/03/2026;In carico a ente esterno;false;true;POLIZIA LOCALE DI ROMA CAPITALE;true
CHIAMAROMA 060606;2026;30/03/2026;In carico a ente esterno;false;true;POLIZIA LOCALE DI ROMA CAPITALE;true
CHIAMAROMA 060606;2026;30/03/2026;In carico a ente esterno;false;true;POLIZIA LOCALE DI ROMA CAPITALE;true
CHIAMAROMA 060606;2026;30/03/2026;In carico a ente esterno;false;true;POLIZIA LOCALE DI ROMA CAPITALE;true
CHIAMAROMA 060606;2026;30/03/2026;In carico a ente esterno;false;true;POLIZIA LOCALE DI ROMA CAPITALE;true
CHIAMAROMA 060606;2026;30/03/2026;In carico a ente esterno;false;true;POLIZIA LOCALE DI ROMA CAPITALE;true
POLIZIA LOCALE DI ROMA CAPITALE;2026;30/03/2026;In carico a ente esterno;false;true;POLIZIA LOCALE DI ROMA CAPITALE;false
POLIZIA LOCALE DI ROMA CAPITALE;2026;30/03/2026;In carico a ente esterno;false;true;POLIZIA LOCALE DI ROMA CAPITALE;false
POLIZIA LOCALE DI ROMA CAPITALE;2026;30/03/2026;In carico a ente esterno;false;true;POLIZIA LOCALE DI ROMA CAPITALE;false
CHIAMAROMA 060606;2026;30/03/2026;In carico a ente esterno;false;true;POLIZIA LOCALE DI ROMA CAPITALE;true
BACK OFFICE ROMA CAPITALE;2026;30/03/2026;Risolto al secondo livello;false;false;;false
MUNICIPIO XI;2026;30/03/2026;Risolto al secondo livello;false;false;;false
CHIAMAROMA 060606;2026;30/03/2026;In carico a ente esterno;false;true;POLIZIA LOCALE DI ROMA CAPITALE;true
DIPARTIMENTO TUTELA AMBIENTALE;2026;30/03/2026;Risolto al secondo livello;false;false;;false
DIPARTIMENTO INFRASTRUTTURE E LAVORI PUBBLICI;2026;30/03/2026;Risolto al secondo livello;false;false;;false
DIPARTIMENTO GRANDI EVENTI, SPORT, TURISMO E MODA;2026;30/03/2026;Risolto al secondo livello;false;false;;false
CHIAMAROMA 060606;2026;30/03/2026;Risolto al secondo livello;false;false;;false
;2026;30/03/2026;Risolto al primo livello;false;false;;false
;2026;30/03/2026;In carico a ente esterno;false;true;POLIZIA LOCALE DI ROMA CAPITALE;true
CHIAMAROMA 060606;2026;30/03/2026;Risolto al secondo livello;false;false;;false
CHIAMAROMA 060606;2026;30/03/2026;Risolto al secondo livello;false;true;AMA;false
CHIAMAROMA 060606;2026;30/03/2026;Risolto al secondo livello;false;false;;false
DIPARTIMENTO MOBILITA’ SOSTENIBILE E TRASPORTI;2026;30/03/2026;Risolto al secondo livello;false;false;;false
CHIAMAROMA 060606;2026;30/03/2026;Risolto al secondo livello;false;false;;false
AMA;2026;30/03/2026;Risolto da Ente Esterno;false;true;AMA;false
CHIAMAROMA 060606;2026;30/03/2026;Risolto da Ente Esterno;false;true;AMA;false
CHIAMAROMA 060606;2026;30/03/2026;Risolto da Ente Esterno;false;true;AMA;false
CHIAMAROMA 060606;2026;30/03/2026;Risolto da Ente Esterno;false;true;AMA;false
CHIAMAROMA 060606;2026;30/03/2026;Risolto da Ente Esterno;false;true;AMA;false
CHIAMAROMA 060606;2026;30/03/2026;Risolto da Ente Esterno;false;true;AMA;false
CHIAMAROMA 060606;2026;30/03/2026;Risolto da Ente Esterno;false;true;AMA;false
CHIAMAROMA 060606;2026;30/03/2026;Risolto da Ente Esterno;false;true;AMA;false
AMA;2026;30/03/2026;Risolto da Ente Esterno;false;true;AMA;false
CHIAMAROMA 060606;2026;30/03/2026;Risolto da Ente Esterno;false;true;AMA;false
CHIAMAROMA 060606;2026;30/03/2026;Risolto da Ente Esterno;false;true;AMA;false
CHIAMAROMA 060606;2026;30/03/2026;Risolto da Ente Esterno;false;true;AMA;false
CHIAMAROMA 060606;2026;30/03/2026;Risolto da Ente Esterno;false;true;AMA;false
CHIAMAROMA 060606;2026;30/03/2026;Risolto da Ente Esterno;false;true;AMA;false
CHIAMAROMA 060606;2026;30/03/2026;Risolto da Ente Esterno;false;true;AMA;false
CHIAMAROMA 060606;2026;30/03/2026;Risolto da Ente Esterno;false;true;AMA;false
CHIAMAROMA 060606;2026;30/03/2026;Risolto da Ente Esterno;false;true;AMA;false
CHIAMAROMA 060606;2026;30/03/2026;Risolto da Ente Esterno;false;true;AMA;false
CHIAMAROMA 060606;2026;30/03/2026;Risolto da Ente Esterno;false;true;AMA;false
AMA;2026;30/03/2026;Risolto da Ente Esterno;false;true;AMA;false
CHIAMAROMA 060606;2026;30/03/2026;Risolto da Ente Esterno;false;true;AMA;false
CHIAMAROMA 060606;2026;30/03/2026;Risolto da Ente Esterno;false;true;AMA;false
CHIAMAROMA 060606;2026;30/03/2026;Risolto da Ente Esterno;false;true;AMA;false
CHIAMAROMA 060606;2026;30/03/2026;Risolto da Ente Esterno;false;true;AMA;false
CHIAMAROMA 060606;2026;30/03/2026;Risolto da Ente Esterno;false;true;AMA;false
AMA;2026;30/03/2026;Risolto da Ente Esterno;false;true;AMA;false
CHIAMAROMA 060606;2026;30/03/2026;Risolto da Ente Esterno;false;true;AMA;false
CHIAMAROMA 060606;2026;30/03/2026;Risolto da Ente Esterno;false;true;AMA;false
CHIAMAROMA 060606;2026;30/03/2026;Risolto da Ente Esterno;false;true;AMA;false
CHIAMAROMA 060606;2026;30/03/2026;Risolto da Ente Esterno;false;true;AMA;false
CHIAMAROMA 060606;2026;30/03/2026;Risolto da Ente Esterno;false;true;AMA;false
CHIAMAROMA 060606;2026;30/03/2026;Risolto da Ente Esterno;false;true;AMA;false
CHIAMAROMA 060606;2026;30/03/2026;Risolto da Ente Esterno;false;true;AMA;false
CHIAMAROMA 060606;2026;30/03/2026;Risolto da Ente Esterno;false;true;AMA;false
CHIAMAROMA 060606;2026;30/03/2026;Risolto da Ente Esterno;false;true;AMA;false
CHIAMAROMA 060606;2026;30/03/2026;Risolto da Ente Esterno;false;true;AMA;false
CHIAMAROMA 060606;2026;30/03/2026;Risolto da Ente Esterno;false;true;AMA;false
CHIAMAROMA 060606;2026;30/03/2026;Risolto da Ente Esterno;false;true;AMA;false
CHIAMAROMA 060606;2026;30/03/2026;Risolto da Ente Esterno;false;true;AMA;false
CHIAMAROMA 060606;2026;30/03/2026;Risolto da Ente Esterno;false;true;AMA;false
CHIAMAROMA 060606;2026;30/03/2026;Risolto da Ente Esterno;false;true;AMA;false
CHIAMAROMA 060606;2026;30/03/2026;Risolto da Ente Esterno;false;true;AMA;false
CHIAMAROMA 060606;2026;30/03/2026;Risolto da Ente Esterno;false;true;AMA;false
CHIAMAROMA 060606;2026;30/03/2026;Risolto da Ente Esterno;false;true;AMA;false
CHIAMAROMA 060606;2026;30/03/2026;Risolto da Ente Esterno;false;true;AMA;false
AMA;2026;30/03/2026;Risolto da Ente Esterno;false;true;AMA;false
AMA;2026;30/03/2026;Risolto da Ente Esterno;false;true;AMA;false
CHIAMAROMA 060606;2026;30/03/2026;Risolto da Ente Esterno;false;true;AMA;false
AMA;2026;30/03/2026;Risolto da Ente Esterno;false;true;AMA;false
CHIAMAROMA 060606;2026;30/03/2026;Risolto da Ente Esterno;false;true;AMA;false
CHIAMAROMA 060606;2026;30/03/2026;Risolto da Ente Esterno;false;true;AMA;false
CHIAMAROMA 060606;2026;30/03/2026;Risolto da Ente Esterno;false;true;AMA;false
GABINETTO DEL SINDACO;2026;30/03/2026;Risolto al secondo livello;false;false;;false
DIPARTIMENTO TUTELA AMBIENTALE;2026;30/03/2026;Risolto al secondo livello;false;false;;false
CHIAMAROMA 060606;2026;30/03/2026;Trasferito telefonicamente a call center esterno o per pronto intervento;false;false;;false
MUNICIPIO II;2026;30/03/2026;Risolto al secondo livello;false;false;;false
POLIZIA LOCALE DI ROMA CAPITALE;2026;30/03/2026;In carico a ente esterno;false;true;POLIZIA LOCALE DI ROMA CAPITALE;false
POLIZIA LOCALE DI ROMA CAPITALE;2026;30/03/2026;In carico a ente esterno;false;true;POLIZIA LOCALE DI ROMA CAPITALE;false
POLIZIA LOCALE DI ROMA CAPITALE;2026;30/03/2026;In carico a ente esterno;false;true;POLIZIA LOCALE DI ROMA CAPITALE;false
POLIZIA LOCALE DI ROMA CAPITALE;2026;30/03/2026;In carico a ente esterno;false;true;POLIZIA LOCALE DI ROMA CAPITALE;false
GABINETTO DEL SINDACO;2026;30/03/2026;Risolto al secondo livello;false;false;;false
CHIAMAROMA 060606;2026;30/03/2026;Risolto al secondo livello;false;false;;false
CHIAMAROMA 060606;2026;30/03/2026;Risolto al secondo livello;false;false;;false
POLIZIA LOCALE DI ROMA CAPITALE;2026;30/03/2026;Risolto al secondo livello;false;false;;false
CHIAMAROMA 060606;2026;30/03/2026;In carico a ente esterno;false;true;POLIZIA LOCALE DI ROMA CAPITALE;true
CHIAMAROMA 060606;2026;30/03/2026;In carico a ente esterno;false;true;POLIZIA LOCALE DI ROMA CAPITALE;true
CHIAMAROMA 060606;2026;30/03/2026;In carico a ente esterno;false;true;POLIZIA LOCALE DI ROMA CAPITALE;true
CHIAMAROMA 060606;2026;30/03/2026;Risolto al secondo livello;false;false;;false
CHIAMAROMA 060606;2026;30/03/2026;Risolto al primo livello;false;false;;false
CHIAMAROMA 060606;2026;30/03/2026;In carico a ente esterno;false;true;POLIZIA LOCALE DI ROMA CAPITALE;true
CHIAMAROMA 060606;2026;30/03/2026;In carico a ente esterno;false;true;POLIZIA LOCALE DI ROMA CAPITALE;true
BACK OFFICE ROMA CAPITALE;2026;30/03/2026;Risolto al secondo livello;false;false;;false
CHIAMAROMA 060606;2026;30/03/2026;Risolto al secondo livello;false;false;;false
CHIAMAROMA 060606;2026;30/03/2026;Risolto al secondo livello;false;false;;false
CHIAMAROMA 060606;2026;30/03/2026;Risolto al secondo livello;false;false;;false
CHIAMAROMA 060606;2026;30/03/2026;Risolto al secondo livello;false;false;;false
CHIAMAROMA 060606;2026;30/03/2026;In carico a ente esterno;false;true;POLIZIA LOCALE DI ROMA CAPITALE;true
CHIAMAROMA 060606;2026;30/03/2026;In carico a ente esterno;false;true;POLIZIA LOCALE DI ROMA CAPITALE;true
CHIAMAROMA 060606;2026;30/03/2026;Risolto al secondo livello;false;true;AMA;false
CHIAMAROMA 060606;2026;30/03/2026;Risolto al secondo livello;false;false;;false
MUNICIPIO X;2026;30/03/2026;Non più necessario;false;false;;false
CHIAMAROMA 060606;2026;30/03/2026;Risolto al secondo livello;false;false;;false
CHIAMAROMA 060606;2026;30/03/2026;Risolto al secondo livello;false;false;;false
DIPARTIMENTO TUTELA AMBIENTALE;2026;30/03/2026;Non più necessario;false;false;;false
MUNICIPIO II;2026;30/03/2026;Risolto al secondo livello;false;false;;false
CHIAMAROMA 060606;2026;30/03/2026;In carico a ente esterno;false;true;POLIZIA LOCALE DI ROMA CAPITALE;true
CHIAMAROMA 060606;2026;30/03/2026;Risolto al secondo livello;false;false;;false
DIPARTIMENTO TUTELA AMBIENTALE;2026;30/03/2026;Non più necessario;false;false;;false
MUNICIPIO VII;2026;30/03/2026;Non più necessario;false;false;;false
MUNICIPIO II;2026;30/03/2026;Risolto al secondo livello;false;false;;false
CHIAMAROMA 060606;2026;30/03/2026;Risolto al secondo livello;false;false;;false
CHIAMAROMA 060606;2026;30/03/2026;In carico a ente esterno;false;true;POLIZIA LOCALE DI ROMA CAPITALE;true
CHIAMAROMA 060606;2026;30/03/2026;In carico a ente esterno;false;true;POLIZIA LOCALE DI ROMA CAPITALE;true
BACK OFFICE ROMA CAPITALE;2026;30/03/2026;Risolto al primo livello;false;false;;false
ATAC;2026;30/03/2026;In carico a ente esterno;false;true;POLIZIA LOCALE DI ROMA CAPITALE;false
CHIAMAROMA 060606;2026;30/03/2026;In carico a ente esterno;false;true;POLIZIA LOCALE DI ROMA CAPITALE;true
CHIAMAROMA 060606;2026;30/03/2026;In carico a ente esterno;false;true;POLIZIA LOCALE DI ROMA CAPITALE;true
CHIAMAROMA 060606;2026;30/03/2026;Non più necessario;false;false;;false
CHIAMAROMA 060606;2026;30/03/2026;Risolto al secondo livello;false;false;;false
CHIAMAROMA 060606;2026;30/03/2026;In carico a ente esterno;false;true;POLIZIA LOCALE DI ROMA CAPITALE;true
CHIAMAROMA 060606;2026;30/03/2026;In carico a ente esterno;false;true;POLIZIA LOCALE DI ROMA CAPITALE;true
CHIAMAROMA 060606;2026;30/03/2026;Risolto al secondo livello;false;true;ATAC;false
CHIAMAROMA 060606;2026;30/03/2026;Risolto al secondo livello;false;true;ATAC;false
ATAC;2026;30/03/2026;Risolto al secondo livello;false;true;ATAC;false
CHIAMAROMA 060606;2026;30/03/2026;Risolto al secondo livello;false;true;ATAC;false
DIPARTIMENTO INFRASTRUTTURE E LAVORI PUBBLICI;2026;30/03/2026;Risolto al secondo livello;false;false;;false
CHIAMAROMA 060606;2026;30/03/2026;Risolto al secondo livello;false;true;ROMA SERVIZI PER LA MOBILITA’;false
MUNICIPIO XIII;2026;30/03/2026;Risolto al secondo livello;false;false;;false
CHIAMAROMA 060606;2026;30/03/2026;In carico a ente esterno;false;true;POLIZIA LOCALE DI ROMA CAPITALE;true
CHIAMAROMA 060606;2026;30/03/2026;Risolto al secondo livello;false;false;;false
CHIAMAROMA 060606;2026;30/03/2026;Risolto al secondo livello;false;false;;false
CHIAMAROMA 060606;2026;30/03/2026;In carico a ente esterno;false;true;POLIZIA LOCALE DI ROMA CAPITALE;true
CHIAMAROMA 060606;2026;30/03/2026;In carico a ente esterno;false;true;POLIZIA LOCALE DI ROMA CAPITALE;true
CHIAMAROMA 060606;2026;30/03/2026;Risolto al secondo livello;false;false;;false
CHIAMAROMA 060606;2026;30/03/2026;Risolto al secondo livello;false;false;;false
CHIAMAROMA 060606;2026;30/03/2026;Risolto al secondo livello;false;false;;false
CHIAMAROMA 060606;2026;30/03/2026;Risolto al secondo livello;false;false;;false
CHIAMAROMA 060606;2026;30/03/2026;Risolto al secondo livello;false;false;;false
CHIAMAROMA 060606;2026;30/03/2026;Risolto al secondo livello;false;false;;false
GABINETTO DEL SINDACO;2026;30/03/2026;Non più necessario;false;false;;false
MUNICIPIO IX;2026;30/03/2026;Risolto al secondo livello;false;false;;false
CHIAMAROMA 060606;2026;30/03/2026;Non più necessario;false;false;;false
DIPARTIMENTO TUTELA AMBIENTALE;2026;30/03/2026;Non più necessario;false;false;;false
CHIAMAROMA 060606;2026;30/03/2026;Risolto al secondo livello;false;false;;false
CHIAMAROMA 060606;2026;30/03/2026;Risolto al secondo livello;false;false;;false
CHIAMAROMA 060606;2026;30/03/2026;Risolto al secondo livello;false;false;;false
CHIAMAROMA 060606;2026;30/03/2026;Risolto al secondo livello;false;false;;false
CHIAMAROMA 060606;2026;30/03/2026;Risolto al secondo livello;false;false;;false
CHIAMAROMA 060606;2026;30/03/2026;Risolto al secondo livello;false;false;;false
CHIAMAROMA 060606;2026;30/03/2026;In carico a ente esterno;false;true;POLIZIA LOCALE DI ROMA CAPITALE;true
CHIAMAROMA 060606;2026;30/03/2026;In carico a ente esterno;false;true;POLIZIA LOCALE DI ROMA CAPITALE;true
CHIAMAROMA 060606;2026;30/03/2026;Risolto al primo livello;false;false;;false
CHIAMAROMA 060606;2026;30/03/2026;Risolto al secondo livello;false;false;;false
CHIAMAROMA 060606;2026;30/03/2026;Risolto al secondo livello;false;false;;false
CHIAMAROMA 060606;2026;30/03/2026;Risolto al primo livello;false;false;;false
CHIAMAROMA 060606;2026;30/03/2026;Risolto al primo livello;false;false;;false
CHIAMAROMA 060606;2026;30/03/2026;Non più necessario;false;false;;false
CHIAMAROMA 060606;2026;30/03/2026;Risolto al primo livello;false;false;;false
CHIAMAROMA 060606;2026;30/03/2026;Risolto al primo livello;false;false;;false
CHIAMAROMA 060606;2026;30/03/2026;Risolto al primo livello;false;false;;false
CHIAMAROMA 060606;2026;30/03/2026;Risolto al primo livello;false;false;;false
CHIAMAROMA 060606;2026;30/03/2026;Risolto al primo livello;false;false;;false
CHIAMAROMA 060606;2026;30/03/2026;Risolto al primo livello;false;false;;false
CHIAMAROMA 060606;2026;30/03/2026;In carico a ente esterno;false;true;POLIZIA LOCALE DI ROMA CAPITALE;true
CHIAMAROMA 060606;2026;30/03/2026;Risolto al primo livello;false;false;;false
CHIAMAROMA 060606;2026;30/03/2026;Risolto al secondo livello;false;false;;false
CHIAMAROMA 060606;2026;30/03/2026;Risolto al primo livello;false;false;;false
CHIAMAROMA 060606;2026;30/03/2026;Risolto al primo livello;false;false;;false
CHIAMAROMA 060606;2026;30/03/2026;Risolto al primo livello;false;false;;false
CHIAMAROMA 060606;2026;30/03/2026;Risolto al primo livello;false;false;;false
CHIAMAROMA 060606;2026;30/03/2026;Risolto al primo livello;false;false;;false
CHIAMAROMA 060606;2026;30/03/2026;Risolto al primo livello;false;false;;false
CHIAMAROMA 060606;2026;30/03/2026;Risolto al primo livello;false;false;;false
CHIAMAROMA 060606;2026;30/03/2026;Risolto al primo livello;false;false;;false
CHIAMAROMA 060606;2026;30/03/2026;Risolto al primo livello;false;false;;false
CHIAMAROMA 060606;2026;30/03/2026;Risolto al primo livello;false;false;;false
CHIAMAROMA 060606;2026;30/03/2026;Risolto al primo livello;false;false;;false
CHIAMAROMA 060606;2026;30/03/2026;Risolto al primo livello;false;false;;false
CHIAMAROMA 060606;2026;30/03/2026;Risolto al secondo livello;false;false;;false
CHIAMAROMA 060606;2026;30/03/2026;In carico a ente esterno;false;true;POLIZIA LOCALE DI ROMA CAPITALE;true
CHIAMAROMA 060606;2026;30/03/2026;In carico a ente esterno;false;true;POLIZIA LOCALE DI ROMA CAPITALE;true
CHIAMAROMA 060606;2026;30/03/2026;Risolto al secondo livello;false;false;;false
CHIAMAROMA 060606;2026;30/03/2026;Risolto al primo livello;false;false;;true
CHIAMAROMA 060606;2026;30/03/2026;In carico a ente esterno;false;true;POLIZIA LOCALE DI ROMA CAPITALE;true
CHIAMAROMA 060606;2026;30/03/2026;Risolto al primo livello;false;false;;false
MUNICIPIO IX;2026;30/03/2026;Risolto al primo livello;false;false;;false
DIPARTIMENTO INFRASTRUTTURE E LAVORI PUBBLICI;2026;30/03/2026;Risolto al secondo livello;false;false;;false
CHIAMAROMA 060606;2026;30/03/2026;In carico a ente esterno;false;true;POLIZIA LOCALE DI ROMA CAPITALE;true
CHIAMAROMA 060606;2026;30/03/2026;Risolto da Ente Esterno;false;true;AMA;false
CHIAMAROMA 060606;2026;30/03/2026;Risolto da Ente Esterno;false;true;AMA;false
CHIAMAROMA 060606;2026;30/03/2026;Risolto da Ente Esterno;false;true;AMA;false
DIPARTIMENTO TUTELA AMBIENTALE;2026;30/03/2026;Risolto da Ente Esterno;false;true;AMA;false
CHIAMAROMA 060606;2026;30/03/2026;Risolto da Ente Esterno;false;true;AMA;false
AMA;2026;30/03/2026;Risolto da Ente Esterno;false;true;AMA;false
AMA;2026;30/03/2026;Risolto da Ente Esterno;false;true;AMA;false
CHIAMAROMA 060606;2026;30/03/2026;Risolto da Ente Esterno;false;true;AMA;false
CHIAMAROMA 060606;2026;30/03/2026;Risolto da Ente Esterno;false;true;AMA;false
CHIAMAROMA 060606;2026;30/03/2026;Risolto da Ente Esterno;false;true;AMA;false
AMA;2026;30/03/2026;Risolto da Ente Esterno;false;true;AMA;false
AMA;2026;30/03/2026;Risolto da Ente Esterno;false;true;AMA;false
CHIAMAROMA 060606;2026;30/03/2026;Risolto da Ente Esterno;false;true;AMA;false
CHIAMAROMA 060606;2026;30/03/2026;Risolto da Ente Esterno;false;true;AMA;false
CHIAMAROMA 060606;2026;30/03/2026;Risolto da Ente Esterno;false;true;AMA;false
CHIAMAROMA 060606;2026;30/03/2026;Risolto da Ente Esterno;false;true;AMA;false
CHIAMAROMA 060606;2026;30/03/2026;Risolto da Ente Esterno;false;true;AMA;false
CHIAMAROMA 060606;2026;30/03/2026;Risolto da Ente Esterno;false;true;AMA;false
CHIAMAROMA 060606;2026;30/03/2026;Risolto da Ente Esterno;false;true;AMA;false
CHIAMAROMA 060606;2026;30/03/2026;Risolto da Ente Esterno;false;true;AMA;false
CHIAMAROMA 060606;2026;30/03/2026;Risolto da Ente Esterno;false;true;AMA;false
CHIAMAROMA 060606;2026;30/03/2026;Risolto da Ente Esterno;false;true;AMA;false
CHIAMAROMA 060606;2026;30/03/2026;Risolto da Ente Esterno;false;true;AMA;false
CHIAMAROMA 060606;2026;30/03/2026;Risolto da Ente Esterno;false;true;AMA;false
DIPARTIMENTO GRANDI EVENTI, SPORT, TURISMO E MODA;2026;30/03/2026;Risolto al secondo livello;false;false;;false
CHIAMAROMA 060606;2026;30/03/2026;In carico a ente esterno;false;true;POLIZIA LOCALE DI ROMA CAPITALE;true
CHIAMAROMA 060606;2026;30/03/2026;In carico a ente esterno;false;true;POLIZIA LOCALE DI ROMA CAPITALE;true
CHIAMAROMA 060606;2026;30/03/2026;In carico a ente esterno;false;true;POLIZIA LOCALE DI ROMA CAPITALE;true
CHIAMAROMA 060606;2026;30/03/2026;Risolto al primo livello;false;false;;false
MUNICIPIO VII;2026;30/03/2026;Risolto al primo livello;false;false;;false
CHIAMAROMA 060606;2026;30/03/2026;Risolto al primo livello;false;false;;false
MUNICIPIO VII;2026;30/03/2026;Risolto al primo livello;false;false;;false
CHIAMAROMA 060606;2026;30/03/2026;Non lavorabile o dati insufficienti;false;true;AEQUAROMA;false
CHIAMAROMA 060606;2026;30/03/2026;Risolto al primo livello;false;false;;false
CHIAMAROMA 060606;2026;30/03/2026;In carico a ente esterno;false;true;POLIZIA LOCALE DI ROMA CAPITALE;true
CHIAMAROMA 060606;2026;30/03/2026;In carico a ente esterno;false;true;POLIZIA LOCALE DI ROMA CAPITALE;true
CHIAMAROMA 060606;2026;30/03/2026;Risolto al primo livello;false;false;;false
CHIAMAROMA 060606;2026;30/03/2026;Risolto al primo livello;false;false;;false
DIPARTIMENTO TUTELA AMBIENTALE;2026;30/03/2026;Risolto al secondo livello;false;false;;false
CHIAMAROMA 060606;2026;30/03/2026;In carico a ente esterno;false;true;POLIZIA LOCALE DI ROMA CAPITALE;true
CHIAMAROMA 060606;2026;30/03/2026;In carico a ente esterno;false;true;POLIZIA LOCALE DI ROMA CAPITALE;true
CHIAMAROMA 060606;2026;30/03/2026;Risolto al secondo livello;false;false;;false
CHIAMAROMA 060606;2026;30/03/2026;In carico a ente esterno;false;true;POLIZIA LOCALE DI ROMA CAPITALE;true
CHIAMAROMA 060606;2026;30/03/2026;Risolto al secondo livello;false;false;;false
CHIAMAROMA 060606;2026;30/03/2026;In carico a ente esterno;false;true;POLIZIA LOCALE DI ROMA CAPITALE;true
MUNICIPIO IX;2026;30/03/2026;Non più necessario;false;false;;false
CHIAMAROMA 060606;2026;30/03/2026;Risolto al secondo livello;false;false;;false
CHIAMAROMA 060606;2026;30/03/2026;In carico a ente esterno;false;true;POLIZIA LOCALE DI ROMA CAPITALE;true
CHIAMAROMA 060606;2026;30/03/2026;Risolto al secondo livello;false;false;;false
MUNICIPIO IX;2026;30/03/2026;Non più necessario;false;false;;false
CHIAMAROMA 060606;2026;30/03/2026;In carico a ente esterno;false;true;POLIZIA LOCALE DI ROMA CAPITALE;true
DIPARTIMENTO TUTELA AMBIENTALE;2026;30/03/2026;Risolto al secondo livello;false;false;;false
DIPARTIMENTO SVILUPPO ECONOMICO E ATTIVITA’ PRODUTTIVE;2026;30/03/2026;Risolto al secondo livello;false;false;;false
CHIAMAROMA 060606;2026;30/03/2026;Non più necessario;false;false;;false
CHIAMAROMA 060606;2026;30/03/2026;Risolto al secondo livello;false;false;;false
MUNICIPIO VII;2026;30/03/2026;Risolto al secondo livello;false;false;;false
MUNICIPIO VII;2026;30/03/2026;Risolto al secondo livello;false;false;;false
CHIAMAROMA 060606;2026;30/03/2026;Risolto al secondo livello;false;false;;false
CHIAMAROMA 060606;2026;30/03/2026;Risolto al secondo livello;false;false;;false
GABINETTO DEL SINDACO;2026;30/03/2026;Risolto al primo livello;false;false;;false
GABINETTO DEL SINDACO;2026;30/03/2026;Risolto al primo livello;false;false;;false
CHIAMAROMA 060606;2026;30/03/2026;In carico a ente esterno;false;true;POLIZIA LOCALE DI ROMA CAPITALE;true
CHIAMAROMA 060606;2026;30/03/2026;Risolto al secondo livello;false;false;;false
CHIAMAROMA 060606;2026;30/03/2026;Risolto al secondo livello;false;false;;false
CHIAMAROMA 060606;2026;30/03/2026;Risolto al secondo livello;false;false;;false
DIPARTIMENTO TUTELA AMBIENTALE;2026;30/03/2026;Risolto al secondo livello;false;false;;false
CHIAMAROMA 060606;2026;30/03/2026;Risolto al secondo livello;false;false;;false
CHIAMAROMA 060606;2026;30/03/2026;Risolto al secondo livello;false;false;;false
GABINETTO DEL SINDACO;2026;30/03/2026;Risolto al primo livello;false;false;;false
CHIAMAROMA 060606;2026;30/03/2026;In carico a ente esterno;false;true;POLIZIA LOCALE DI ROMA CAPITALE;true
GABINETTO DEL SINDACO;2026;30/03/2026;Risolto al primo livello;false;false;;false
GABINETTO DEL SINDACO;2026;30/03/2026;Risolto al primo livello;false;false;;false
CHIAMAROMA 060606;2026;30/03/2026;Mancata risposta del cittadino;false;false;;false
CHIAMAROMA 060606;2026;30/03/2026;In carico a ente esterno;false;true;POLIZIA LOCALE DI ROMA CAPITALE;true
CHIAMAROMA 060606;2026;30/03/2026;In carico a ente esterno;false;true;POLIZIA LOCALE DI ROMA CAPITALE;true
CHIAMAROMA 060606;2026;30/03/2026;In carico a ente esterno;false;true;POLIZIA LOCALE DI ROMA CAPITALE;true
CHIAMAROMA 060606;2026;30/03/2026;Non più necessario;false;false;;false
BACK OFFICE ROMA CAPITALE;2026;30/03/2026;In carico a ente esterno;false;true;POLIZIA LOCALE DI ROMA CAPITALE;false
CHIAMAROMA 060606;2026;30/03/2026;Risolto al secondo livello;false;false;;false
CHIAMAROMA 060606;2026;30/03/2026;Risolto al secondo livello;false;false;;false
BACK OFFICE ROMA CAPITALE;2026;30/03/2026;In carico a ente esterno;false;true;POLIZIA LOCALE DI ROMA CAPITALE;false
BACK OFFICE ROMA CAPITALE;2026;30/03/2026;In carico a ente esterno;false;true;POLIZIA LOCALE DI ROMA CAPITALE;false
CHIAMAROMA 060606;2026;30/03/2026;In carico a ente esterno;false;true;POLIZIA LOCALE DI ROMA CAPITALE;true
BACK OFFICE ROMA CAPITALE;2026;30/03/2026;In carico a ente esterno;false;true;POLIZIA LOCALE DI ROMA CAPITALE;false
BACK OFFICE ROMA CAPITALE;2026;30/03/2026;In carico a ente esterno;false;true;POLIZIA LOCALE DI ROMA CAPITALE;false
BACK OFFICE ROMA CAPITALE;2026;30/03/2026;In carico a ente esterno;false;true;POLIZIA LOCALE DI ROMA CAPITALE;false
DIPARTIMENTO TUTELA AMBIENTALE;2026;30/03/2026;Risolto al secondo livello;false;false;;false
CHIAMAROMA 060606;2026;30/03/2026;In carico a ente esterno;false;true;POLIZIA LOCALE DI ROMA CAPITALE;true
CHIAMAROMA 060606;2026;30/03/2026;Risolto al secondo livello;false;false;;false
DIPARTIMENTO TUTELA AMBIENTALE;2026;30/03/2026;Risolto al secondo livello;false;false;;false
CHIAMAROMA 060606;2026;30/03/2026;Risolto al secondo livello;false;false;;false
DIPARTIMENTO TUTELA AMBIENTALE;2026;30/03/2026;Risolto al secondo livello;false;false;;false
CHIAMAROMA 060606;2026;30/03/2026;In carico a ente esterno;false;true;POLIZIA LOCALE DI ROMA CAPITALE;true
CHIAMAROMA 060606;2026;30/03/2026;In carico a ente esterno;false;true;POLIZIA LOCALE DI ROMA CAPITALE;true
CHIAMAROMA 060606;2026;30/03/2026;Risolto da Ente Esterno;false;true;AMA;false
CHIAMAROMA 060606;2026;30/03/2026;Risolto da Ente Esterno;false;true;AMA;false
CHIAMAROMA 060606;2026;30/03/2026;Risolto da Ente Esterno;false;true;AMA;false
CHIAMAROMA 060606;2026;30/03/2026;Risolto da Ente Esterno;false;true;AMA;false
CHIAMAROMA 060606;2026;30/03/2026;Risolto da Ente Esterno;false;true;AMA;false
CHIAMAROMA 060606;2026;30/03/2026;Risolto da Ente Esterno;false;true;AMA;false
CHIAMAROMA 060606;2026;30/03/2026;Risolto da Ente Esterno;false;true;AMA;false
CHIAMAROMA 060606;2026;30/03/2026;Risolto da Ente Esterno;false;true;AMA;false
CHIAMAROMA 060606;2026;30/03/2026;Risolto da Ente Esterno;false;true;AMA;false
CHIAMAROMA 060606;2026;30/03/2026;Risolto da Ente Esterno;false;true;AMA;false
MUNICIPIO II;2026;30/03/2026;Risolto da Ente Esterno;false;true;AMA;false
CHIAMAROMA 060606;2026;30/03/2026;Risolto da Ente Esterno;false;true;AMA;false
MUNICIPIO II;2026;30/03/2026;Risolto da Ente Esterno;false;true;AMA;false
MUNICIPIO II;2026;30/03/2026;Risolto da Ente Esterno;false;true;AMA;false
CHIAMAROMA 060606;2026;30/03/2026;Risolto da Ente Esterno;false;true;AMA;false
CHIAMAROMA 060606;2026;30/03/2026;Risolto da Ente Esterno;false;true;AMA;false
CHIAMAROMA 060606;2026;30/03/2026;Risolto da Ente Esterno;false;true;AMA;false
CHIAMAROMA 060606;2026;30/03/2026;Risolto da Ente Esterno;false;true;AMA;false
CHIAMAROMA 060606;2026;30/03/2026;Risolto da Ente Esterno;false;true;AMA;false
CHIAMAROMA 060606;2026;30/03/2026;Risolto da Ente Esterno;false;true;AMA;false
CHIAMAROMA 060606;2026;30/03/2026;Risolto da Ente Esterno;false;true;AMA;false
CHIAMAROMA 060606;2026;30/03/2026;In carico a ente esterno;false;true;POLIZIA LOCALE DI ROMA CAPITALE;true
CHIAMAROMA 060606;2026;30/03/2026;In carico a ente esterno;false;true;POLIZIA LOCALE DI ROMA CAPITALE;true
CHIAMAROMA 060606;2026;30/03/2026;Risolto al primo livello;false;false;;true
CHIAMAROMA 060606;2026;30/03/2026;In carico a ente esterno;false;true;POLIZIA LOCALE DI ROMA CAPITALE;true
CHIAMAROMA 060606;2026;30/03/2026;In carico a ente esterno;false;true;POLIZIA LOCALE DI ROMA CAPITALE;true
CHIAMAROMA 060606;2026;30/03/2026;In carico a ente esterno;false;true;POLIZIA LOCALE DI ROMA CAPITALE;true
CHIAMAROMA 060606;2026;30/03/2026;In carico a ente esterno;false;true;POLIZIA LOCALE DI ROMA CAPITALE;true
CHIAMAROMA 060606;2026;30/03/2026;In carico a ente esterno;false;true;POLIZIA LOCALE DI ROMA CAPITALE;true
CHIAMAROMA 060606;2026;30/03/2026;In carico a ente esterno;false;true;POLIZIA LOCALE DI ROMA CAPITALE;true
CHIAMAROMA 060606;2026;30/03/2026;In carico a ente esterno;false;true;POLIZIA LOCALE DI ROMA CAPITALE;true
CHIAMAROMA 060606;2026;30/03/2026;In carico a ente esterno;false;true;POLIZIA LOCALE DI ROMA CAPITALE;true
CHIAMAROMA 060606;2026;30/03/2026;In carico a ente esterno;false;true;POLIZIA LOCALE DI ROMA CAPITALE;true
CHIAMAROMA 060606;2026;30/03/2026;In carico a ente esterno;false;true;POLIZIA LOCALE DI ROMA CAPITALE;true
CHIAMAROMA 060606;2026;30/03/2026;Trasferito telefonicamente a call center esterno o per pronto intervento;false;false;;true
CHIAMAROMA 060606;2026;30/03/2026;In carico a ente esterno;false;true;POLIZIA LOCALE DI ROMA CAPITALE;true
CHIAMAROMA 060606;2026;30/03/2026;Risolto da Ente Esterno;false;true;AMA;false
CHIAMAROMA 060606;2026;30/03/2026;Risolto da Ente Esterno;false;true;AMA;false
CHIAMAROMA 060606;2026;30/03/2026;In carico a ente esterno;false;true;POLIZIA LOCALE DI ROMA CAPITALE;true
CHIAMAROMA 060606;2026;30/03/2026;In carico a ente esterno;false;true;POLIZIA LOCALE DI ROMA CAPITALE;true
CHIAMAROMA 060606;2026;30/03/2026;Risolto da Ente Esterno;false;true;AMA;false
CHIAMAROMA 060606;2026;30/03/2026;Risolto da Ente Esterno;false;true;AMA;false
CHIAMAROMA 060606;2026;30/03/2026;Risolto da Ente Esterno;false;true;AMA;false
CHIAMAROMA 060606;2026;30/03/2026;In carico a ente esterno;false;true;POLIZIA LOCALE DI ROMA CAPITALE;true
CHIAMAROMA 060606;2026;31/03/2026;Risolto da Ente Esterno;false;true;AMA;false
CHIAMAROMA 060606;2026;31/03/2026;Risolto da Ente Esterno;false;true;AMA;false
CHIAMAROMA 060606;2026;31/03/2026;Risolto da Ente Esterno;false;true;AMA;false
CHIAMAROMA 060606;2026;31/03/2026;Risolto da Ente Esterno;false;true;AMA;false
CHIAMAROMA 060606;2026;31/03/2026;Risolto da Ente Esterno;false;true;AMA;false
POLIZIA LOCALE (10° Gruppo MARE);2026;31/03/2026;Risolto da Ente Esterno;false;true;AMA;false
CHIAMAROMA 060606;2026;31/03/2026;Risolto da Ente Esterno;false;true;AMA;false
CHIAMAROMA 060606;2026;31/03/2026;Risolto da Ente Esterno;false;true;AMA;false
CHIAMAROMA 060606;2026;31/03/2026;Risolto da Ente Esterno;false;true;AMA;false
CHIAMAROMA 060606;2026;31/03/2026;Risolto da Ente Esterno;false;true;AMA;false
AMA;2026;31/03/2026;Risolto da Ente Esterno;false;true;AMA;false
CHIAMAROMA 060606;2026;31/03/2026;Risolto da Ente Esterno;false;true;AMA;false
CHIAMAROMA 060606;2026;31/03/2026;Risolto da Ente Esterno;false;true;AMA;false
CHIAMAROMA 060606;2026;31/03/2026;Risolto da Ente Esterno;false;true;AMA;false
CHIAMAROMA 060606;2026;31/03/2026;Risolto da Ente Esterno;false;true;AMA;false
CHIAMAROMA 060606;2026;31/03/2026;Risolto da Ente Esterno;false;true;AMA;false
CHIAMAROMA 060606;2026;31/03/2026;Risolto da Ente Esterno;false;true;AMA;false
AMA;2026;31/03/2026;Risolto da Ente Esterno;false;true;AMA;false
CHIAMAROMA 060606;2026;31/03/2026;Risolto da Ente Esterno;false;true;AMA;false
CHIAMAROMA 060606;2026;31/03/2026;Risolto da Ente Esterno;false;true;AMA;false
CHIAMAROMA 060606;2026;31/03/2026;Risolto da Ente Esterno;false;true;AMA;false
CHIAMAROMA 060606;2026;31/03/2026;Risolto da Ente Esterno;false;true;AMA;false
CHIAMAROMA 060606;2026;31/03/2026;Risolto da Ente Esterno;false;true;AMA;false
CHIAMAROMA 060606;2026;31/03/2026;Risolto da Ente Esterno;false;true;AMA;false
CHIAMAROMA 060606;2026;31/03/2026;Risolto da Ente Esterno;false;true;AMA;false
CHIAMAROMA 060606;2026;31/03/2026;Risolto da Ente Esterno;false;true;AMA;false
CHIAMAROMA 060606;2026;31/03/2026;Risolto da Ente Esterno;false;true;AMA;false
CHIAMAROMA 060606;2026;31/03/2026;Risolto da Ente Esterno;false;true;AMA;false
CHIAMAROMA 060606;2026;31/03/2026;Risolto da Ente Esterno;false;true;AMA;false
AMA;2026;31/03/2026;Risolto da Ente Esterno;false;true;AMA;false
CHIAMAROMA 060606;2026;31/03/2026;Risolto da Ente Esterno;false;true;AMA;false
CHIAMAROMA 060606;2026;31/03/2026;Risolto da Ente Esterno;false;true;AMA;false
CHIAMAROMA 060606;2026;31/03/2026;Risolto da Ente Esterno;false;true;AMA;false
AMA;2026;31/03/2026;Risolto da Ente Esterno;false;true;AMA;false
AMA;2026;31/03/2026;Risolto da Ente Esterno;false;true;AMA;false
CHIAMAROMA 060606;2026;31/03/2026;Risolto da Ente Esterno;false;true;AMA;false
AEQUAROMA;2026;31/03/2026;Risolto da Ente Esterno;false;true;AMA;false
DIPARTIMENTO TUTELA AMBIENTALE;2026;31/03/2026;Risolto da Ente Esterno;false;true;AMA;false
CHIAMAROMA 060606;2026;31/03/2026;Risolto da Ente Esterno;false;true;AMA;false
CHIAMAROMA 060606;2026;31/03/2026;Risolto da Ente Esterno;false;true;AMA;false
BACK OFFICE ROMA CAPITALE;2026;31/03/2026;Risolto da Ente Esterno;false;true;AMA;false
CHIAMAROMA 060606;2026;31/03/2026;Risolto da Ente Esterno;false;true;AMA;false
CHIAMAROMA 060606;2026;31/03/2026;Risolto da Ente Esterno;false;true;AMA;false
CHIAMAROMA 060606;2026;31/03/2026;Risolto da Ente Esterno;false;true;AMA;false
CHIAMAROMA 060606;2026;31/03/2026;Risolto da Ente Esterno;false;true;AMA;false
CHIAMAROMA 060606;2026;31/03/2026;Risolto da Ente Esterno;false;true;AMA;false
CHIAMAROMA 060606;2026;31/03/2026;Risolto da Ente Esterno;false;true;AMA;false
CHIAMAROMA 060606;2026;31/03/2026;Risolto da Ente Esterno;false;true;AMA;false
CHIAMAROMA 060606;2026;31/03/2026;Risolto da Ente Esterno;false;true;AMA;false
POLIZIA LOCALE DI ROMA CAPITALE;2026;31/03/2026;In carico a ente esterno;false;true;POLIZIA LOCALE DI ROMA CAPITALE;false
CHIAMAROMA 060606;2026;31/03/2026;In carico a ente esterno;false;true;POLIZIA LOCALE DI ROMA CAPITALE;true
CHIAMAROMA 060606;2026;31/03/2026;In carico a ente esterno;false;true;POLIZIA LOCALE DI ROMA CAPITALE;true
CHIAMAROMA 060606;2026;31/03/2026;In carico a ente esterno;false;true;POLIZIA LOCALE DI ROMA CAPITALE;true
CHIAMAROMA 060606;2026;31/03/2026;Risolto da Ente Esterno;false;true;AMA;false
CHIAMAROMA 060606;2026;31/03/2026;Risolto da Ente Esterno;false;true;AMA;false
CHIAMAROMA 060606;2026;31/03/2026;Risolto da Ente Esterno;false;true;AMA;false
CHIAMAROMA 060606;2026;31/03/2026;Risolto da Ente Esterno;false;true;AMA;false
CHIAMAROMA 060606;2026;31/03/2026;Risolto da Ente Esterno;false;true;AMA;false
CHIAMAROMA 060606;2026;31/03/2026;Risolto da Ente Esterno;false;true;AMA;false
CHIAMAROMA 060606;2026;31/03/2026;Risolto da Ente Esterno;false;true;AMA;false
CHIAMAROMA 060606;2026;31/03/2026;Risolto da Ente Esterno;false;true;AMA;false
CHIAMAROMA 060606;2026;31/03/2026;Risolto da Ente Esterno;false;true;AMA;false
CHIAMAROMA 060606;2026;31/03/2026;Risolto da Ente Esterno;false;true;AMA;false
CHIAMAROMA 060606;2026;31/03/2026;Risolto da Ente Esterno;false;true;AMA;false
CHIAMAROMA 060606;2026;31/03/2026;In carico a ente esterno;false;true;POLIZIA LOCALE DI ROMA CAPITALE;true
CHIAMAROMA 060606;2026;31/03/2026;In carico a ente esterno;false;true;POLIZIA LOCALE DI ROMA CAPITALE;true
CHIAMAROMA 060606;2026;31/03/2026;In carico a ente esterno;false;true;POLIZIA LOCALE DI ROMA CAPITALE;true
CHIAMAROMA 060606;2026;31/03/2026;In carico a ente esterno;false;true;POLIZIA LOCALE DI ROMA CAPITALE;true
CHIAMAROMA 060606;2026;31/03/2026;Risolto al secondo livello;false;true;AMA;false
CHIAMAROMA 060606;2026;31/03/2026;In carico a ente esterno;false;true;POLIZIA LOCALE DI ROMA CAPITALE;true
;2026;31/03/2026;In carico a ente esterno;false;true;POLIZIA LOCALE DI ROMA CAPITALE;false
CHIAMAROMA 060606;2026;31/03/2026;Risolto al secondo livello;false;false;;false
POLIZIA LOCALE DI ROMA CAPITALE;2026;31/03/2026;In carico a ente esterno;false;true;POLIZIA LOCALE DI ROMA CAPITALE;false
CHIAMAROMA 060606;2026;31/03/2026;In carico a ente esterno;false;true;POLIZIA LOCALE DI ROMA CAPITALE;true
CHIAMAROMA 060606;2026;31/03/2026;Risolto al secondo livello;false;false;;false
CHIAMAROMA 060606;2026;31/03/2026;Risolto al secondo livello;false;true;AMA;false
DIPARTIMENTO VALORIZZAZIONE DEL PATRIMONIO E POLITICHE ABITATIVE;2026;31/03/2026;In carico a ente esterno;false;true;POLIZIA LOCALE DI ROMA CAPITALE;false
CHIAMAROMA 060606;2026;31/03/2026;Non lavorabile o dati insufficienti;false;false;;false
CHIAMAROMA 060606;2026;31/03/2026;Risolto al secondo livello;false;true;TPL (BIS);false
CHIAMAROMA 060606;2026;31/03/2026;Risolto al secondo livello;false;true;TPL (BIS);false
ROMA SERVIZI PER LA MOBILITA’;2026;31/03/2026;Risolto al secondo livello;false;true;ROMA SERVIZI PER LA MOBILITA’;false
ROMA SERVIZI PER LA MOBILITA’;2026;31/03/2026;Risolto al secondo livello;false;true;ROMA SERVIZI PER LA MOBILITA’;false
CHIAMAROMA 060606;2026;31/03/2026;In carico a ente esterno;false;true;POLIZIA LOCALE DI ROMA CAPITALE;true
ROMA SERVIZI PER LA MOBILITA’;2026;31/03/2026;Risolto al secondo livello;false;true;ROMA SERVIZI PER LA MOBILITA’;false
CHIAMAROMA 060606;2026;31/03/2026;Risolto al secondo livello;false;false;;false
CHIAMAROMA 060606;2026;31/03/2026;Risolto al secondo livello;false;true;RISORSE PER ROMA;false
MUNICIPIO XIV;2026;31/03/2026;Risolto al secondo livello;false;true;RISORSE PER ROMA;false
CHIAMAROMA 060606;2026;31/03/2026;Risolto al secondo livello;false;true;RISORSE PER ROMA;false
POLIZIA LOCALE DI ROMA CAPITALE;2026;31/03/2026;In carico a ente esterno;false;true;POLIZIA LOCALE DI ROMA CAPITALE;false
POLIZIA LOCALE DI ROMA CAPITALE;2026;31/03/2026;In carico a ente esterno;false;true;POLIZIA LOCALE DI ROMA CAPITALE;false
POLIZIA LOCALE DI ROMA CAPITALE;2026;31/03/2026;In carico a ente esterno;false;true;POLIZIA LOCALE DI ROMA CAPITALE;false
POLIZIA LOCALE DI ROMA CAPITALE;2026;31/03/2026;In carico a ente esterno;false;true;POLIZIA LOCALE DI ROMA CAPITALE;false
POLIZIA LOCALE DI ROMA CAPITALE;2026;31/03/2026;In carico a ente esterno;false;true;POLIZIA LOCALE DI ROMA CAPITALE;false
CHIAMAROMA 060606;2026;31/03/2026;In carico a ente esterno;false;true;POLIZIA LOCALE DI ROMA CAPITALE;true
CHIAMAROMA 060606;2026;31/03/2026;Risolto al secondo livello;false;true;ATAC;false
CHIAMAROMA 060606;2026;31/03/2026;Risolto al secondo livello;false;true;ATAC;false
CHIAMAROMA 060606;2026;31/03/2026;In carico a ente esterno;false;true;POLIZIA LOCALE DI ROMA CAPITALE;true
CHIAMAROMA 060606;2026;31/03/2026;Risolto al secondo livello;false;true;ATAC;false
CHIAMAROMA 060606;2026;31/03/2026;Risolto al secondo livello;false;true;ATAC;false
CHIAMAROMA 060606;2026;31/03/2026;Risolto al secondo livello;false;true;ATAC;false
CHIAMAROMA 060606;2026;31/03/2026;Non lavorabile o dati insufficienti;false;false;;false
CHIAMAROMA 060606;2026;31/03/2026;Risolto al secondo livello;false;true;ATAC;false
CHIAMAROMA 060606;2026;31/03/2026;Risolto al secondo livello;false;true;ATAC;false
CHIAMAROMA 060606;2026;31/03/2026;Risolto al secondo livello;false;true;ATAC;false
CHIAMAROMA 060606;2026;31/03/2026;Risolto al secondo livello;false;false;;false
CHIAMAROMA 060606;2026;31/03/2026;Non più necessario;false;false;;false
;2026;31/03/2026;Risolto al secondo livello;false;true;ACEA;false
CHIAMAROMA 060606;2026;31/03/2026;Risolto al secondo livello;false;true;ACEA;false
CHIAMAROMA 060606;2026;31/03/2026;Risolto al secondo livello;false;true;ACEA;false
CHIAMAROMA 060606;2026;31/03/2026;Risolto al secondo livello;false;false;;false
DIPARTIMENTO ATTUAZIONE URBANISTICA;2026;31/03/2026;Mancata risposta del cittadino;false;false;;false
CHIAMAROMA 060606;2026;31/03/2026;Risolto al secondo livello;false;true;ACEA;false
CHIAMAROMA 060606;2026;31/03/2026;Risolto al secondo livello;false;true;ACEA;false
MUNICIPIO II;2026;31/03/2026;Non più necessario;false;false;;false
MUNICIPIO I;2026;31/03/2026;Risolto al secondo livello;false;true;ACEA;false
MUNICIPIO I;2026;31/03/2026;Risolto al secondo livello;false;true;ACEA;false
MUNICIPIO V;2026;31/03/2026;Risolto al secondo livello;false;true;ACEA;false
;2026;31/03/2026;Risolto al secondo livello;false;true;ACEA;false
DIPARTIMENTO ATTUAZIONE URBANISTICA;2026;31/03/2026;Mancata risposta del cittadino;false;false;;false
CHIAMAROMA 060606;2026;31/03/2026;In carico a ente esterno;false;true;POLIZIA LOCALE DI ROMA CAPITALE;true
CHIAMAROMA 060606;2026;31/03/2026;In carico a ente esterno;false;true;POLIZIA LOCALE DI ROMA CAPITALE;true
DIPARTIMENTO ATTUAZIONE URBANISTICA;2026;31/03/2026;Mancata risposta del cittadino;false;false;;false
BACK OFFICE ROMA CAPITALE;2026;31/03/2026;In carico a ente esterno;false;true;POLIZIA LOCALE DI ROMA CAPITALE;false
BACK OFFICE ROMA CAPITALE;2026;31/03/2026;In carico a ente esterno;false;true;POLIZIA LOCALE DI ROMA CAPITALE;false
CHIAMAROMA 060606;2026;31/03/2026;In carico a ente esterno;false;true;POLIZIA LOCALE DI ROMA CAPITALE;true
CHIAMAROMA 060606;2026;31/03/2026;Risolto da Ente Esterno;false;true;AMA;false
CHIAMAROMA 060606;2026;31/03/2026;Risolto da Ente Esterno;false;true;AMA;false
MUNICIPIO VII;2026;31/03/2026;Risolto da Ente Esterno;false;true;AMA;false
CHIAMAROMA 060606;2026;31/03/2026;Risolto da Ente Esterno;false;true;AMA;false
CHIAMAROMA 060606;2026;31/03/2026;Risolto da Ente Esterno;false;true;AMA;false
MUNICIPIO VII;2026;31/03/2026;Risolto da Ente Esterno;false;true;AMA;false
CHIAMAROMA 060606;2026;31/03/2026;Risolto da Ente Esterno;false;true;AMA;false
CHIAMAROMA 060606;2026;31/03/2026;Risolto da Ente Esterno;false;true;AMA;false
MUNICIPIO I;2026;31/03/2026;Risolto da Ente Esterno;false;true;AMA;false
CHIAMAROMA 060606;2026;31/03/2026;Risolto da Ente Esterno;false;true;AMA;false
CHIAMAROMA 060606;2026;31/03/2026;Risolto da Ente Esterno;false;true;AMA;false
CHIAMAROMA 060606;2026;31/03/2026;Risolto da Ente Esterno;false;true;AMA;false
CHIAMAROMA 060606;2026;31/03/2026;Risolto da Ente Esterno;false;true;AMA;false
CHIAMAROMA 060606;2026;31/03/2026;Risolto da Ente Esterno;false;true;AMA;false
CHIAMAROMA 060606;2026;31/03/2026;Risolto da Ente Esterno;false;true;AMA;false
CHIAMAROMA 060606;2026;31/03/2026;Risolto da Ente Esterno;false;true;AMA;false
CHIAMAROMA 060606;2026;31/03/2026;Risolto da Ente Esterno;false;true;AMA;false
CHIAMAROMA 060606;2026;31/03/2026;Risolto da Ente Esterno;false;true;AMA;false
CHIAMAROMA 060606;2026;31/03/2026;Risolto da Ente Esterno;false;true;AMA;false
CHIAMAROMA 060606;2026;31/03/2026;Risolto da Ente Esterno;false;true;AMA;false
CHIAMAROMA 060606;2026;31/03/2026;Risolto da Ente Esterno;false;true;AMA;false
CHIAMAROMA 060606;2026;31/03/2026;Risolto da Ente Esterno;false;true;AMA;false
CHIAMAROMA 060606;2026;31/03/2026;Risolto da Ente Esterno;false;true;AMA;false
CHIAMAROMA 060606;2026;31/03/2026;Risolto da Ente Esterno;false;true;AMA;false
CHIAMAROMA 060606;2026;31/03/2026;Risolto da Ente Esterno;false;true;AMA;false
CHIAMAROMA 060606;2026;31/03/2026;Risolto da Ente Esterno;false;true;AMA;false
CHIAMAROMA 060606;2026;31/03/2026;Risolto da Ente Esterno;false;true;AMA;false
CHIAMAROMA 060606;2026;31/03/2026;Risolto da Ente Esterno;false;true;AMA;false
CHIAMAROMA 060606;2026;31/03/2026;Risolto da Ente Esterno;false;true;AMA;false
BACK OFFICE ROMA CAPITALE;2026;31/03/2026;In carico a ente esterno;false;true;POLIZIA LOCALE DI ROMA CAPITALE;false
BACK OFFICE ROMA CAPITALE;2026;31/03/2026;In carico a ente esterno;false;true;POLIZIA LOCALE DI ROMA CAPITALE;false
GABINETTO DEL SINDACO;2026;31/03/2026;Risolto al secondo livello;false;false;;false
POLIZIA LOCALE DI ROMA CAPITALE;2026;31/03/2026;In carico a ente esterno;false;true;POLIZIA LOCALE DI ROMA CAPITALE;false
POLIZIA LOCALE DI ROMA CAPITALE;2026;31/03/2026;In carico a ente esterno;false;true;POLIZIA LOCALE DI ROMA CAPITALE;false
POLIZIA LOCALE DI ROMA CAPITALE;2026;31/03/2026;In carico a ente esterno;false;true;POLIZIA LOCALE DI ROMA CAPITALE;false
POLIZIA LOCALE DI ROMA CAPITALE;2026;31/03/2026;In carico a ente esterno;false;true;POLIZIA LOCALE DI ROMA CAPITALE;false
MUNICIPIO III;2026;31/03/2026;Risolto al secondo livello;false;false;;false
DIPARTIMENTO TUTELA AMBIENTALE;2026;31/03/2026;Risolto al secondo livello;false;false;;false
CHIAMAROMA 060606;2026;31/03/2026;In carico a ente esterno;false;true;POLIZIA LOCALE DI ROMA CAPITALE;true
CHIAMAROMA 060606;2026;31/03/2026;Risolto al secondo livello;false;false;;false
CHIAMAROMA 060606;2026;31/03/2026;Risolto al primo livello;false;false;;true
CHIAMAROMA 060606;2026;31/03/2026;Risolto al secondo livello;false;false;;false
CHIAMAROMA 060606;2026;31/03/2026;In carico a ente esterno;false;true;POLIZIA LOCALE DI ROMA CAPITALE;true
MUNICIPIO VII;2026;31/03/2026;Risolto al secondo livello;false;false;;false
CHIAMAROMA 060606;2026;31/03/2026;Risolto al secondo livello;false;false;;false
MUNICIPIO XI;2026;31/03/2026;Risolto al secondo livello;false;false;;false
CHIAMAROMA 060606;2026;31/03/2026;In carico a ente esterno;false;true;POLIZIA LOCALE DI ROMA CAPITALE;true
CHIAMAROMA 060606;2026;31/03/2026;Risolto al secondo livello;false;false;;false
CHIAMAROMA 060606;2026;31/03/2026;Risolto al secondo livello;false;false;;false
CHIAMAROMA 060606;2026;31/03/2026;In carico a ente esterno;false;true;POLIZIA LOCALE DI ROMA CAPITALE;true
CHIAMAROMA 060606;2026;31/03/2026;Non più necessario;false;false;;false
CHIAMAROMA 060606;2026;31/03/2026;In carico a ente esterno;false;true;POLIZIA LOCALE DI ROMA CAPITALE;true
CHIAMAROMA 060606;2026;31/03/2026;Risolto da Ente Esterno;false;true;AEQUAROMA;false
CHIAMAROMA 060606;2026;31/03/2026;In carico a ente esterno;false;true;POLIZIA LOCALE DI ROMA CAPITALE;true
CHIAMAROMA 060606;2026;31/03/2026;Risolto al primo livello;false;false;;false
CHIAMAROMA 060606;2026;31/03/2026;Non più necessario;false;false;;false
CHIAMAROMA 060606;2026;31/03/2026;Risolto al secondo livello;false;false;;false
CHIAMAROMA 060606;2026;31/03/2026;Risolto al secondo livello;false;false;;false
CHIAMAROMA 060606;2026;31/03/2026;Non più necessario;false;false;;false
CHIAMAROMA 060606;2026;31/03/2026;Risolto al primo livello;false;false;;false
CHIAMAROMA 060606;2026;31/03/2026;Risolto al primo livello;false;false;;false
CHIAMAROMA 060606;2026;31/03/2026;Risolto al primo livello;false;false;;false
CHIAMAROMA 060606;2026;31/03/2026;Risolto al primo livello;false;false;;false
CHIAMAROMA 060606;2026;31/03/2026;Risolto al primo livello;false;false;;false
CHIAMAROMA 060606;2026;31/03/2026;Risolto al primo livello;false;false;;false
CHIAMAROMA 060606;2026;31/03/2026;Risolto al primo livello;false;false;;false
CHIAMAROMA 060606;2026;31/03/2026;Risolto al primo livello;false;false;;false
CHIAMAROMA 060606;2026;31/03/2026;Risolto al primo livello;false;false;;false
CHIAMAROMA 060606;2026;31/03/2026;Risolto al primo livello;false;false;;false
CHIAMAROMA 060606;2026;31/03/2026;Risolto al primo livello;false;false;;false
CHIAMAROMA 060606;2026;31/03/2026;Risolto al primo livello;false;false;;false
CHIAMAROMA 060606;2026;31/03/2026;Risolto al secondo livello;false;false;;false
CHIAMAROMA 060606;2026;31/03/2026;Risolto al primo livello;false;false;;false
CHIAMAROMA 060606;2026;31/03/2026;Risolto al primo livello;false;false;;false
CHIAMAROMA 060606;2026;31/03/2026;Risolto al primo livello;false;false;;false
CHIAMAROMA 060606;2026;31/03/2026;Risolto al primo livello;false;false;;false
CHIAMAROMA 060606;2026;31/03/2026;Risolto al primo livello;false;false;;false
CHIAMAROMA 060606;2026;31/03/2026;Risolto al primo livello;false;false;;false
CHIAMAROMA 060606;2026;31/03/2026;Risolto al primo livello;false;false;;false
CHIAMAROMA 060606;2026;31/03/2026;Risolto al primo livello;false;false;;false
CHIAMAROMA 060606;2026;31/03/2026;Risolto al primo livello;false;false;;false
CHIAMAROMA 060606;2026;31/03/2026;Risolto al primo livello;false;false;;false
CHIAMAROMA 060606;2026;31/03/2026;Risolto al primo livello;false;false;;false
CHIAMAROMA 060606;2026;31/03/2026;Risolto al primo livello;false;false;;false
CHIAMAROMA 060606;2026;31/03/2026;Risolto al primo livello;false;false;;false
CHIAMAROMA 060606;2026;31/03/2026;Risolto al primo livello;false;false;;false
CHIAMAROMA 060606;2026;31/03/2026;Risolto al primo livello;false;false;;false
CHIAMAROMA 060606;2026;31/03/2026;Risolto al secondo livello;false;true;AMA;false
CHIAMAROMA 060606;2026;31/03/2026;Risolto al primo livello;false;false;;false
CHIAMAROMA 060606;2026;31/03/2026;Risolto al primo livello;false;false;;false
CHIAMAROMA 060606;2026;31/03/2026;Risolto al primo livello;false;false;;false
CHIAMAROMA 060606;2026;31/03/2026;Risolto al primo livello;false;false;;false
CHIAMAROMA 060606;2026;31/03/2026;Non più necessario;false;false;;false
POLIZIA LOCALE DI ROMA CAPITALE;2026;31/03/2026;In carico a ente esterno;false;true;POLIZIA LOCALE DI ROMA CAPITALE;false
POLIZIA LOCALE DI ROMA CAPITALE;2026;31/03/2026;In carico a ente esterno;false;true;POLIZIA LOCALE DI ROMA CAPITALE;false
POLIZIA LOCALE DI ROMA CAPITALE;2026;31/03/2026;In carico a ente esterno;false;true;POLIZIA LOCALE DI ROMA CAPITALE;false
POLIZIA LOCALE DI ROMA CAPITALE;2026;31/03/2026;In carico a ente esterno;false;true;POLIZIA LOCALE DI ROMA CAPITALE;false
POLIZIA LOCALE DI ROMA CAPITALE;2026;31/03/2026;In carico a ente esterno;false;true;POLIZIA LOCALE DI ROMA CAPITALE;false
CHIAMAROMA 060606;2026;31/03/2026;Risolto al primo livello;false;false;;false
CHIAMAROMA 060606;2026;31/03/2026;In carico a ente esterno;false;true;POLIZIA LOCALE DI ROMA CAPITALE;true
CHIAMAROMA 060606;2026;31/03/2026;Risolto al primo livello;false;false;;false
CHIAMAROMA 060606;2026;31/03/2026;Risolto al secondo livello;false;true;AMA;false
CHIAMAROMA 060606;2026;31/03/2026;Risolto al primo livello;false;false;;false
CHIAMAROMA 060606;2026;31/03/2026;Risolto al secondo livello;false;false;;false
CHIAMAROMA 060606;2026;31/03/2026;In carico a ente esterno;false;true;POLIZIA LOCALE DI ROMA CAPITALE;true
CHIAMAROMA 060606;2026;31/03/2026;In carico a ente esterno;false;true;POLIZIA LOCALE DI ROMA CAPITALE;true
CHIAMAROMA 060606;2026;31/03/2026;In carico a ente esterno;false;true;POLIZIA LOCALE DI ROMA CAPITALE;true
ATAC;2026;31/03/2026;Risolto al secondo livello;false;true;ATAC;false
CHIAMAROMA 060606;2026;31/03/2026;In carico a ente esterno;false;true;POLIZIA LOCALE DI ROMA CAPITALE;true
CHIAMAROMA 060606;2026;31/03/2026;Risolto al secondo livello;false;true;ATAC;false
CHIAMAROMA 060606;2026;31/03/2026;Risolto al secondo livello;false;false;;false
CHIAMAROMA 060606;2026;31/03/2026;In carico a ente esterno;false;true;POLIZIA LOCALE DI ROMA CAPITALE;true
CHIAMAROMA 060606;2026;31/03/2026;Risolto al secondo livello;false;false;;false
GABINETTO DEL SINDACO;2026;31/03/2026;Risolto al secondo livello;false;false;;false
CHIAMAROMA 060606;2026;31/03/2026;Risolto al secondo livello;false;false;;false
CHIAMAROMA 060606;2026;31/03/2026;In carico a ente esterno;false;true;POLIZIA LOCALE DI ROMA CAPITALE;true
CHIAMAROMA 060606;2026;31/03/2026;Risolto al secondo livello;false;false;;false
CHIAMAROMA 060606;2026;31/03/2026;In carico a ente esterno;false;true;POLIZIA LOCALE DI ROMA CAPITALE;true
DIPARTIMENTO TUTELA AMBIENTALE;2026;31/03/2026;Risolto al secondo livello;false;false;;false
DIPARTIMENTO TUTELA AMBIENTALE;2026;31/03/2026;Risolto al secondo livello;false;false;;false
DIPARTIMENTO MONITORAGGIO QUALITA' DEI SERVIZI E COMUNICAZIONE ISTITUZIONALE;2026;31/03/2026;Risolto al secondo livello;false;false;;false
DIPARTIMENTO TUTELA AMBIENTALE;2026;31/03/2026;Risolto al secondo livello;false;false;;false
CHIAMAROMA 060606;2026;31/03/2026;Risolto al secondo livello;false;true;ATAC;false
ATAC;2026;31/03/2026;Risolto al secondo livello;false;true;ATAC;false
CHIAMAROMA 060606;2026;31/03/2026;Risolto al secondo livello;false;true;ATAC;false
CHIAMAROMA 060606;2026;31/03/2026;Risolto al secondo livello;false;true;ATAC;false
CHIAMAROMA 060606;2026;31/03/2026;Risolto al secondo livello;false;true;AMA;false
CHIAMAROMA 060606;2026;31/03/2026;In carico a ente esterno;false;true;POLIZIA LOCALE DI ROMA CAPITALE;true
MUNICIPIO X;2026;31/03/2026;Risolto al secondo livello;false;true;ATAC;false
POLIZIA LOCALE DI ROMA CAPITALE;2026;31/03/2026;In carico a ente esterno;false;true;POLIZIA LOCALE DI ROMA CAPITALE;false
POLIZIA LOCALE DI ROMA CAPITALE;2026;31/03/2026;In carico a ente esterno;false;true;POLIZIA LOCALE DI ROMA CAPITALE;false
POLIZIA LOCALE DI ROMA CAPITALE;2026;31/03/2026;In carico a ente esterno;false;true;POLIZIA LOCALE DI ROMA CAPITALE;false
POLIZIA LOCALE DI ROMA CAPITALE;2026;31/03/2026;In carico a ente esterno;false;true;POLIZIA LOCALE DI ROMA CAPITALE;false
CHIAMAROMA 060606;2026;31/03/2026;Risolto al secondo livello;false;true;ATAC;false
DIPARTIMENTO MOBILITA’ SOSTENIBILE E TRASPORTI;2026;31/03/2026;Risolto al secondo livello;false;false;;false
CHIAMAROMA 060606;2026;31/03/2026;Risolto al secondo livello;false;true;ATAC;false
GABINETTO DEL SINDACO;2026;31/03/2026;Risolto al secondo livello;false;true;ATAC;false
CHIAMAROMA 060606;2026;31/03/2026;Risolto al secondo livello;false;true;ATAC;false
CHIAMAROMA 060606;2026;31/03/2026;Risolto al secondo livello;false;true;ATAC;false
CHIAMAROMA 060606;2026;31/03/2026;Risolto al secondo livello;false;true;ATAC;false
CHIAMAROMA 060606;2026;31/03/2026;Risolto al secondo livello;false;true;ATAC;false
CHIAMAROMA 060606;2026;31/03/2026;In carico a ente esterno;false;true;POLIZIA LOCALE DI ROMA CAPITALE;true
CHIAMAROMA 060606;2026;31/03/2026;Risolto al secondo livello;false;true;ATAC;false
CHIAMAROMA 060606;2026;31/03/2026;In carico a ente esterno;false;true;POLIZIA LOCALE DI ROMA CAPITALE;true
RAGIONERIA GENERALE;2026;31/03/2026;Risolto al secondo livello;false;false;;false
CHIAMAROMA 060606;2026;31/03/2026;In carico a ente esterno;false;true;POLIZIA LOCALE DI ROMA CAPITALE;true
CHIAMAROMA 060606;2026;31/03/2026;In carico a ente esterno;false;true;POLIZIA LOCALE DI ROMA CAPITALE;true
CHIAMAROMA 060606;2026;31/03/2026;In carico a ente esterno;false;true;POLIZIA LOCALE DI ROMA CAPITALE;true
CHIAMAROMA 060606;2026;31/03/2026;In carico a ente esterno;false;true;POLIZIA LOCALE DI ROMA CAPITALE;true
CHIAMAROMA 060606;2026;31/03/2026;In carico a ente esterno;false;true;POLIZIA LOCALE DI ROMA CAPITALE;true
CHIAMAROMA 060606;2026;31/03/2026;Risolto al secondo livello;false;false;;false
CHIAMAROMA 060606;2026;31/03/2026;In carico a ente esterno;false;true;POLIZIA LOCALE DI ROMA CAPITALE;true
POLIZIA LOCALE DI ROMA CAPITALE;2026;31/03/2026;Trasferito telefonicamente a call center esterno o per pronto intervento;false;false;;false
CHIAMAROMA 060606;2026;31/03/2026;In carico a ente esterno;false;true;POLIZIA LOCALE DI ROMA CAPITALE;true
MUNICIPIO IX;2026;31/03/2026;Risolto al secondo livello;false;false;;false
CHIAMAROMA 060606;2026;31/03/2026;Risolto da Ente Esterno;false;true;AMA;false
CHIAMAROMA 060606;2026;31/03/2026;Risolto da Ente Esterno;false;true;AMA;false
CHIAMAROMA 060606;2026;31/03/2026;Risolto da Ente Esterno;false;true;AMA;false
CHIAMAROMA 060606;2026;31/03/2026;Risolto da Ente Esterno;false;true;AMA;false
CHIAMAROMA 060606;2026;31/03/2026;Risolto da Ente Esterno;false;true;AMA;false
CHIAMAROMA 060606;2026;31/03/2026;Risolto da Ente Esterno;false;true;AMA;false
CHIAMAROMA 060606;2026;31/03/2026;Risolto da Ente Esterno;false;true;AMA;false
CHIAMAROMA 060606;2026;31/03/2026;Risolto da Ente Esterno;false;true;AMA;false
CHIAMAROMA 060606;2026;31/03/2026;Risolto da Ente Esterno;false;true;AMA;false
MUNICIPIO I;2026;31/03/2026;Risolto da Ente Esterno;false;true;AMA;false
CHIAMAROMA 060606;2026;31/03/2026;Risolto da Ente Esterno;false;true;AMA;false
CHIAMAROMA 060606;2026;31/03/2026;Risolto da Ente Esterno;false;true;AMA;false
CHIAMAROMA 060606;2026;31/03/2026;Risolto da Ente Esterno;false;true;AMA;false
CHIAMAROMA 060606;2026;31/03/2026;Risolto da Ente Esterno;false;true;AMA;false
CHIAMAROMA 060606;2026;31/03/2026;Risolto da Ente Esterno;false;true;AMA;false
CHIAMAROMA 060606;2026;31/03/2026;Risolto da Ente Esterno;false;true;AMA;false
CHIAMAROMA 060606;2026;31/03/2026;Risolto da Ente Esterno;false;true;AMA;false
CHIAMAROMA 060606;2026;31/03/2026;Risolto da Ente Esterno;false;true;AMA;false
CHIAMAROMA 060606;2026;31/03/2026;Risolto da Ente Esterno;false;true;AMA;false
CHIAMAROMA 060606;2026;31/03/2026;Risolto da Ente Esterno;false;true;AMA;false
CHIAMAROMA 060606;2026;31/03/2026;Risolto da Ente Esterno;false;true;AMA;false
CHIAMAROMA 060606;2026;31/03/2026;Risolto da Ente Esterno;false;true;AMA;false
CHIAMAROMA 060606;2026;31/03/2026;Risolto da Ente Esterno;false;true;AMA;false
CHIAMAROMA 060606;2026;31/03/2026;Risolto da Ente Esterno;false;true;AMA;false
CHIAMAROMA 060606;2026;31/03/2026;Risolto da Ente Esterno;false;true;AMA;false
CHIAMAROMA 060606;2026;31/03/2026;In carico a ente esterno;false;true;POLIZIA LOCALE DI ROMA CAPITALE;true
CHIAMAROMA 060606;2026;31/03/2026;In carico a ente esterno;false;true;POLIZIA LOCALE DI ROMA CAPITALE;true
CHIAMAROMA 060606;2026;31/03/2026;In carico a ente esterno;false;true;POLIZIA LOCALE DI ROMA CAPITALE;true
POLIZIA LOCALE DI ROMA CAPITALE;2026;31/03/2026;In carico a ente esterno;false;true;POLIZIA LOCALE DI ROMA CAPITALE;false
POLIZIA LOCALE DI ROMA CAPITALE;2026;31/03/2026;In carico a ente esterno;false;true;POLIZIA LOCALE DI ROMA CAPITALE;false
POLIZIA LOCALE DI ROMA CAPITALE;2026;31/03/2026;In carico a ente esterno;false;true;POLIZIA LOCALE DI ROMA CAPITALE;false
POLIZIA LOCALE DI ROMA CAPITALE;2026;31/03/2026;In carico a ente esterno;false;true;POLIZIA LOCALE DI ROMA CAPITALE;false
POLIZIA LOCALE DI ROMA CAPITALE;2026;31/03/2026;In carico a ente esterno;false;true;POLIZIA LOCALE DI ROMA CAPITALE;false
POLIZIA LOCALE DI ROMA CAPITALE;2026;31/03/2026;In carico a ente esterno;false;true;POLIZIA LOCALE DI ROMA CAPITALE;false
POLIZIA LOCALE DI ROMA CAPITALE;2026;31/03/2026;In carico a ente esterno;false;true;POLIZIA LOCALE DI ROMA CAPITALE;false
CHIAMAROMA 060606;2026;31/03/2026;In carico a ente esterno;false;true;POLIZIA LOCALE DI ROMA CAPITALE;true
CHIAMAROMA 060606;2026;31/03/2026;In carico a ente esterno;false;true;POLIZIA LOCALE DI ROMA CAPITALE;true
CHIAMAROMA 060606;2026;31/03/2026;In carico a ente esterno;false;true;POLIZIA LOCALE DI ROMA CAPITALE;true
CHIAMAROMA 060606;2026;31/03/2026;Risolto al secondo livello;false;false;;false
CHIAMAROMA 060606;2026;31/03/2026;In carico a ente esterno;false;true;POLIZIA LOCALE DI ROMA CAPITALE;true
BACK OFFICE ROMA CAPITALE;2026;31/03/2026;Risolto al secondo livello;false;false;;false
CHIAMAROMA 060606;2026;31/03/2026;In carico a ente esterno;false;true;POLIZIA LOCALE DI ROMA CAPITALE;true
CHIAMAROMA 060606;2026;31/03/2026;Risolto al secondo livello;false;false;;false
CHIAMAROMA 060606;2026;31/03/2026;In carico a ente esterno;false;true;POLIZIA LOCALE DI ROMA CAPITALE;true
CHIAMAROMA 060606;2026;31/03/2026;Risolto al secondo livello;false;false;;false
GABINETTO DEL SINDACO;2026;31/03/2026;In carico a ente esterno;false;true;POLIZIA LOCALE DI ROMA CAPITALE;false
CHIAMAROMA 060606;2026;31/03/2026;Risolto al secondo livello;false;false;;false
CHIAMAROMA 060606;2026;31/03/2026;Risolto al secondo livello;false;false;;false
GABINETTO DEL SINDACO;2026;31/03/2026;Non più necessario;false;false;;false
CHIAMAROMA 060606;2026;31/03/2026;Risolto al secondo livello;false;false;;false
CHIAMAROMA 060606;2026;31/03/2026;Risolto al secondo livello;false;false;;false
MUNICIPIO II;2026;31/03/2026;Risolto al secondo livello;false;false;;false
CHIAMAROMA 060606;2026;31/03/2026;Risolto al primo livello;false;false;;false
CHIAMAROMA 060606;2026;31/03/2026;In carico a ente esterno;false;true;POLIZIA LOCALE DI ROMA CAPITALE;true
GABINETTO DEL SINDACO;2026;31/03/2026;Non più necessario;false;false;;false
MUNICIPIO II;2026;31/03/2026;Risolto al secondo livello;false;false;;false
POLIZIA LOCALE DI ROMA CAPITALE;2026;31/03/2026;In carico a ente esterno;false;true;POLIZIA LOCALE DI ROMA CAPITALE;false
GABINETTO DEL SINDACO;2026;31/03/2026;Non più necessario;false;false;;false
CHIAMAROMA 060606;2026;31/03/2026;In carico a ente esterno;false;true;POLIZIA LOCALE DI ROMA CAPITALE;true
CHIAMAROMA 060606;2026;31/03/2026;In carico a ente esterno;false;true;POLIZIA LOCALE DI ROMA CAPITALE;true
MUNICIPIO XIV;2026;31/03/2026;Risolto al secondo livello;false;false;;false
MUNICIPIO XIII;2026;31/03/2026;Risolto al secondo livello;false;false;;false
CHIAMAROMA 060606;2026;31/03/2026;In carico a ente esterno;false;true;POLIZIA LOCALE DI ROMA CAPITALE;true
CHIAMAROMA 060606;2026;31/03/2026;In carico a ente esterno;false;true;POLIZIA LOCALE DI ROMA CAPITALE;true
CHIAMAROMA 060606;2026;31/03/2026;In carico a ente esterno;false;true;POLIZIA LOCALE DI ROMA CAPITALE;true
CHIAMAROMA 060606;2026;31/03/2026;In carico a ente esterno;false;true;POLIZIA LOCALE DI ROMA CAPITALE;true
CHIAMAROMA 060606;2026;31/03/2026;Risolto al secondo livello;false;false;;false
CHIAMAROMA 060606;2026;31/03/2026;In carico a ente esterno;false;true;POLIZIA LOCALE DI ROMA CAPITALE;true
CHIAMAROMA 060606;2026;31/03/2026;In carico a ente esterno;false;true;POLIZIA LOCALE DI ROMA CAPITALE;true
CHIAMAROMA 060606;2026;31/03/2026;In carico a ente esterno;false;true;POLIZIA LOCALE DI ROMA CAPITALE;true
CHIAMAROMA 060606;2026;31/03/2026;Risolto al secondo livello;false;true;AMA;false
CHIAMAROMA 060606;2026;31/03/2026;Risolto al secondo livello;false;false;;false
CHIAMAROMA 060606;2026;31/03/2026;Risolto al primo livello;false;false;;false
CHIAMAROMA 060606;2026;31/03/2026;Risolto al secondo livello;false;false;;false
CHIAMAROMA 060606;2026;31/03/2026;In carico a ente esterno;false;true;POLIZIA LOCALE DI ROMA CAPITALE;true
CHIAMAROMA 060606;2026;31/03/2026;In carico a ente esterno;false;true;POLIZIA LOCALE DI ROMA CAPITALE;true
CHIAMAROMA 060606;2026;31/03/2026;Risolto al primo livello;false;false;;false
CHIAMAROMA 060606;2026;31/03/2026;Risolto al secondo livello;false;false;;false
BACK OFFICE ROMA CAPITALE;2026;31/03/2026;In carico a ente esterno;false;true;POLIZIA LOCALE DI ROMA CAPITALE;false
CHIAMAROMA 060606;2026;31/03/2026;In carico a ente esterno;false;true;POLIZIA LOCALE DI ROMA CAPITALE;true
POLIZIA LOCALE DI ROMA CAPITALE;2026;31/03/2026;In carico a ente esterno;false;true;POLIZIA LOCALE DI ROMA CAPITALE;false
POLIZIA LOCALE DI ROMA CAPITALE;2026;31/03/2026;In carico a ente esterno;false;true;POLIZIA LOCALE DI ROMA CAPITALE;false
POLIZIA LOCALE DI ROMA CAPITALE;2026;31/03/2026;In carico a ente esterno;false;true;POLIZIA LOCALE DI ROMA CAPITALE;false
POLIZIA LOCALE DI ROMA CAPITALE;2026;31/03/2026;In carico a ente esterno;false;true;POLIZIA LOCALE DI ROMA CAPITALE;false
POLIZIA LOCALE DI ROMA CAPITALE;2026;31/03/2026;In carico a ente esterno;false;true;POLIZIA LOCALE DI ROMA CAPITALE;false
POLIZIA LOCALE DI ROMA CAPITALE;2026;31/03/2026;In carico a ente esterno;false;true;POLIZIA LOCALE DI ROMA CAPITALE;false
POLIZIA LOCALE DI ROMA CAPITALE;2026;31/03/2026;In carico a ente esterno;false;true;POLIZIA LOCALE DI ROMA CAPITALE;false
POLIZIA LOCALE DI ROMA CAPITALE;2026;31/03/2026;In carico a ente esterno;false;true;POLIZIA LOCALE DI ROMA CAPITALE;false
BACK OFFICE ROMA CAPITALE;2026;31/03/2026;In carico a ente esterno;false;true;POLIZIA LOCALE DI ROMA CAPITALE;false
BACK OFFICE ROMA CAPITALE;2026;31/03/2026;In carico a ente esterno;false;true;POLIZIA LOCALE DI ROMA CAPITALE;false
MUNICIPIO X;2026;31/03/2026;Risolto al secondo livello;false;false;;false
CHIAMAROMA 060606;2026;31/03/2026;Risolto al primo livello;false;false;;false
CHIAMAROMA 060606;2026;31/03/2026;Non lavorabile o dati insufficienti;false;false;;false
CHIAMAROMA 060606;2026;31/03/2026;In carico a ente esterno;false;true;POLIZIA LOCALE DI ROMA CAPITALE;true
CHIAMAROMA 060606;2026;31/03/2026;Risolto al primo livello;false;false;;false
CHIAMAROMA 060606;2026;31/03/2026;Risolto al primo livello;false;false;;false
CHIAMAROMA 060606;2026;31/03/2026;Risolto da Ente Esterno;false;true;AMA;false
MUNICIPIO II;2026;31/03/2026;Risolto da Ente Esterno;false;true;AMA;false
CHIAMAROMA 060606;2026;31/03/2026;Risolto da Ente Esterno;false;true;AMA;false
CHIAMAROMA 060606;2026;31/03/2026;Risolto da Ente Esterno;false;true;AMA;false
CHIAMAROMA 060606;2026;31/03/2026;Risolto da Ente Esterno;false;true;AMA;false
CHIAMAROMA 060606;2026;31/03/2026;Risolto da Ente Esterno;false;true;AMA;false
;2026;31/03/2026;Risolto da Ente Esterno;false;true;AMA;false
CHIAMAROMA 060606;2026;31/03/2026;Risolto da Ente Esterno;false;true;AMA;false
CHIAMAROMA 060606;2026;31/03/2026;Risolto da Ente Esterno;false;true;AMA;false
CHIAMAROMA 060606;2026;31/03/2026;Risolto da Ente Esterno;false;true;AMA;false
CHIAMAROMA 060606;2026;31/03/2026;Risolto da Ente Esterno;false;true;AMA;false
CHIAMAROMA 060606;2026;31/03/2026;In carico a ente esterno;false;true;POLIZIA LOCALE DI ROMA CAPITALE;true
CHIAMAROMA 060606;2026;31/03/2026;Non più necessario;false;false;;false
POLIZIA LOCALE DI ROMA CAPITALE;2026;31/03/2026;In carico a ente esterno;false;true;POLIZIA LOCALE DI ROMA CAPITALE;false
POLIZIA LOCALE DI ROMA CAPITALE;2026;31/03/2026;In carico a ente esterno;false;true;POLIZIA LOCALE DI ROMA CAPITALE;false
POLIZIA LOCALE DI ROMA CAPITALE;2026;31/03/2026;In carico a ente esterno;false;true;POLIZIA LOCALE DI ROMA CAPITALE;false
;2026;31/03/2026;Risolto al primo livello;false;false;;false
CHIAMAROMA 060606;2026;31/03/2026;In carico a ente esterno;false;true;POLIZIA LOCALE DI ROMA CAPITALE;true
CHIAMAROMA 060606;2026;31/03/2026;Risolto al secondo livello;false;false;;false
CHIAMAROMA 060606;2026;31/03/2026;Risolto al secondo livello;false;false;;false
CHIAMAROMA 060606;2026;31/03/2026;In carico a ente esterno;false;true;POLIZIA LOCALE DI ROMA CAPITALE;true
DIPARTIMENTO TUTELA AMBIENTALE;2026;31/03/2026;Risolto al secondo livello;false;false;;false
CHIAMAROMA 060606;2026;31/03/2026;Risolto al secondo livello;false;false;;false
CHIAMAROMA 060606;2026;31/03/2026;Risolto al secondo livello;false;false;;false
CHIAMAROMA 060606;2026;31/03/2026;Risolto al secondo livello;false;false;;false
CHIAMAROMA 060606;2026;31/03/2026;Risolto al secondo livello;false;false;;false
DIPARTIMENTO TUTELA AMBIENTALE;2026;31/03/2026;Risolto al secondo livello;false;false;;false
DIPARTIMENTO TUTELA AMBIENTALE;2026;31/03/2026;Risolto al secondo livello;false;false;;false
CHIAMAROMA 060606;2026;31/03/2026;In carico a ente esterno;false;true;POLIZIA LOCALE DI ROMA CAPITALE;true
CHIAMAROMA 060606;2026;31/03/2026;In carico a ente esterno;false;true;POLIZIA LOCALE DI ROMA CAPITALE;true
CHIAMAROMA 060606;2026;31/03/2026;Non più necessario;false;false;;false
POLIZIA LOCALE DI ROMA CAPITALE;2026;31/03/2026;In carico a ente esterno;false;true;POLIZIA LOCALE DI ROMA CAPITALE;false
POLIZIA LOCALE DI ROMA CAPITALE;2026;31/03/2026;In carico a ente esterno;false;true;POLIZIA LOCALE DI ROMA CAPITALE;false
POLIZIA LOCALE DI ROMA CAPITALE;2026;31/03/2026;In carico a ente esterno;false;true;POLIZIA LOCALE DI ROMA CAPITALE;false
CHIAMAROMA 060606;2026;31/03/2026;In carico a ente esterno;false;true;POLIZIA LOCALE DI ROMA CAPITALE;true
CHIAMAROMA 060606;2026;31/03/2026;Risolto al primo livello;false;false;;false
MUNICIPIO I;2026;31/03/2026;Risolto al secondo livello;false;false;;false
CHIAMAROMA 060606;2026;31/03/2026;In carico a ente esterno;false;true;POLIZIA LOCALE DI ROMA CAPITALE;true
MUNICIPIO I;2026;31/03/2026;Non lavorabile o dati insufficienti;false;false;;false
DIPARTIMENTO TUTELA AMBIENTALE;2026;31/03/2026;Risolto al secondo livello;false;false;;false
DIPARTIMENTO TUTELA AMBIENTALE;2026;31/03/2026;Risolto al secondo livello;false;false;;false
CHIAMAROMA 060606;2026;31/03/2026;In carico a ente esterno;false;true;POLIZIA LOCALE DI ROMA CAPITALE;true
CHIAMAROMA 060606;2026;31/03/2026;In carico a ente esterno;false;true;POLIZIA LOCALE DI ROMA CAPITALE;true
CHIAMAROMA 060606;2026;31/03/2026;In carico a ente esterno;false;true;POLIZIA LOCALE DI ROMA CAPITALE;true
CHIAMAROMA 060606;2026;31/03/2026;In carico a ente esterno;false;true;POLIZIA LOCALE DI ROMA CAPITALE;true
POLIZIA LOCALE DI ROMA CAPITALE;2026;31/03/2026;In carico a ente esterno;false;true;POLIZIA LOCALE DI ROMA CAPITALE;false
CHIAMAROMA 060606;2026;31/03/2026;In carico a ente esterno;false;true;POLIZIA LOCALE DI ROMA CAPITALE;true
CHIAMAROMA 060606;2026;31/03/2026;In carico a ente esterno;false;true;POLIZIA LOCALE DI ROMA CAPITALE;true
CHIAMAROMA 060606;2026;31/03/2026;In carico a ente esterno;false;true;POLIZIA LOCALE DI ROMA CAPITALE;true
POLIZIA LOCALE DI ROMA CAPITALE;2026;31/03/2026;Risolto al secondo livello;false;false;;false
CHIAMAROMA 060606;2026;31/03/2026;In carico a ente esterno;false;true;POLIZIA LOCALE DI ROMA CAPITALE;true
CHIAMAROMA 060606;2026;31/03/2026;In carico a ente esterno;false;true;POLIZIA LOCALE DI ROMA CAPITALE;true
CHIAMAROMA 060606;2026;31/03/2026;In carico a ente esterno;false;true;POLIZIA LOCALE DI ROMA CAPITALE;true
CHIAMAROMA 060606;2026;31/03/2026;Risolto da Ente Esterno;false;true;AMA;false
CHIAMAROMA 060606;2026;31/03/2026;Risolto da Ente Esterno;false;true;AMA;false
CHIAMAROMA 060606;2026;31/03/2026;Risolto da Ente Esterno;false;true;AMA;false
CHIAMAROMA 060606;2026;31/03/2026;Risolto da Ente Esterno;false;true;AMA;false
CHIAMAROMA 060606;2026;31/03/2026;Risolto da Ente Esterno;false;true;AMA;false
CHIAMAROMA 060606;2026;31/03/2026;Risolto da Ente Esterno;false;true;AMA;false
CHIAMAROMA 060606;2026;31/03/2026;Risolto da Ente Esterno;false;true;AMA;false
CHIAMAROMA 060606;2026;31/03/2026;Risolto da Ente Esterno;false;true;AMA;false
CHIAMAROMA 060606;2026;31/03/2026;Risolto da Ente Esterno;false;true;AMA;false
CHIAMAROMA 060606;2026;31/03/2026;In carico a ente esterno;false;true;POLIZIA LOCALE DI ROMA CAPITALE;true
POLIZIA LOCALE DI ROMA CAPITALE;2026;31/03/2026;In carico a ente esterno;false;true;POLIZIA LOCALE DI ROMA CAPITALE;false
POLIZIA LOCALE DI ROMA CAPITALE;2026;31/03/2026;In carico a ente esterno;false;true;POLIZIA LOCALE DI ROMA CAPITALE;false
POLIZIA LOCALE DI ROMA CAPITALE;2026;31/03/2026;In carico a ente esterno;false;true;POLIZIA LOCALE DI ROMA CAPITALE;false
POLIZIA LOCALE DI ROMA CAPITALE;2026;31/03/2026;In carico a ente esterno;false;true;POLIZIA LOCALE DI ROMA CAPITALE;false
POLIZIA LOCALE DI ROMA CAPITALE;2026;31/03/2026;In carico a ente esterno;false;true;POLIZIA LOCALE DI ROMA CAPITALE;false
POLIZIA LOCALE DI ROMA CAPITALE;2026;31/03/2026;In carico a ente esterno;false;true;POLIZIA LOCALE DI ROMA CAPITALE;false
POLIZIA LOCALE DI ROMA CAPITALE;2026;31/03/2026;In carico a ente esterno;false;true;POLIZIA LOCALE DI ROMA CAPITALE;false
POLIZIA LOCALE DI ROMA CAPITALE;2026;31/03/2026;In carico a ente esterno;false;true;POLIZIA LOCALE DI ROMA CAPITALE;false
POLIZIA LOCALE DI ROMA CAPITALE;2026;31/03/2026;In carico a ente esterno;false;true;POLIZIA LOCALE DI ROMA CAPITALE;false
CHIAMAROMA 060606;2026;31/03/2026;In carico a ente esterno;false;true;POLIZIA LOCALE DI ROMA CAPITALE;true
CHIAMAROMA 060606;2026;31/03/2026;In carico a ente esterno;false;true;POLIZIA LOCALE DI ROMA CAPITALE;true
CHIAMAROMA 060606;2026;31/03/2026;In carico a ente esterno;false;true;POLIZIA LOCALE DI ROMA CAPITALE;true
POLIZIA LOCALE DI ROMA CAPITALE;2026;31/03/2026;In carico a ente esterno;false;true;POLIZIA LOCALE DI ROMA CAPITALE;false
POLIZIA LOCALE DI ROMA CAPITALE;2026;31/03/2026;In carico a ente esterno;false;true;POLIZIA LOCALE DI ROMA CAPITALE;false
CHIAMAROMA 060606;2026;31/03/2026;In carico a ente esterno;false;true;POLIZIA LOCALE DI ROMA CAPITALE;true
CHIAMAROMA 060606;2026;31/03/2026;Risolto da Ente Esterno;false;true;AMA;false
DIPARTIMENTO TUTELA AMBIENTALE;2026;31/03/2026;Risolto da Ente Esterno;false;true;AMA;false
CHIAMAROMA 060606;2026;31/03/2026;Risolto da Ente Esterno;false;true;AMA;false
POLIZIA LOCALE DI ROMA CAPITALE;2026;31/03/2026;In carico a ente esterno;false;true;POLIZIA LOCALE DI ROMA CAPITALE;false
POLIZIA LOCALE DI ROMA CAPITALE;2026;31/03/2026;In carico a ente esterno;false;true;POLIZIA LOCALE DI ROMA CAPITALE;false
POLIZIA LOCALE DI ROMA CAPITALE;2026;31/03/2026;In carico a ente esterno;false;true;POLIZIA LOCALE DI ROMA CAPITALE;false
POLIZIA LOCALE DI ROMA CAPITALE;2026;31/03/2026;In carico a ente esterno;false;true;POLIZIA LOCALE DI ROMA CAPITALE;false
POLIZIA LOCALE DI ROMA CAPITALE;2026;31/03/2026;In carico a ente esterno;false;true;POLIZIA LOCALE DI ROMA CAPITALE;false
POLIZIA LOCALE DI ROMA CAPITALE;2026;31/03/2026;In carico a ente esterno;false;true;POLIZIA LOCALE DI ROMA CAPITALE;false
POLIZIA LOCALE DI ROMA CAPITALE;2026;31/03/2026;In carico a ente esterno;false;true;POLIZIA LOCALE DI ROMA CAPITALE;false
POLIZIA LOCALE DI ROMA CAPITALE;2026;31/03/2026;In carico a ente esterno;false;true;POLIZIA LOCALE DI ROMA CAPITALE;false
POLIZIA LOCALE DI ROMA CAPITALE;2026;31/03/2026;In carico a ente esterno;false;true;POLIZIA LOCALE DI ROMA CAPITALE;false
POLIZIA LOCALE DI ROMA CAPITALE;2026;31/03/2026;In carico a ente esterno;false;true;POLIZIA LOCALE DI ROMA CAPITALE;false
POLIZIA LOCALE DI ROMA CAPITALE;2026;31/03/2026;In carico a ente esterno;false;true;POLIZIA LOCALE DI ROMA CAPITALE;false
